Content,Video title,Video publish time,Duration,Impressions,Impressions click-through rate (%),Average views per viewer,New viewers,Subscribers gained,Subscribers lost,Likes,Shares,Comments added,Views,Watch time (hours),Average view duration
hOf7m31ZvgQ,SUGARCANE - Leonora (Official Lyric Video),30-Mar-23,235,191598507,8.14,,,50642,1166,139365,226724,2817,36513253,1985592.122,0:03:15
e_my_QCalLI,SUGARCANE - Leonora (Official Music Video),14-Apr-23,298,122648350,5.85,,,45223,869,121705,46044,2462,13935088,797371.135,0:03:25
GsU4LYHeoUU,"SUGARCANE - Paalam, Leonora (Official Lyric Visualizer)",27-Apr-23,264,18724150,7.62,,,10067,177,32034,22462,773,2956969,160882.5557,0:03:15
gsYQX9lDkBw,SUGARCANE - Kung Maging Akin Ka (Official Lyric Video),13-Feb-21,254,14740985,7.95,,,6879,111,19155,27744,837,2891517,167984.1115,0:03:29
JmwJUB5TEbo,SUGARCANE - Leonora (Lyrics),13-Dec-23,232,13724747,9.45,,,0,0,7160,14949,177,2733533,140982.2018,0:03:05
Rw8x2trAZZ0,SUGARCANE - Dalangin (Official Lyrics & Chords),31-Jul-21,343,12141725,8,,,7210,113,17089,19228,552,2149921,152970.1698,0:04:16
EBqRQKbJA9g,"SUGARCANE, JC Herrero - Paruparo (Official Lyrics & Chords)",7-Jul-22,297,9399638,8.68,,,5045,66,11520,19674,368,1578276,98156.315,0:03:43
xQDZ4SjYVkk,SUGARCANE - Gunita (Official Lyric Video),5-Jul-20,332,8400601,8.22,,,5201,71,13738,15330,645,1518975,105761.6888,0:04:10
MrDnh6CACCk,"SUGARCANE, JC Herrero - Paruparo (Official Music Video)",16-Jul-22,304,7434792,7.74,,,6128,87,18570,7476,703,930504,44966.6751,0:02:53
_pOmGWTmuek,Leonora,30-Mar-23,235,6141837,5.91,,,23,0,47236,13223,181,6793812,327186.5992,0:02:53
BUxdzinLdLM,"SUGARCANE, Angelica Gantang - Sinehan (Official Music Video)",24-Sep-23,217,4850453,7,,,3282,42,15270,3466,594,508718,17953.5511,0:02:07
fZOMwXxQmqs,SUGARCANE - Maria Clara (Official Lyric Video),7-Mar-24,274,4201973,7.52,,,2302,37,9596,8385,353,643878,35279.3764,0:03:17
rehKbRxoxTo,SUGARCANE - Maria Clara (Official Music Video),22-Mar-24,278,3237013,7.04,,,2305,60,8651,3298,247,571957,27261.3604,0:02:51
akq03K3qGPQ,Leonora (Lyrics) - Sugarcane,24-Jul-23,232,3049213,7.39,,,0,0,1518,2117,24,434551,20379.7328,0:02:48
zUI2DdV2anI,Kung Maging Akin Ka,10-Mar-22,254,2962120,6.41,,,243,9,14095,6947,138,1562428,79761.7871,0:03:03
YkKJclV7viE,Dalangin,10-Mar-22,342,2950673,6.17,,,28,1,8108,3736,100,862218,55651.9026,0:03:52
0OxubinizpE,Sugarcane - Leonora - We Play Here Live,9-Jun-23,250,2711367,4.96,,,0,0,2737,696,70,321412,17475.7877,0:03:15
keG9p9k3Ff8,SUGARCANE - Leonora (Official Instrumental/Karaoke),22-Apr-23,231,2689812,15.76,,,1877,36,7430,32137,121,520963,17611.9389,0:02:01
vkHm5QbiocA,SUGARCANE - Tanging Ikaw (Official Lyric Visualizer),30-Jan-25,183,2479415,9.06,,,2167,40,11611,9041,482,1046360,33298.5018,0:01:54
k6KDDSfzNlY,SUGARCANE - Gabi (Official Lyric Video),1-Feb-20,226,2467952,9.6,,,1987,49,5747,6749,310,506952,23024.7431,0:02:43
_GdOhSZNlMU,Paruparo,7-Jul-22,297,1868958,6.6,,,166,5,11731,4299,108,1123899,64292.4667,0:03:25
GP3nyBDsQaI,Leonora   Sugarcane (Lyrics),4-Aug-23,233,1849688,6.97,,,0,0,720,1057,11,287623,13885.2159,0:02:53
KFG4be-m_LU,"Paalam, Leonora",27-Apr-23,260,1441793,6.9,,,0,0,13265,3439,130,1330500,67389.1874,0:03:02
bOfg_TvuqqY,Leonora (Live at The Cozy Cove) https://youtu.be/bgGNtj2ubcM,22-Jun-23,58,1403036,1.74,,,181,7,2495,114,26,42165,414.2707,0:00:36
AjgbJeYUEhU,SUGARCANE - Bituin (Official Lyric Video),25-Jul-19,199,1370555,8.92,,,1067,24,3700,4371,182,286235,12584.3035,0:02:38
AQF2wFy8cVc,SUGARCANE - Leonora (Official Guitar Chords),20-Apr-23,237,1367001,12.68,,,1137,24,4149,1452,118,212293,6079.2824,0:01:43
EQxz6zL9RFI,SUGARCANE - Leonora (Official Flute Notes),30-Apr-23,231,1234495,9.64,,,1372,26,4721,1855,172,172297,5333.5095,0:01:51
2QMGl988H1s,Leonora - Sugarcane (karaoke version),1-Aug-23,239,1207186,14.74,,,0,0,592,770,11,206782,8328.5863,0:02:24
a3J1bDtNyU8,SUGARCANE - Reside [ft. Angel] (Official Lyric Video),20-Dec-20,279,1001055,8.49,,,616,8,3016,3086,260,192352,11057.3563,0:03:26
2AB-Jmon_mQ,"SUGARCANE, Angelica Gantang - Sinehan (Official Lyric Video)",21-Sep-23,197,984922,7.4,,,569,7,2911,2644,207,145193,6614.5254,0:02:44
Ej63qEIRnpU,SUGARCANE - Lagi Na Lang (Official Lyric Visualizer),7-Nov-24,250,895088,6.31,,,559,7,2765,1873,182,154630,8203.7028,0:03:10
ipnJvVYChjI,Gunita,10-Mar-22,329,824046,4.69,,,4,0,3514,1595,25,404991,25948.7142,0:03:50
1cnvopHH5vo,"SUGARCANE - Paalam, Leonora (Official Guitar Chords)",23-Jun-23,260,698877,6.87,,,303,8,1446,558,54,64511,2276.2483,0:02:07
2gztejvb-YQ,SUGARCANE - Set You Free (Official Audio),23-Nov-23,278,643974,5.45,,,182,2,969,853,66,87679,5162.3259,0:03:31
Mlx4aXDEXBg,SUGARCANE- LEONORA (LYRICS),2-Oct-23,230,616322,7.9,,,0,0,220,522,2,100724,4662.3782,0:02:46
NvLyyyuB8Yc,Sugarcane - Pagbigyan (Official Music Video),26-Jul-24,290,580889,5.21,,,275,2,1912,776,154,68870,3376.0135,0:02:56
Ni8gOu4a7Yg,Leonora,27-Apr-23,235,558871,3.92,,,0,0,3420,562,12,598851,27425.8537,0:02:44
HxwXU6WTUDQ,Leonora üî• #shorts #leonora #davecarlos,8-Sep-23,46,541701,1.31,,,0,0,642,25,25,12722,83.5028,0:00:25
WBKEoCpr33o,SUGARCANE - Paruparo (Official Instrumental/Karaoke),23-Jul-22,297,538605,9.1,,,229,4,685,1045,19,61184,2399.3196,0:02:21
NQBRpBlCzvE,SUGARCANE feat. Jikamarie - Aking Maria Clara (Official Lyric Visualizer),23-May-24,251,527646,4.99,,,275,5,1588,851,115,70718,3160.3273,0:02:40
8ypKTFiLoXY,SUGARCANE/LEONORA,28-Aug-23,232,496763,5.4,,,0,0,100,146,0,46429,2092.1378,0:02:42
HrlouUIBk2M,SUGARCANE - Leonora (starring Klay and Fidel of Maria Clara at Ibarra) FMV,24-Jun-23,240,413429,6.54,,,0,0,552,149,15,43548,1753.1321,0:02:24
mu9D2TJG7C8,SUGARCANE - Dalangin (Official Instrumental/Karaoke),1-Aug-21,342,395120,8.39,,,239,8,734,716,23,55162,1884.8859,0:02:03
SPe1-l05MlE,Gunita - Sugarcane (lyrics) | MALyrics,18-Sep-21,330,388460,11.85,,,0,0,408,1025,11,77577,4502.5036,0:03:28
_PnBjv7uv3s,SUGARCANE - Kung Maging Akin Ka (Official Instrumental/Karaoke),30-Jul-21,254,387588,10.21,,,253,4,966,931,39,50237,1942.8811,0:02:19
vY9G3NbEyLU,#song #leonora #musica,9-Jun-23,61,368921,3.9,,,0,0,637,116,6,22225,265.2373,0:00:48
uT7VxKrKTi0,SUGARCANE - Paruparo (Official Guitar Chords),20-Jul-22,299,348412,5.79,,,130,2,629,168,19,27155,1249.1702,0:02:45
5sDcsv9PzBk,Leonora - Sugarcane (Lyrics) #leonora #lyrics #sugarcane  #opm,16-Jul-23,230,343002,9.98,,,0,0,187,289,10,61951,3038.0771,0:02:56
gYj6SadNK8Y,SUGARCANE - Leonora (Lead Guitar Playthrough),3-May-23,42,337099,6.5,,,78,1,503,133,28,25735,219.6676,0:00:30
lUIQWNk_djg,Uhaw - Dilaw #fypmusic #dilaw #uhaw #uhawtayonglahat,13-Mar-23,61,308849,3.14,,,76,2,776,54,11,24261,251.2039,0:00:37
p36OA968Z9M,Ang pagbabalik ng SUGARCANE sa Youtube Shorts,10-Sep-23,31,294045,1.42,,,23,0,445,6,8,7145,38.6863,0:00:19
MJPyA1rAqPc,LOOK HOW GENTLE ANDRES WHEN IT COMES TO HIS GIRLFRIEND ü§≠üëÄ#ashdres,27-Apr-25,29,293702,11.05,,,0,0,6104,161,18,186005,649.3638,0:00:22
u5gecXDsigg,SUGARCANE - Leonora (Keyboard Playthrough),20-May-23,149,285515,4.13,,,53,1,404,106,13,17183,270.3575,0:00:56
5Jp6BaWEYD8,Sugarcane - Pagbigyan (Official Lyric Video),7-Sep-24,285,272582,5.81,,,82,1,696,528,43,34418,1906.738,0:03:19
5yzQnL0cDk0,SUGARCANE - Gunita (Official Instrumental/Karaoke),25-Jul-20,329,263184,9.06,,,109,2,530,814,116,29664,1245.3503,0:02:31
oTr3uOMrZQo,SUGARCANE - Paruparo (Official Lead Guitar Tabs),1-Aug-22,299,252412,3.44,,,71,2,272,76,13,11064,293.9868,0:01:35
#NAME?,Sugarcane - Pagbigyan (Official Audio),25-Jul-24,285,234171,4.06,,,108,1,859,406,106,17819,950.4944,0:03:12
OEhfXE359To,Leonora Solo | Sugarcane #shorts,13-May-23,44,223759,1.23,,,0,0,205,8,3,6243,36.7662,0:00:22
LAo4KBYreu4,Kung maging akin ka (lyrics) - Sugarcane,11-Dec-22,255,221457,7.77,,,0,0,191,439,5,29104,1416.6198,0:02:55
SdwZbxVGteY,Leonora (Lyrics) | By: Sugarcane,21-Dec-23,235,220109,5.58,,,0,0,52,47,1,23538,1075.5919,0:02:44
ian-_SiH3-o,FranSeth super comfy na talaga sa isa't isa üíô Francine Diaz | Seth Fedelin,3-Oct-23,16,215884,6.71,,,0,0,4468,32,42,56065,274.2765,0:00:18
y-oFGpW0lGo,Oo - UDD | Garden Sessions,17-May-23,61,212688,1.7,,,23,0,310,8,5,6430,44.4813,0:00:25
g1cFcSarLRA,Leonora/Sugarcane,20-Jun-23,39,212103,1.43,,,0,0,97,7,0,5944,32.8793,0:00:22
tm7fRlt0jt8,SUGARCANE - Maria Clara (Official Instrumental/Karaoke),10-May-24,275,197643,6.51,,,43,0,334,856,15,17952,451.7383,0:01:30
vgwU-nIBQaQ,Sugarcane - Pagbigyan feat. Gian of Cup of Joe (Live at We Play Here UP),7-Nov-24,335,193731,5.04,,,75,1,551,177,23,17555,1116.9123,0:03:49
zkINZkApD24,SUGARCANE - Rainbow | ¬© South Border,18-Oct-21,311,189090,4.07,,,90,4,520,53,48,10920,326.5281,0:01:47
4e6Qqx7aQQ4,SUGARCANE - Maria Clara (Official Music Video - BTS),13-Apr-24,129,187580,4.24,,,30,1,282,54,15,12682,161.8094,0:00:45
1Pyj2p9OK8k,OUT NOW! https://youtu.be/BUxdzinLdLM?si=xcF3fdqgpx5Vs2R_,24-Sep-23,29,182009,0.82,,,9,0,158,3,1,2150,8.9071,0:00:15
8KRTmSyW0sI,Paruparo (lyrics) Sugarcane & JC Herrero,26-Nov-22,302,179264,10.74,,,0,0,165,284,0,30431,1709.5536,0:03:22
hMS4Z6Z1wAo,Sugarcane - Kwentong Sinehan Ft. Francine Diaz,10-Oct-23,452,178255,4.2,,,99,3,726,59,45,10065,417.1819,0:02:29
NALK8z36zYg,Maria Clara At Ibarra - Leonora | Clarisostomo FMV,3-Jul-23,223,178007,10.03,,,0,0,529,656,13,25658,739.9821,0:01:43
5QMcl3nktj4,Bituin (Live) | from UP Fair: Cosmic Clash 2021 (Stand with Farmers),11-Feb-21,204,173626,4.18,,,89,4,467,64,53,12620,450.1431,0:02:08
fTA4-h8c0Qk,SUGARCANE - Sinehan (Official Instrumental/Karaoke),7-Oct-23,200,171588,4.44,,,35,3,182,144,12,9782,271.8273,0:01:40
zEipacYBckY,"Paalam, Leonora | Sugarcane (Lyrics)",20-Jul-23,266,159666,12.88,,,0,0,170,491,5,30553,1585.5557,0:03:06
CRsgJrc-6eg,SUGARCANE - Reside [ft. Angel] (Official Instrumental/Karaoke),10-Feb-21,279,153339,4.64,,,37,3,218,212,20,9090,270.0874,0:01:46
_67ogpekd-4,Leonora (MV) | Official Trailer | 04-14-23 | 8PM,12-Apr-23,16,146813,4.14,,,71,0,415,83,23,24324,77.9692,0:00:11
5wHB2p5wUDM,Leonora - SUGARCANE üòçüíñ #shorts #leonora #sugarcane #opmcover  #shortscoversong #shortscover #opm,1-May-23,40,146332,1.41,,,0,0,104,3,1,4314,18.1408,0:00:15
HgYJOkwiFRQ,Horses in Kalesa üáµüá≠ #travel #kabayo #kalesa #manila #philippines #fyp #fyp„Ç∑ #trees,17-Sep-23,16,146233,2.05,,,0,0,225,10,3,18396,59.5602,0:00:16
Fxyaqk9E_RE,SUGARCANE - Sinehan (Flute Playthrough),11-Nov-23,75,140977,3.44,,,18,3,82,22,3,5762,41.85,0:00:26
xcWC_TIm_ms,SUGARCANE - leonora (lyrics),30-Dec-23,223,139108,4.73,,,0,0,29,41,1,12221,502.3811,0:02:27
hCWcY5f2fHk,"‚ÄúùêåùêÄùêëùêàùêÄ ùêÇùêãùêÄùêëùêÄ‚Äù ùêåùêîùêíùêàùêÇ ùêïùêàùêÉùêÑùêé, ùêéùêîùêì ùêçùêéùêñ! üíÉüèΩ youtu.be/rehKbRxoxTo",25-Mar-24,15,138854,1.36,,,12,0,162,5,7,3403,12.2157,0:00:13
zVSZpoDnXVo,SUGARCANE - Gabi (Official Instrumental/Karaoke),1-Mar-20,228,138398,6.89,,,47,1,244,193,2,12231,349.7782,0:01:42
lN-FoVNuV0I,SUGARCANE - Sinehan (Piano Playthrough),15-Oct-23,176,133187,2.03,,,17,4,112,32,9,4360,89.8971,0:01:14
#NAME?,Sugarcane - Leonora (Lyric Video),29-Jul-23,235,132802,7.05,,,0,0,46,73,1,15177,707.0073,0:02:47
hmR2BC8ciaA,SUGARCANE - Tanging Ikaw (Harana Ver.),3-Jul-25,181,123373,6.11,,,53,3,549,225,46,17060,600.1416,0:02:06
l5Rlvnye568,SUGARCANE - Maria Clara (MV Teaser),21-Mar-24,18,121891,1.22,,,12,0,306,6,7,3495,15.4852,0:00:16
qHUOfwmStII,DALANGIN || Sugarcane (Lyrics),5-Jul-23,343,116265,8.67,,,0,0,85,185,0,15180,783.1279,0:03:05
TuicCKwBZSQ,my loveeeüíõüíõ #runcavmanagement @runcavmanagement5845 @rhajalanelabuanan9816,14-Jan-24,17,113790,0.86,,,0,0,936,2,11,10613,22.7378,0:00:07
E_VtfIWJPoo,Sugarcane - Set You Free (Warner 30th),27-Nov-23,278,113092,6.95,,,0,0,136,158,8,14741,837.301,0:03:24
vyaYwQYntNM,SUGARCANE - Maria Clara (Guitar Playthrough),5-Apr-24,274,112740,3.51,,,17,1,123,30,9,5120,115.6499,0:01:21
hT3NbsHW8Pk,SUGARCANE - Set You Free (Official Instrumental/Karaoke),10-Feb-24,277,112377,2.5,,,13,0,74,33,6,3853,122.9455,0:01:54
lzycDgyWj2U,SUGARCANE - Sinehan (Acoustic Guitar Playthrough),29-Oct-23,135,111877,3,,,14,4,130,14,3,4860,102.4088,0:01:15
lpSkJrNR4BY,Dalangin (lyrics) - Sugarcane,3-Dec-22,343,111665,7.35,,,0,0,101,156,4,13017,749.1349,0:03:27
ESqBzVZc8rk,Leonora flute coverüéß SUGARCANE Instrumental: https://youtu.be/keG9p9k3Ff8?si=l6a6hFIkXnJSaj0J,10-Jul-24,229,110041,8.61,,,0,0,401,346,27,12539,360.5232,0:01:43
iCwRkxNURP4,Leonora by Sugarcane,18-Dec-23,235,110021,7.39,,,0,0,40,69,0,16703,751.9094,0:02:42
fqVpq1OweWg,SUGARCANE feat. Jikamarie - Aking Maria Clara (Official Instrumental/Karaoke),2-Jul-24,268,109119,2.16,,,10,1,78,32,7,3212,43.8877,0:00:49
di6fRrTF0Is,Leonora - Sugarcane (A cover),7-Oct-23,235,106690,7.84,,,0,0,232,156,20,11358,385.4795,0:02:02
vsk-wCBjhmY,"Reside (Live) | from UP Political Society‚Äôs ‚ÄúDiwa ng Pasko: Handog sa Pilipino""",27-Dec-20,281,101934,2.36,,,12,2,161,22,22,3528,109.6692,0:01:51
xCvmrcDSqqI,SUGARCANE - Bituin (Official Instrumental/Karaoke),14-Mar-20,199,101465,6.09,,,35,0,187,130,11,8215,211.3568,0:01:32
Kxt1HfT3H2w,Leonora by @thesugarcaneph #live #music #opmsong #leonora #cover #opmsong,18-Jul-23,61,97326,1.51,,,0,0,121,16,5,3886,28.272,0:00:28
IUtnxcLKt-k,Leonora - Sugarcane #edit #lyrics,19-May-23,31,93560,0.9,,,0,0,87,23,3,2612,15.7293,0:00:25
CS7q0VYV07s,Bituin,10-Mar-22,200,93166,6.71,,,3,0,1401,512,9,178865,6996.0544,0:02:20
2wI4PVr_xE8,Kung Maging Akin Ka - Sugarcane (Guitar Cover),15-Feb-21,251,87669,10.27,,,0,0,431,80,48,12088,483.051,0:02:23
ewakdo_NcXo,Leonora - Sugarcane (Lyrics),15-Aug-23,233,86817,8.4,,,0,0,32,59,3,13652,647.3689,0:02:50
0-I8wry1dyA,SUGARCANE - Kung Maging Akin Ka [Lyrics],31-Jan-23,254,86063,9.64,,,0,0,70,173,6,14211,690.8688,0:02:55
02VmufsqSck,Reside,10-Mar-22,279,85096,5.81,,,1,0,899,345,5,91043,4877.8493,0:03:12
qdiCjYX4HYk,SUGARCANE - Sinehan (Lead Playthrough),12-Feb-24,108,85040,2.26,,,7,1,54,11,3,2674,29.8254,0:00:40
Zgq88-A0tuk,Sugarcane - Leonora ( Lyrics ),24-Jul-23,229,83221,7.91,,,0,0,23,28,1,10229,462.5342,0:02:42
saae8_uzfho,Bituin - Sugarcane (Lyric Video),27-Aug-22,199,83128,7.83,,,0,0,96,102,4,8837,247.9627,0:01:41
qFEUS_FiZMc,[Karaoke Version] Leonora - Sugarcane,23-Oct-23,250,82652,3.58,,,0,0,13,18,0,3347,95.3094,0:01:42
orQyVLrwweg,Sugarcane - Leonora (Lyrics),20-Jul-23,237,80757,7.83,,,0,0,56,32,4,10060,471.5845,0:02:48
JOZI6Hjbo7Y,Leonora by Sugarcane | Eb Alto Saxophone Sheet Music | Arranged by Ranz Bautista,31-Aug-23,238,79395,14.75,,,0,0,128,218,4,15050,474.9623,0:01:53
8ttDJfERKlM,SUGARCANE - Dalangin (Teaser),30-Jul-21,27,79022,2.41,,,6,3,169,24,51,2492,10.9723,0:00:15
6Lg4_YYoi_8,Leonora,25-Jul-23,31,78736,2.55,,,0,0,76,4,0,3649,17.7534,0:00:17
sbOHaxeyrAw,SUGARCANE - Leonora (Guitar Cover),7-May-24,34,78037,0.7,,,0,0,47,1,1,1512,6.8376,0:00:18
0aHejc51-cU,I LOVE THIS OFF CAM MOMENTS OF ASHDRESü§≠ü´∂üëÄTHEY ARE SO NATURAL AND REAL‚ÄºÔ∏è#ashdres,6-Apr-25,36,77648,8.65,,,0,0,3948,90,9,78805,298.843,0:00:23
PafWH2lNXmM,LEONORA | SUGARCANE (LYRICS) Ang Dating Tamis ng Pagsasama Nasan na?,19-Jul-23,239,77125,10.43,,,0,0,91,130,0,13569,614.207,0:02:42
s2HcyTz-WyM,Kayo lamang ang hiling na makasama,17-Apr-24,53,76485,2.93,,,10,1,183,7,8,3287,23.2054,0:00:25
ahJpLfpEX3k,SUGARCANE - Sinehan (Bass Playthrough),11-Feb-24,115,75624,1.31,,,1,0,37,2,4,1235,16.695,0:00:48
ikUEtz1B8uI,Gunita (Live) | from Project I-Give: An FB Live Event for COVID-19 Efforts,11-Jul-20,360,75016,6.23,,,121,2,376,85,47,7351,425.037,0:03:28
5rJkF6S8HsU,kung maging akin ka // sugarcane üéµ ( slowed + reverb ),18-Feb-21,309,74961,7.34,,,0,0,154,124,17,10613,601.1452,0:03:23
5NasKMAsRGs,Leonora (Unofficial) Music Video - School Project,18-Dec-23,241,72683,10.05,,,0,0,132,348,3,9178,208.3024,0:01:21
79rc7OQVjjE,LEONORA- Sugarcane (lyrics),1-Oct-23,235,72596,4.71,,,0,0,20,20,0,4452,159.2184,0:02:08
Kxj_unUJA7U,JANELLA SALVADOR | I Love You Since 1892 #janellasalvador #kapamilyachannel #marnella #ilys1892,29-Feb-24,28,70125,1.36,,,0,0,95,0,0,2193,11.0354,0:00:19
xnCMG6TMnNQ,Gabi,10-Mar-22,226,68877,6.5,,,1,0,1070,380,8,148101,6463.0752,0:02:37
_3LGqHhI0pM,Leonora - Sugarcane (Lyrics),8-Aug-23,235,68111,6.57,,,0,0,15,21,0,7886,360.2914,0:02:44
SudnpqFwtT8,SUGARCANE || LEONORA || Lyrics Video,25-Jul-23,233,67577,7.18,,,0,0,33,36,0,7213,279.7704,0:02:19
#NAME?,leonora - sugarcane // slowed & reverb,19-Aug-23,277,62832,12.12,,,0,0,109,128,5,14174,769.0585,0:03:15
XC1zekZvJu8,bituin - sugarcane (slowed+reverb),15-Aug-20,227,62013,3.13,,,0,0,43,31,2,4657,162.557,0:02:05
JklwPguCg6M,Leonora lyrics By Sugarcane,10-Jul-23,228,60298,8.23,,,0,0,29,28,0,8325,381.6533,0:02:45
_xJNh1wwK9w,ang sakitüò≠ #90s #stefanomori #camilleprats #gimik,10-Mar-24,22,60205,0.7,,,0,0,81,0,0,2360,10.9439,0:00:16
IARU1Mzn4g8,Padre Salvi | Alexei Jabez,28-Jun-23,14,59982,1.48,,,0,0,26,0,1,1962,6.0722,0:00:12
-57OVjteEQw,Maria Clara,7-Mar-24,274,59583,4.41,,,0,0,3289,822,29,406438,20127.9815,0:02:58
IeKZeYvbFC4,"""MARIA CLARA"" IS OUT NOW EVERYWHERE! STREAM ON SPOTIFY!!",7-Mar-24,15,57825,0.96,,,4,0,109,5,6,1575,5.9925,0:00:14
C7MtYT6bTQU,"""Ano ang Lagi Nalang Niyo"" Episode 3: Career",18-Dec-24,1007,57495,1.34,,,5,1,34,4,3,1482,36.5401,0:01:28
2UliMTgqCjE,SUGARCANE - Maria Clara (Bass Playthrough),5-Apr-24,213,56310,1.72,,,5,0,63,12,3,1377,37.3506,0:01:37
WsMMBL_vxhk,Tanging Ikaw - Sugarcane [LYRICS],14-Feb-25,184,55913,19.99,,,0,0,81,514,0,19824,755.4053,0:02:17
OPSZXVlfDk4,Leonora - SUGARCANE (Cover by Dennis Licup),30-Apr-23,251,54640,6.82,,,0,0,146,38,18,4638,120.2572,0:01:33
pjj7g0kUVnE,SUGARCANE - Maria Clara (Lead Guitar Playthrough),5-Apr-24,84,53695,2.95,,,8,0,58,15,4,2000,28.5897,0:00:51
vb4SnYSNVP0,7/26/2024,19-Jul-24,40,53652,1.46,,,11,1,159,7,27,1403,10.392,0:00:26
6ANXCyWg8gY,Sugarcane | Gabi | Lyrics,17-Mar-20,238,52850,6.61,,,0,0,65,109,2,5584,206.3573,0:02:13
3MI9YEos8as,[COVER] Leonora - Sugarcane,25-Oct-23,231,52568,3.73,,,0,0,23,16,1,2258,44.4147,0:01:10
vT_RjNVrWBg,SUGARCANE - Kung Maging Akin Ka (Lyrics) || Wala nang hahanapin pang iba,28-Feb-21,256,52253,9.4,,,0,0,94,140,3,8335,394.7393,0:02:50
BfOui_0s2Eg,Francine Diaz MV Sugarcane Sinehan üé¶üòç #fractured #franseth #abscbn #dirtylinen #trending #viral,22-Sep-23,17,52039,2.5,,,0,0,422,2,5,4339,19.9076,0:00:16
QGkJr301sA0,"""Ano ang Lagi Nalang Niyo"" Episode 1: Friendship",4-Dec-24,760,51906,1.17,,,11,1,61,16,5,979,41.7295,0:02:33
SlQqiXE5aJg,SUGARCANE is live!,8-Mar-24,1767,51900,2.42,,,10,1,58,4,2,1922,51.4452,0:01:36
98KhJjr1zSI,Yow and Tyang Venice # #teampayaman,10-Jul-24,57,51238,4.44,,,0,0,57,3,0,4808,36.3554,0:00:33
NrYdEJbfBGI,"Happy 1st anniversary, langga ü•∞",12-Mar-25,5,51094,5.5,,,0,0,4679,35,165,24981,84.1823,0:00:12
Tj2Q4ENdaGM,Rob Deniel - Ang Pag-ibig #gardensessions #opm #fypmusic,22-Apr-23,61,51025,3.47,,,8,0,101,0,2,3808,39.5565,0:00:37
Z3yoC_hqxfo,SUGARCANE is live!,24-May-24,2635,50560,2.79,,,24,1,55,6,6,2853,81.2419,0:01:42
O4s64rJGMHM,[SONG COVER] SUGARCANE - LEONORA,29-Apr-23,229,50423,5.89,,,0,0,78,55,4,3766,95.1668,0:01:30
qYz_LeSevrI,SUGARCANE - Maria Clara (Flute Playthrough),5-Apr-24,97,48400,3.63,,,11,1,110,28,6,2500,30.2829,0:00:43
sSIhh7O4yOc,Leonora - SUGARCANE | YUHI COVER,18-Jul-23,231,47673,14.04,,,0,0,177,119,10,9059,312.0977,0:02:04
wg7Pt1v7-cM,Pre-save here ‚ú®sugarcane.lnk.to/presave_mariaclara,3-Mar-24,21,47197,0.54,,,2,0,62,6,3,959,3.7611,0:00:14
RL1KUyJVJRc,|| Leonora - sped up || w/ Lyrics || (Read Desc.) ||,20-Jun-23,194,47112,9.27,,,0,0,67,75,3,7035,294.198,0:02:30
HdC56cGYJBc,Leonora - SUGARCANE,7-Apr-23,16,46324,2.77,,,1,0,94,6,2,2215,9.2447,0:00:15
JGck6s0PLP8,Gabi,27-Jan-20,226,45276,9.77,,,1,0,173,72,5,12246,559.3468,0:02:44
k8_mP5Amjgc,DAMING PAGSUBOK PERO NANATILING MATATAG PARIN ü•∞,13-Mar-25,10,45151,6.22,,,0,0,3613,37,92,18632,97.6346,0:00:19
_bE6_QsgYVw,I Love You Since 1892 feels üòç Leonora by Sugarcane #MarloMortel #JanellaSalvador #MarNella #AbsCbn,21-Aug-23,32,43287,1.01,,,0,0,50,2,1,1141,5.4141,0:00:17
JZvoQgs65SE,SUGARCANE is going live!,22-Sep-23,3586,43063,3.51,,,45,4,79,12,4,2961,108.9062,0:02:12
daF8sdKw9PI,"PAALAM, LEONORA - Sugarcane (Lyrics)",21-Dec-23,234,42338,2.36,,,0,0,4,31,0,1275,33.968,0:01:35
UXDEWdrxkT0,Sugarcane - Set You Free (Lyrics),25-Nov-23,278,42159,8.41,,,0,0,36,76,1,6575,369.1157,0:03:22
Zbmd0G4Rvv0,"Hi Donny and Belle, ingat sa taping lagi #DonBelle #DonnyPangilinan  #BelleMariano #cantbuymelove",6-Oct-23,10,41991,3.65,,,0,0,524,5,2,6508,28.6274,0:00:15
CJz11QmVzIE,Gunita (lyrics) - Sugarcane,27-Nov-22,334,41718,10.65,,,0,0,53,70,0,7644,458.8372,0:03:36
41B8yFFn3pY,MY FOREVER LANGGA ü•∞,20-Mar-25,4,41583,10.73,,,0,0,4611,52,184,30771,136.256,0:00:22
YdQJJ_boUyQ,Dalangin Live Countdown,1-Aug-21,3816,41231,2.32,,,9,1,75,13,2,1231,62.6492,0:03:03
Sm9z_ylc6Uw,163rd Birth of Jose Rizal,19-Jun-24,46,39807,2.44,,,0,0,77,2,6,8671,33.8769,0:00:15
krGw2A5HAyU,"""Ano ang Lagi Nalang Niyo"" Episode 2: Relationships",11-Dec-24,1068,38173,1.23,,,0,0,38,8,4,738,42.2625,0:03:26
MUfNvOeZ-B4,"""ùêèùêÄùêÜùêÅùêàùêÜùêòùêÄùêç"" ùêåùêîùêíùêàùêÇ ùêïùêàùêÉùêÑùêé, ùêéùêîùêì ùêçùêéùêñ",26-Jul-24,37,37743,0.76,,,1,0,49,2,1,636,2.7707,0:00:17
y7Z6Y3ml2Pw,"""Leonora"" is out now on Spotify and Apple Music ü´∂",13-Apr-23,26,37666,2.69,,,3,0,109,10,5,2025,10.9437,0:00:19
O-JAsd-bbpk,Sinehan,21-Sep-23,198,37347,5.41,,,0,0,1183,400,13,166426,6468.6499,0:02:19
4HtFklkUtvI,POV: hinaharana ka namin  #leonora #leonorabysugarcane #OPM #joserizzal #leonorrivera,20-Apr-23,42,36722,1.44,,,2,0,78,5,4,1233,9.1264,0:00:26
5AGKZN097WA,leonora - sugarcane (cover),2-Feb-24,232,36336,3.09,,,0,0,16,13,0,1411,42.0862,0:01:47
C9Idf-KZZHY,Bituin (lyrics) - Sugarcane,12-Dec-22,205,35219,3.32,,,0,0,14,11,0,1529,29.2156,0:01:08
DY6Gs6xkxgs,ASHDRES SPOTTED TODAYüò±üôàüëÄü§≠ #ashdres,28-Apr-25,22,33180,15.27,,,0,0,639,8,3,14205,38.7679,0:00:13
5ISkx2Oo6vU,Leonora Intro Flute Version ‚ú® Ep1 (?) #shorts #flute #tiktok #music,30-Jan-25,16,33153,1.03,,,0,0,29,2,2,2188,5.5628,0:00:13
acS5CAOtgN4,Leonora by Sugarcane | Official Music Video,13-Mar-25,266,32257,1.73,,,0,0,5,2,1,785,23.6494,0:01:48
UJeZWvtjB-A,Leonora (Sugarcane) - Saxophone Cover,25-Aug-23,242,32123,13.75,,,0,0,136,192,8,5609,137.0177,0:01:27
ncZ1Rlj0j2M,MV LIVE COUNTDOWN!,17-Jul-22,3681,32025,1.93,,,5,0,56,7,3,865,34.4648,0:02:23
WMLYgs_Av_k,"""Leonora"" is out now on Spotify and Apple music!! ü´∂",14-Apr-23,24,31755,2.59,,,6,0,69,3,0,1518,7.0559,0:00:16
9QL1LkbFbUM,Refreshing Sugarcane Mojito to kick-start your summers & #BeatTheHeat! #youtubeshorts,14-May-24,15,31006,1.57,,,0,0,114,21,3,2922,11.5318,0:00:14
BFVf8lOryck,Leonora - Sugarcane | AM¬∞,14-May-23,32,30960,1.51,,,0,0,60,5,0,2041,14.3537,0:00:35
Vxbw_SQO4L4,Leonora-sugarcane typography edit,30-Jul-23,22,30500,1.84,,,0,0,82,14,4,2073,16.0113,0:00:32
JQqisD1suzA,Leonora MV - BSIT1A,9-Jun-23,279,30102,10.04,,,0,0,52,114,0,3629,76.2462,0:01:15
ak-xy7Vf6Ag,Sugarcane - Leonora (lyrics),7-Aug-23,235,29543,7.11,,,0,0,13,6,0,3437,159.0684,0:02:46
4-tklW56QdE,Gunita (Live) | from Mattaradday Ittam: A Fundraising Project for Typhoon Ulysses Victims in Cagayan,28-Nov-20,338,29505,3.64,,,6,2,139,13,34,1846,87.44,0:02:50
ujGGEZuc8ck,"Leonora""Sugarcane""Lyrics Video Please subcribe and likeüíìüíê",7-Jun-23,37,29261,0.66,,,0,0,26,1,1,588,3.8452,0:00:23
yl6_h2PU5zE,SUGARCANE - LEONORA,14-Aug-23,228,28834,3.23,,,0,0,6,7,0,1111,34.3202,0:01:51
7jM0SpmKVUs,"Salamat sa 1.5M views sa Tiktok ü•∫ Dahil , ‚ÄúLeonora‚Äù Official MV is now out on our YT channel",15-Apr-23,57,28520,2.17,,,9,0,75,3,2,1338,11.1261,0:00:29
OOWNBYF1TLg,MarNella For I Love You Since 1892 | Marlo Mortel and Janella Salvador #MarNella #ABSCBN #Kapamilya,17-Sep-24,44,28442,2.09,,,0,0,89,0,0,1653,10.2563,0:00:25
QJwvcxLo82w,Tanging Ikaw,30-Jan-25,177,28288,3.95,,,0,0,3042,810,28,342291,11804.0312,0:02:04
q8Z77lqSiw8,Leonora by sugarcane bass cover/TABS #leonora #sugarcane #leonorabasscovertabs,31-Dec-23,269,28279,10.59,,,0,0,71,38,4,3878,204.0891,0:03:09
9yvoFkiSfiI,Gunita,3-Jul-20,329,27901,7.71,,,0,0,100,68,5,5269,334.0304,0:03:48
ey9LG_ZV5KQ,Leonora - Sugarcane (Lyrics),14-Aug-23,235,27700,4.13,,,0,0,8,5,0,1753,68.2614,0:02:20
A0yzwnuYgFk,Pano kaya kung may kanta si Jose Rizal para sa first love niya? #fyp #fyp„Ç∑ #fypmusic #leonora,10-Apr-23,61,26376,3.44,,,10,0,109,7,3,1908,22.605,0:00:42
njT7ZHs1B4Y,üö∂‚Äç‚ôÇÔ∏èüçΩÔ∏è #newmusic,1-Mar-24,16,26297,0.36,,,1,0,70,1,5,913,3.3043,0:00:13
u7FaalynS8s,Leonora - Sugarcane Real drum cover,16-Jun-23,60,25723,1.17,,,0,0,34,0,1,905,8.4765,0:00:36
X_ZBlcCMF8I,HAPPY BIRTHDAY KALINGAP EDU. WE LOVE YOU EDCY ‚ù§Ô∏è,7-Feb-25,16,25647,4.91,,,0,0,331,2,1,4375,16.7484,0:00:21
l91T-bLPMaM,Jose Rizz-al üòé,5-Apr-23,61,25604,5.81,,,15,0,109,6,0,2251,22.6233,0:00:36
Zw5dILw7Z2c,A tribute to Rizal & Leonor‚Äôs tragic tale #fypmusic #leonora #opm #fyp„Ç∑ #sugarcane,16-Apr-23,16,25204,1.81,,,1,0,53,2,1,903,3.7165,0:00:14
rHF1yUUaZ5U,Sugarcane - Leonora (Unofficial Music Video),8-Mar-25,241,24893,2.42,,,0,0,18,22,2,919,28.1093,0:01:50
GSVKGfAJ84k,DALANGIN - Sugarcane(Lyrics),15-Dec-22,340,24435,5.82,,,0,0,19,12,0,1968,84.4384,0:02:34
kG7vFUpFa4M,Leonora - Sugarcane (Lyrics),24-Jul-23,230,23887,2.64,,,0,0,6,8,0,823,30.7747,0:02:14
YNhgbmZ5Cr0,Kung maging akin ka Sugarcane Bass cover with TABS #sugarcane  #kungmagingakinka,29-Apr-24,271,23185,5.22,,,0,0,36,15,6,1741,93.6692,0:03:13
WEaC88xt5B0,Leonora by Sugarcane #music #musiclover #musiclyrics #fyp,3-May-23,34,22828,1.35,,,0,0,29,9,0,773,5.9324,0:00:28
ylBS3sPg0yk,Kissing scene with Paolo Avelino #linlang #julianalualhati #kimchiu,17-Nov-23,11,22785,4.86,,,0,0,32,0,0,2051,6.4798,0:00:11
ugvsxqTYZQk,Perfect first kiss song?? üíò #TangingIkaw out now on all platforms,21-Feb-25,47,22759,1.99,,,4,0,83,6,3,1732,10.495,0:00:24
NUhXLp27WRY,Leonora - Sugarcane (Lyrics Video),18-Nov-23,228,22335,2.17,,,0,0,8,2,0,649,20.6398,0:01:54
2paWnK2TWfs,"SUGARCANE, JC Herrero - Paruparo (Lyrics)",24-May-23,296,21974,8.09,,,0,0,13,53,0,2692,118.5809,0:02:38
aDL9y1dggZo,LEONORA by Sugarcane | Bandurria Cover by Eben,5-Nov-23,232,21532,14.27,,,0,0,87,49,7,3844,81.9261,0:01:16
9edB5P1VvqU,[SONG COVER] SUGARCANE - KUNG MAGING AKIN KA,10-May-23,248,21337,2.83,,,0,0,17,4,1,846,25.018,0:01:46
EW0GQZssyJY,Maria Clara - Sugarcane (Cover),19-May-24,275,20816,2.69,,,0,0,40,8,10,920,23.5475,0:01:32
Q8xuSebKC00,Sugarcane - Leonora (lyrics),5-Jan-25,233,20455,2.78,,,0,0,11,4,3,784,8.2181,0:00:37
rEeokA0P66U,Leonora - Sugarcane -Lyrics-,22-Nov-23,235,19906,2.39,,,0,0,1,2,0,598,19.2939,0:01:56
9E7W7HyCllQ,Pagbigyan,25-Jul-24,285,19505,4.72,,,0,0,511,162,11,72836,3997.7163,0:03:17
cqcYn-Ev5Y8,Leonora - Sugarcane,2-Sep-23,30,19478,1.04,,,0,0,18,2,1,575,3.9018,0:00:27
PgC6PZ2ZYKo,31-Jul-21,31-Jul-21,25,19176,0.81,,,1,0,40,0,2,328,0.9984,0:00:10
GH9h-_Mplfg,#runcavmanagement,22-Oct-24,19,19071,0.86,,,0,0,216,1,0,2994,11.7103,0:00:14
fQt5DC5v2Ug,Leonora Lyrics -  Sugarcane,8-Jan-24,233,18728,8.69,,,0,0,6,17,0,2278,81.0797,0:02:08
IokZ2xr1cq0,Gabi (Live) | from Puhon by Ben&Ben: An FB Live Event For The COVID-19 Efforts,7-Apr-20,224,18429,6.54,,,13,1,87,7,6,1657,50.0511,0:01:48
aLgOZ8BITj8,SUGARCANE - Leonora [Lyrics],31-Jan-24,232,18157,2.76,,,0,0,2,7,3,671,16.354,0:01:27
ZwYwtpi79Ok,Group 2 - Leonora by SUGARCANE (Music Video),26-Jun-23,271,17540,14.21,,,0,0,23,95,1,2993,62.7253,0:01:15
qr0328PpRGQ,Set You Free,23-Nov-23,278,17521,4.01,,,0,0,1009,133,7,158386,8822.1426,0:03:20
WlfRHQyMpMw,Leonora Lyrics - SUGARCANE,21-Nov-23,235,16854,3.23,,,0,0,15,11,0,2326,71.4261,0:01:50
2Pbbe4YT90w,Sugarcane - Kung Maging Akin Ka lyrics,22-Feb-21,254,16635,6.53,,,0,0,17,32,0,2276,94.915,0:02:30
VCZePIivnbQ,Happy Valentines Day!,13-Feb-25,61,16590,1.76,,,0,0,45,0,6,4688,8.3213,0:00:14
RFHtbG9O2wQ,Yung thumbs up ni Juanito üòç #MarloMortel #JuanitoAlfonso #JanellaSalvador #MarNella,15-Aug-23,53,16551,0.86,,,0,0,21,0,0,480,3.0438,0:00:23
5IlfB3bjZ24,Leonora- Sugarcane #lyrical #sugarcane #edit #fyp,27-Jun-23,39,16207,0.93,,,0,0,21,6,0,653,5.5853,0:00:35
FL8xI9gmREw,Dalangin - Sugarcane (Lyrics),10-May-23,333,16167,6.41,,,0,0,11,22,0,1521,53.6412,0:02:06
4k_xaijjm7w,they are a familyüè†‚ù§Ô∏è #moslhong #mosbankworld #mosbank #ƒëamm·ªπ #shortvideo #m√™traiƒë·∫πp #mosbank,8-Mar-24,42,15922,2.95,,,0,0,220,0,3,2924,19.7093,0:00:24
3KAB-etwRf8,"PARUPARO-Sugarcane, Jc Herrero (lyrics)/cover",8-Apr-23,54,15882,1.1,,,0,0,9,5,1,423,2.9561,0:00:27
0sfAizDnspw,Leonora Lyrics - Sugarcane,1-Sep-23,231,15686,7.85,,,0,0,14,39,0,1673,57.3169,0:02:03
cceBf5h26R8,SUGARCANE - Tanging Ikaw (Lyrics),18-Feb-25,183,15347,8,,,0,0,17,36,1,2153,69.2233,0:01:55
jwDbiHGH-r0,Leonora - Sugarcane Real drum cover,16-Jun-23,58,15159,1.42,,,0,0,26,3,0,830,5.9073,0:00:27
SMbtwgFtHbA,KUNG MAGING AKIN KA - SUGARCANE || COVER,28-Jun-22,252,15101,6.9,,,0,0,27,4,4,1324,31.9573,0:01:26
yzror5KZZ6g,pasilyo #fypmusic #thesugarcaneph #fyp #fyp„Ç∑ #opm,6-Apr-23,61,15061,2.34,,,4,0,49,2,0,1456,13.7622,0:00:34
KIQThP5VLQQ,MarNella For I LOVE YOU SINCE 1892 #MarNella #AbsCbn #JuanitoAlfonso #CArmelaIsabella #ILYS1892,12-Sep-24,46,14808,2.46,,,0,0,63,0,0,744,4.6367,0:00:24
qb3QPbqzBDQ,SUGARCANE - Leonora (Lyrics),23-Aug-23,235,14798,5.36,,,0,0,8,12,2,1124,38.3278,0:02:02
YyJX1QO_vf8,happy celebration Rochelle #shortvideos #love #teamrochelle,14-Mar-25,19,14212,5.01,,,0,0,555,5,5,3691,26.0888,0:00:26
0pRM_6iD5kw,NIREGALUHAN AKOüòç #viralvideo,25-Mar-25,6,14103,4.43,,,0,0,924,9,7,5881,19.0991,0:00:12
kVQbG_MovAk,LEONORA. (typography) (alight motion),15-Jul-23,29,14009,1.93,,,0,0,52,1,2,827,2.5964,0:00:12
IGSNkDOQOEs,Leonora - Sugarcane #bassguitar #bassguitarcover #bassmusic #,29-Jul-23,58,13983,1.71,,,0,0,13,1,0,592,2.8809,0:00:18
sI7-GRFMqpg,Leonora - Sugarcane (lyrics),27-Oct-23,231,13878,5.77,,,0,0,12,20,0,1171,42.1586,0:02:09
hi0czWpgoY4,(SugarCane) Leonora Backing track Guitar extracted,6-Aug-23,235,13426,24.97,,,0,0,42,94,2,4145,200.7359,0:02:54
nIblf4QcWYM,SUGARCANE - Tanging Ikaw (Lyrics),24-Feb-25,184,13360,7.66,,,0,0,11,34,0,1696,57.7051,0:02:02
1TtU_hnJaFI,leonora - sugarcane (sped up),30-Apr-23,193,13061,7.12,,,0,0,18,14,0,1606,64.0208,0:02:23
FDXlrBMj6Ko,I can't handle this Sweetness ‚ô•Ô∏èüò≠ | The Fragrant Flower Blooms With Dignity | #wagurikaoruko #waguri,20-Feb-25,18,13018,2.6,,,0,0,120,3,2,2038,5.7816,0:00:11
Ej98wrvtGIs,üî•üî• #milmi,25-May-24,10,12565,2.76,,,0,0,745,2,22,8997,27.3598,0:00:12
SaV4P0OP1H4,Pinaguusapan na namin ilan magiging anak namin ü§≠ #TangingIkaw out now on all platforms,21-Feb-25,42,12475,2.85,,,4,0,55,6,3,1118,5.3866,0:00:18
pN0Po-88qIw,LEONORA by:SUGARCANE (Music Video),4-May-23,234,12448,15.83,,,0,0,15,34,0,2347,34.6407,0:00:53
3LbCkBrnxBI,Leonora // Sugarcane #electricguitar #electricguitarist #guitar #music #leonora #sugarcane #viral,15-Aug-23,46,12280,1.6,,,0,0,19,1,0,532,4.1837,0:00:28
ur9Yp-Q3Ltk,Tindera Serye| Mga tindera nyong walang pakialam sa mundo üòÖ #dramaseries,10-Feb-24,39,12250,1.31,,,0,0,37,1,0,2131,11.7017,0:00:19
fh0hwSNbNFc,Beautiful couple #DonBelle #starmagicalprom2024  #DonnyPangilinan  #BelleMariano,16-Mar-24,17,12233,1.13,,,0,0,114,3,2,2065,9.9927,0:00:18
ZTLEykZ6PeU,leonora - sugarcane (electric guitar cover),25-Oct-23,55,11968,1.21,,,0,0,33,1,2,503,2.9114,0:00:22
i-cNT3faArE,Aking Maria Clara (feat. jikamarie),23-May-24,255,11926,3.97,,,0,0,756,108,9,141265,6653.2055,0:02:49
TfDP3NngQgQ,SUGARCANE - Maria Clara Lyrics @thesugarcaneph,9-Mar-24,274,11817,3.59,,,0,0,2,5,0,623,17.4345,0:01:40
l55cSVKKPfs,LEONORA - Sugarcane ( Lyrics ),19-Aug-23,235,11527,4.48,,,0,0,7,6,2,793,31.6142,0:02:23
GxcI0T4-hi8,Lagi Na Lang,7-Nov-24,250,11508,4.14,,,0,0,1229,195,16,186982,9006.9358,0:02:53
EnlJ4hSFn3w,Leonora by: Sugarcane // Aniel Atenciana (cover),19-Jun-23,211,11000,18.88,,,0,0,74,31,5,2389,59.8077,0:01:30
-8ny-Qnc0E8,Leonora - Sugarcane (Lyric Video),30-Aug-23,235,10979,6.71,,,0,0,8,10,0,1393,65.2712,0:02:48
rAfTnlQQojY,Tamang gaming lang sa gedli,19-Apr-23,18,10730,1.01,,,1,0,30,0,1,794,3.1819,0:00:14
o02TdaKDfFg,LEONORA BY SUGARCANE,19-Mar-25,46,10688,1.23,,,0,0,12,0,0,909,3.3334,0:00:25
3cPdtYf4_Z4,SUGARCANE - Kung Maging Akin Ka (Lyric Video),10-Nov-22,255,10537,4.93,,,0,0,8,9,0,776,25.172,0:01:56
erIkO1RSn14,august cover page üíñ #bujo #bulletjournal #planwithme,10-Aug-23,15,10522,0.61,,,0,0,50,1,1,2354,10.4968,0:00:16
5E65rwPLFIE,LEONORA (Official Lyrics) Sugarcane,4-Oct-23,61,10441,0.49,,,0,0,4,2,0,314,0.8694,0:00:14
7XYLV0-E4Ws,Tayo magpahabol sa Alon #filipina #philippines #qatar,6-Apr-24,7,10382,0.39,,,0,0,15,1,0,855,2.1141,0:00:09
h3rknlywKP4,"Pakinggan nyo na rin ""Leonora"" maganda promise :))",18-Apr-23,28,10347,1.01,,,1,0,25,0,0,512,2.7833,0:00:19
PHzXELRKJoU,leonara- hirano to kagiura,2-Nov-23,19,10211,3.37,,,0,0,104,10,5,1146,4.3603,0:00:15
PSe9lmaaT5I,SUGARCANE is live!,7-Mar-24,16,10141,1.81,,,0,0,23,0,6,394,1.0455,0:00:09
pZ41kUoDbLU,Leonora - Sugarcane Real drum cover,16-Jun-23,59,10115,1.43,,,0,0,16,2,0,481,2.6871,0:00:21
h_6asL5GQo4,Comfort?...#Leonora#animation#animationmeme#,25-Mar-25,23,10023,1.9,,,0,0,20,0,1,743,2.8583,0:00:23
cvYuGRhUkRI,"Leonora - SUGARCANE | Cover by Alan Placina (Music ""COVER"" Video)",18-Nov-23,254,9977,5.7,,,0,0,27,24,5,703,17.3509,0:01:28
5reRKnU38TI,Sugarcane - Leonora üíî // #lyrics #musiclover #aesthetic #music #shortsviral  #shorts #leonora,17-Feb-24,32,9859,1.07,,,0,0,14,0,0,502,1.6491,0:00:17
Lo2cCPQMwWY,Wait til end para sa pasabog üí®,19-Apr-23,30,9761,0.78,,,0,0,27,2,3,403,2.7372,0:00:24
alPDhb6dwUY,leonora by sugarcane but it's slightly sped up,12-May-23,210,9545,5.75,,,0,0,10,16,0,887,31.1542,0:02:06
bndccgT5sJ8,KUNG MAGING AKIN KA - Sugarcane (Lyrics),15-Dec-22,254,9327,7.71,,,0,0,8,9,2,946,29.7214,0:01:53
bu6ZF-FdCHs,Leonora - Sugarcane (Lyrics)      #trending,28-Jul-24,61,9317,0.76,,,0,0,8,5,0,313,1.3625,0:00:19
9httTaEVL08,paru-paro #butterfly #paruparo #probinsya #probinsyalife #naturelovers,26-Aug-23,22,9314,0.78,,,0,0,5,1,0,258,0.8003,0:00:14
aqUigKIAMyU,#tagalog#fillings #sad #music #lovesong #lyrics,19-Feb-24,19,9300,0.24,,,0,0,6,0,0,127,0.3486,0:00:11
_i92nKCyA0U,How to have iOS 16.4 Emojis on Higher Android Version,3-Aug-23,61,9245,2.18,,,0,0,26,0,3,623,4.0714,0:00:23
6q3Y58Di7Dk,I-flex mo na yan! #fypmusic #leonora #opm #fyp„Ç∑ #sugarcane,8-Apr-23,56,9202,1.1,,,1,0,23,0,2,369,2.3754,0:00:23
hB7q5o_F_xA,LEONORA_Sweetmix DjDarwin,13-Jul-23,230,9175,7,,,0,0,20,11,0,873,19.8508,0:01:21
ssrlBBdi8P0,Sugarcane - Leonora (Slowed + Reverb),5-Aug-23,282,9166,13.23,,,0,0,25,22,2,1865,70.776,0:02:16
9NTi_6Tl3Fg,‚ú®Ô∏è|| Jose rizal Part || Part of our Noli Me Tangere Trailer Film ||‚ú®Ô∏è,15-May-24,58,9155,0.44,,,0,0,13,0,0,233,1.3515,0:00:22
Bm0YvaU3Fb0,Leonora (Sugarcane),27-May-24,31,9118,3.69,,,0,0,25,2,2,757,2.9468,0:00:18
qLM-uTAi5kM,Reside (feat. angel),18-Dec-20,279,9102,7.77,,,0,0,159,83,0,1509,67.7308,0:02:41
bMC0wQFJ-ic,"GMA Anchor Mike Enriquez Pumanaw sa edad na 71 Ngayong August 29,2023",30-Aug-23,16,8927,0.91,,,0,0,12,1,0,574,2.2387,0:00:14
_J2IE-zobg4,Begitu imut yang kamu Leonor senang kali Amran memiliki kamu,2-Dec-24,15,8919,1.15,,,0,0,165,9,14,2661,15.1551,0:00:21
o3tnIxLfONU,SUGARCANE - Paruparo (Teaser),1-Jul-22,36,8761,7.88,,,10,1,175,21,38,1009,6.849,0:00:24
5EzX3Cx_kH0,"LEONORA #Credit to music Creator ""SUGARCANE""",7-May-23,27,8446,0.47,,,0,0,8,0,0,324,1.364,0:00:17
LAHHj-sAFQY,Mekalem being Cute and Adorable at the same timeü§èü•π #binimikha,21-Mar-25,34,8433,11.36,,,0,0,668,7,7,3524,20.849,0:00:22
06uXoqP9ZvI,"SUGARCANE, angelica Gantang - sinehan (lyrics video)",24-Sep-23,195,8423,11.15,,,0,0,10,15,0,1583,62.9679,0:02:23
Mt13q1wA8fo,Leonora Lyrics,21-Dec-23,16,8415,1.27,,,0,0,5,0,0,309,0.6454,0:00:11
JGSVEw1XnXA,Kung Maging Akin Ka- Sugarcane (Digital Drums Cover),25-Jul-23,247,8411,7.15,,,0,0,12,5,4,749,23.6845,0:01:53
Tcr5y7TfeSI,Leonora by Sugarcane (Lyrics),4-Aug-23,214,8367,5.47,,,0,0,8,8,1,691,19.5022,0:01:41
zvfZF0YLObg,First ever #dustbia moment(Relapse)#pbbcollab #youtubeshorts #trending #shortvideo #video#viralvideo,24-May-25,13,8309,7.25,,,0,0,379,6,7,12526,28.6748,0:00:18
SLMI95e-B6E,"Paalam, Leonora ‚Ä¢ Sugarcane  #sunset",23-Apr-24,44,8236,1.01,,,0,0,11,1,0,296,1.6398,0:00:22
GMdKTdK2EgU,Kung Maging Akin Ka - Sugarcane ( Lyrics),30-Oct-22,250,8209,5.59,,,0,0,15,12,0,712,25.1941,0:02:07
YlejK0U9OXU,Sugarcane - Leonora (Lyrics),14-Nov-23,235,8164,7.58,,,0,0,9,11,1,919,32.2189,0:02:06
_QP7SO1JczU,Gunita/Sugarcane,22-Jun-23,33,8041,1.06,,,0,0,1,0,0,146,0.6154,0:00:16
XqCXZYtbesg,Sugarcane - Leonora (8D Audio)üéß,20-Jul-23,235,7923,13.24,,,0,0,28,49,0,1505,63.689,0:02:32
cRmnbMYsM48,SUGARCANE|GUNITA|LYRICS,15-Apr-23,326,7878,8.71,,,0,0,5,23,0,1106,42.1956,0:02:17
i2przTopj-o,Bituin,23-Jul-19,200,7851,10.14,,,0,0,43,10,1,2777,116.6777,0:02:31
Tpnk2F1-VfQ,Leonora by @thesugarcaneph,28-Apr-23,32,7754,0.59,,,0,0,7,2,0,192,0.8072,0:00:17
MTGfWan8rb4,SUGARCANE- Dalangin (sped up),4-May-23,42,7623,0.75,,,0,0,2,3,0,170,0.935,0:00:21
n9IAmwUkeuc,ITO ANG KATAS NG AKING TANIMANüòç #VIRALVIDEO #viralshort #viralreels,8-Mar-25,6,7620,2.55,,,0,0,509,5,5,4886,16.4908,0:00:12
eMH9rjI1U6c,Leonora - SUGARCANE (Cover By: Jay Halasan),20-May-23,231,7583,6.12,,,0,0,21,6,3,575,8.7498,0:00:54
iCHON2j4RV8,Nightcore-Gunita by SUGARCANE #nightcore #sugarcane #gunita,24-Oct-22,274,7543,6.63,,,0,0,17,12,2,961,33.834,0:02:06
jhwhcXiS5ao,leonora remix,2-Aug-23,233,7427,14.06,,,0,0,17,24,0,1524,38.2573,0:01:30
gUuZ_Asu5Ig,Bituin (Live) | from Puhon by Ben&Ben: An FB Live Event For The COVID-19 Efforts,4-Apr-20,197,7348,5.14,,,8,0,33,3,6,540,18.4927,0:02:03
S1J_bLWU_4w,KUNG MAGING AKIN KA - SUGARCANE (LYRICS) Gino.Lyrics,23-Oct-21,252,7210,6.32,,,0,0,13,19,0,1023,44.9121,0:02:38
qs3XNrNZp3g,"SUGARCANE ‚Äî Paruparo, (sped up)",19-Nov-22,269,6969,6.21,,,0,0,12,16,2,688,28.608,0:02:29
cttHl_y5_f0,Rochelle first anniversary nila #shortvideos #love #teamrochelle,27-Mar-25,7,6775,4.56,,,0,0,724,8,4,8418,28.1622,0:00:13
kO9pyrJJjbM,Leonora - Sugarcane #lyrics #filipinosinger #songs #music #tagalogsong #sugarcane,6-Jun-24,38,6678,0.54,,,0,0,3,0,0,229,1.1995,0:00:26
BUQ-8QlAdU4,Sugarcane - Gabi (Karaoke),2-Mar-22,228,6613,13.73,,,0,0,7,5,0,1100,44.899,0:02:26
jEYF9mHz3IQ,Malay Dyosa Nga Yung Ganda Ni Mikha ....,10-Mar-25,38,6490,2.39,,,0,0,43,0,0,640,2.7589,0:00:15
Y_uu78IA5Jw,"Communal Ranch, Impasug-ong Bukidnon, Philippines #bukidnon #communalranch #philippines #travel",11-Jan-24,16,6372,2.61,,,0,0,9,6,0,432,1.4915,0:00:14
QkUWqoJ4Hvc,"BUKAS NA, 8PM!",30-Jul-21,27,6341,1.07,,,0,0,16,1,3,136,0.6342,0:00:16
d7tgBM4bbAc,Kung Maging Akin Ka- SUGARCANE (lyric Video),31-Aug-22,255,6287,3.82,,,0,0,3,5,0,514,20.0512,0:02:20
4IuUQQH0uek,Marlo Mortel and Janella Salvador aka MarNella #abscbn #marnella #marlomortel #janellasalvador #fyp,5-Oct-24,12,6236,2.6,,,0,0,48,2,0,371,1.3039,0:00:14
zsQw4Q1oShE,Leonora by Sugarcane (Wooden Flute Cover),20-Mar-25,231,6070,6,,,0,0,25,9,4,489,9.7776,0:01:11
kNFTfCZYZ-g,PUHON BY BEN&BEN: SUGARCANE FB LIVE EVENT FOR THE COVID-19 EFFORTS (REPLAY),1-Apr-20,2700,6008,3.63,,,1,0,13,0,0,252,7.4452,0:01:46
gPToJDG9nF8,MarNella For I Love You Since 1892 #MarNella #AbsCbn #KapamilyaChannel #KapamilyaOnlineLive,12-Sep-24,46,5984,2.57,,,0,0,33,0,0,310,2.6024,0:00:34
i5zCOe9TxZ4,MarNella For I Love You Since 1892 #MarNella #AbsCbn #Kapamilya #KapamilyaChannel #Trending,12-Sep-24,30,5892,2.58,,,0,0,29,0,0,367,2.1994,0:00:25
yk3_cnXl1Wg,My Pretty Ate üëßüèªü•π #babiesofyoutube #myonlybabygirl,11-Jun-23,18,5766,0.55,,,0,0,50,0,0,3121,13.7431,0:00:15
8yHMfJdvIVk,Leonora - Sugarcane.. Goyo and Remedios love story,29-Jan-24,236,5714,12.88,,,0,0,11,9,0,1101,43.067,0:02:20
D6GLr8oFgPY,LEONORA song by SUGARCANE,30-Dec-23,229,5708,3.82,,,0,0,5,0,0,563,27.7289,0:02:57
7UtOdceY7lg,"SUGARCANE, JC Herrero - Paruparo | MV Teaser",11-Jul-22,16,5654,7.15,,,2,1,80,12,18,579,2.4277,0:00:15
SAXoYYi2VN0,LEONORA/SUGARCANE...#lyricvideo #lyrics,26-Jul-23,235,5595,9.51,,,0,0,4,7,1,759,24.659,0:01:56
lVa9La_j5FI,vday salubong üåπ happy valentines month,3-Mar-25,36,5535,12.03,,,0,0,116,2,6,1833,13.5544,0:00:32
iIFSQ5nG1fk,DjBenjie_Leonora_Swete_mix[PMM],17-Aug-23,229,5329,11.37,,,0,0,11,8,1,801,7.1364,0:00:32
kBFtBxkhr8s,Leonora by Sugarcane (Banduria Cover by Ma'am Danna),12-Nov-23,231,5193,8.47,,,0,0,16,1,3,555,14.2066,0:01:32
06vdCw7i458,Unleashing the purr-fect squad flex! #shorts,4-Dec-23,23,5125,0.88,,,0,0,36,7,35,308,1.7741,0:00:21
vnqXkIdmRH0,Leonora Lyrics Sugarcane,25-Aug-23,230,5029,7.32,,,0,0,5,7,0,757,31.0286,0:02:27
AIswb6DWHhw,House of Jose Rizal #philippines #followme #travel #philippines #dapitancity,21-Jul-24,19,4939,1.15,,,0,0,18,2,1,730,3.8668,0:00:20
6d3MYaltnAM,LEONORA #youtubeshorts  #youtube #subscribe #leonora #sugarcane,24-Oct-23,11,4669,1.2,,,0,0,6,0,1,263,0.6974,0:00:11
YTb_A7iiARQ,LEONORA (SHORT LYRICS) - SONG BY SUGARCANE,24-Oct-23,61,4639,1.08,,,0,0,3,0,0,241,1.371,0:00:22
Rz2B2YkE-DE,#shorts #songcover #fyp #leonora,27-Jun-23,61,4626,0.91,,,0,0,5,0,0,195,0.7455,0:00:17
8JOAHzdi6FE,Leonora - Sugarcane #shorts,9-Jun-23,32,4387,1.21,,,0,0,5,1,0,367,1.6014,0:00:18
TZ_SpZcpD5w,MARNELLA - I Love You Since 1892 Live Adaptation / Serye #MarloMortel #JanellaSalvador #MarNella,29-Jun-25,29,4364,2.82,,,0,0,15,0,1,574,1.822,0:00:21
5nKwtUvNJQ4,#lascasas #nature,2-May-24,10,4347,0.67,,,0,0,3,0,0,221,0.3943,0:00:09
Om6JXGQNGAw,DJ LEYNARD Leonora sweet,19-Aug-23,214,4329,12.2,,,0,0,13,9,0,683,6.6189,0:00:34
EwfBEX9HkX0,Maria Clara,23-May-24,274,4226,7.93,,,0,0,24,10,0,2942,166.9841,0:03:24
kE76LnrfDm4,"Paalam, Leonora| 2 #capcut #music #lyrics #azraeltems #shorts @CapCutofficial @CapCutPhilippines",26-Aug-24,33,4209,0.69,,,0,0,2,0,1,83,0.5269,0:00:26
K7NC0nyLZ5I,LEONORA by Sugarcane (Lyrics),7-Jan-24,231,4150,9.3,,,0,0,9,4,1,862,39.6464,0:02:45
SjhEjKUflOI,BUHAY NG MAGISA! üò¢ #viralvideo #viralshort #virelvideo,18-Feb-25,5,4082,2.94,,,0,0,794,2,20,8146,28.2382,0:00:12
#NAME?,si rizal #music,21-May-25,16,4065,0.17,,,0,0,1,0,0,88,0.1075,0:00:11
1vtC8LkfAWU,Florante At Lauraüíï,30-Mar-25,19,4062,1.21,,,0,0,4,0,0,167,0.3487,0:00:11
gUv5IJOWUvk,sugarcane - paruparo (slowed & reverb),10-Sep-23,330,4053,11.37,,,0,0,3,10,1,799,42.1561,0:03:09
PKiflBKx0Pc,Sugarcane - Leonora #tophits #opm #sugarcane #leonora,8-Nov-23,59,4041,0.59,,,0,0,9,1,0,163,0.7861,0:00:22
yCfjCscMh60,"PARU - PARO , SUGARCANE ft. Jc Herrero ( kay gandang pagmasdang paru paro )",13-Jul-22,347,4038,7.26,,,0,0,6,5,6,516,9.5155,0:01:06
tfTLLzcmC-E,ito po ang manga damit ni jose rizal noon #video #viral #trending #shorts #short #viralvideo #love,26-Jul-24,12,4019,1.77,,,0,0,9,2,0,414,1.1228,0:00:10
QSdwUD4-cC4,Leonora - Sugarcane                          #reels #shorts #sugarcane,18-Dec-23,54,3923,2.27,,,0,0,13,0,0,394,3.0735,0:00:28
D4WRmTJ-qE4,"[Pinoy Harmonica Player] ""Leonora"" by Sugarcane",12-Jun-24,234,3893,10.84,,,0,0,33,3,12,724,13.6514,0:01:07
5ApB6Fa3YQU,Tanging Ikaw (Harana Version),3-Jul-25,181,3884,3.81,,,0,0,120,21,4,10393,355.1239,0:02:03
4S4RDGHaUGs,Leonora by Sugarcane #FranSeth | #FRANSETHCloudies #Francinediaz | #Sethfedelin,24-Jan-24,17,3791,0.92,,,0,0,15,0,1,364,1.3626,0:00:14
m3WIb1l_cJA,National teams are not league clubs. I'm not a football fan. This is just the actual protocol.,11-Nov-24,3,3762,2.07,,,0,0,44,1,5,623,1.0584,0:00:08
Y0BX1E8-MC4,ANG AKING MARIA CLARA #BUWANNGWIKAüáµüá≠‚ô•Ô∏èüíôüíõ,12-Sep-24,19,3721,3.57,,,0,0,12,1,2,1065,2.6165,0:00:10
7Jw1_PLgrkk,#jodistamaria #edit #loveteam #richardyap #becarefulwithmyheart,3-Mar-24,20,3703,0.59,,,0,0,36,0,1,1198,5.1416,0:00:15
TjhKMECP95E,kung maging akin ka „Éº sugarcane ( sped up ),21-Jul-22,194,3630,11.57,,,0,0,10,20,2,674,28.8179,0:02:33
5cReInORSIQ,"It was so nice meeting you all! Stream ""Leonora"" by SUGARCANE üåπ #wish1075 #opm #supportlocal",21-Jun-23,61,3616,2.3,,,0,0,5,0,0,187,1.5922,0:00:36
ctJaDJZ8jy0,"Just in: Kathryn Bernardo also unfollowed Gillian Vicencio, Julia Barretto, and Liza Soberano",11-Jan-24,17,3582,2.79,,,0,0,12,0,0,853,3.6777,0:00:15
S7cGi7x4e2g,one direction narry dancing #onedirection #1d #harry #niall #narry #shorts,8-Jul-23,19,3460,3.47,,,0,0,60,0,1,906,2.8114,0:00:11
xDIAd3A9-Vw,Leonora|Sugar Cane|(Bass Cover),12-Jun-23,231,3410,11.85,,,0,0,5,5,1,539,7.4018,0:00:49
DH0lRae4xS8,STAY STRONG MOMMY SABBBY #yabby #fyp #onlycontent#yabby,29-Jul-23,22,3388,3.9,,,0,0,44,0,2,608,1.7302,0:00:10
Gtu0p1RY8gk,Leonora by Sugarcane (slowed+reverb) #music #musicvibes #philippines,5-Jun-24,36,3338,3.62,,,0,0,21,2,0,755,7.6446,0:00:47
1erZWwtUezY,ANDREA BRILLANTES gorgeously pretty!üíñ#andreabrillantes #andrea #blythe #viral #trending #fyp,12-May-25,7,3303,3.84,,,0,0,37,0,0,4679,6.6711,0:00:13
8PB2t5rgu-g,"Bituin ni Justin Gutang sa KBL, Muntik na maabot ng mga Pinoy background actors in Korea! üòÜ #Shorts",23-Apr-23,16,3273,6.84,,,0,0,20,1,1,1696,5.2758,0:00:11
IaDPlZ0OrNQ,Leonora//Sugarcane,4-Jan-24,21,3232,1.08,,,0,0,7,3,0,320,2.1344,0:00:34
un7caGj-l0k,AH ok sya pala #shorts #fyang #batangas #triciaslipa,18-Oct-24,34,3189,0.69,,,0,0,3,1,0,548,2.8274,0:00:18
S_L9PIxNeKk,Wild Rift - Leona de Leonora #lol #wildrift #lolmobile #viralvideo #gaming,26-Sep-23,17,3175,0.47,,,0,0,2,0,0,250,1.2673,0:00:18
MgdT-ksf8_c,Sundress + cardigan ‚ú®üíú #ootd #outfitideas #sundress,4-Feb-25,16,3169,1.58,,,0,0,34,0,1,819,2.6412,0:00:11
237Cz97EKhQ,leonora...~,30-Jun-23,61,3081,1.79,,,0,0,2,0,0,185,1.3029,0:00:25
aE3OohHriYM,leonora // ruinene // pjsk // #projectsekai #projectsekaicolorfulstage #fyp„Ç∑„Çöviral #comment,26-Jul-24,41,3076,1.79,,,0,0,18,0,1,156,0.5551,0:00:13
m9qzgJqoQOE,MIKHAIAH BLOOPERS #mikhaiah #binimikha #biniaiah #bini,10-Jun-24,61,3039,3.72,,,0,0,591,4,4,6145,49.036,0:00:29
gnrJdmfZaT4,Guili - Leonora by Sugarcane || Zhongli and Guizhong Edit,19-Feb-24,30,3030,1.78,,,0,0,9,1,1,162,0.6501,0:00:17
Z40WQbxLhvY,DJü§éTangingIkaw #danjoy @kalingapdan5934 @joyaquino111 #djwalangiwanan #onekalingaponefamily,16-Apr-25,60,2954,11.58,,,0,0,293,3,4,1301,8.9021,0:00:34
U3Pg8625zVA,upgraded my blue butterfly,18-Jun-23,61,2869,2.61,,,0,0,11,4,0,129,0.674,0:00:21
m3tSqpILDFE,Vertex form of Quadratic Equation! #math #maths #mathematics #shorts,21-May-23,36,2817,0.75,,,0,0,12,1,0,134,1.5541,0:00:42
HiDR2UAgk7I,MARNELLA I LOVE YOU SiNCE 1892 #MarNella #MarloMortel #JanellaSalvador #ILoveYouSince1892 #Trending,8-Jul-25,13,2767,0.94,,,0,0,4,1,0,128,0.1944,0:00:10
1fZKMm3D_LA,Educational Field Trip at Rizal Shrine #sugarcane,24-Feb-24,57,2718,0.15,,,0,0,3,0,0,127,0.4484,0:00:20
dH4bsEy4y5w,Leonora - Sugarcane #shorts,19-Jun-23,33,2718,3.94,,,0,0,6,3,0,172,1.4374,0:00:31
TjUT9uL0Ixo,#henryviii #catherineofaragon #thetudors #edit #leonora #sugarcane #tudors #tudoredit #capcut,5-Jan-25,61,2713,3.5,,,0,0,176,2,4,4190,40.8056,0:00:36
J1kGDlEPFOs,"2nd Verse ""Sinehan || SUGARCANE x Angelica Gantang""",19-Dec-23,31,2653,0.64,,,0,0,3,0,0,74,0.3041,0:00:16
fU64-6_oceU,leonora - sugarcane #new #trending #capcut #template #foryou #lyrics,4-Feb-24,32,2648,0.49,,,0,0,2,0,0,106,1.2556,0:00:58
3JIHGQoFCqo,Marlo Mortel and Janella Salvador / Juanito Alfonso & Carmela Isabella #MarNella #ILYS1892 #Shorts,8-Jul-25,16,2611,1.49,,,0,0,4,1,0,125,0.2364,0:00:11
Ywp8M0qOC0g,Leonora - Sugarcane #shorts,1-Jun-23,32,2528,2.81,,,0,0,4,7,0,144,3.3714,0:01:24
Rn2Pqrddxi8,Leonora//Sugarcane,2-Jun-23,32,2488,0.92,,,0,0,4,6,0,126,0.5039,0:00:14
3ewpNYAbNJk,"""Leonora"" Song by Sugarcane #songlyrics #sugarcane",24-Mar-24,24,2463,0.97,,,0,0,0,1,0,128,0.5687,0:00:22
CwbT8JPKYcY,Ginoong Juanito Alfonso - Marlo Mortel - I Love You Since 1892 #MarNella #MarloMortel #AbsCbn,15-Apr-24,22,2453,2.24,,,0,0,7,0,1,139,0.594,0:00:18
TA5BtLAWrcU,I Love You Since 1892 feels - MarNella #MarloMortel #JanellaSalvador #MarNella #Shorts #Kapamilya,14-Nov-24,29,2410,2.78,,,0,0,22,0,0,231,0.8628,0:00:16
YV7YpPDa7oE,leonora ~ sugarcane #sugarcane #leonora #shorts,9-Jul-24,60,2239,1.07,,,0,0,4,0,0,121,0.7623,0:00:28
zjIWgqkY3n0,Leonora - SUGARCANE (Mark&Music X Sab Cover),2-Jul-23,229,2234,9.49,,,0,0,14,21,2,884,10.2745,0:00:41
Wf4jqO8yaxM,"Congratulations in advance, Rainah Jenn #raincelmar #rainah #rain",16-Apr-25,21,2231,5.78,,,0,0,90,0,1,1517,3.0779,0:00:14
zjv4TJ1z2aA,nasan na? | leonora by sugarcane #preset #edit #lyrics #leonora,24-Aug-23,20,2182,2.61,,,0,0,8,1,1,444,1.4704,0:00:13
0HtfHD3pwdY,baka matunaw SI ate Yana nyan kuya miles üòÄüò≠,5-Apr-25,12,2122,1.04,,,0,0,40,0,0,1540,3.8002,0:00:17
v78h6W_gDqI,Shorekeeper & Rover edit || Leonara || Wuthering Waves,21-Mar-25,39,2118,0.94,,,0,0,36,1,1,619,2.5667,0:00:16
vsJ-TlRbYAM,Gunita (Live) | from UP Fair: Cosmic Clash 2021 (Stand with Farmers),12-Feb-21,329,2072,2.22,,,1,0,32,5,7,81,4.5498,0:03:22
79FDlAPdgvM,"tasty sugarcane juice #sarjapuraroad , #wipro wipro",23-Sep-23,16,2025,0.25,,,0,0,1,0,0,118,0.2996,0:00:09
u9z3_FgAuU8,NOLI ME TANGHERE (TRAILER),8-May-24,61,2017,0.64,,,0,0,1,0,0,159,0.3338,0:00:11
awLbbQxed4Q,‚Äú POV: YOU‚ÄôRE A PRINCESS ‚Äú #edit #foryou #views #trending #trendingshorts #lyrics #viral #follow ###,3-Jan-24,37,2006,0.65,,,0,0,150,8,5,2637,15.5264,0:00:21
DQ4nulhnUh4,"Bridge ""Sinehan || SUGARCANE x Angelica Gantang""",19-Dec-23,38,1998,0.8,,,0,0,2,1,0,53,0.261,0:00:19
VyDVHDFU8U8,Sweet Avocado ü•ë kasi may Gatas na! ü§£,7-Sep-23,53,1993,1.61,,,0,0,5,2,0,164,0.7866,0:00:19
6DWe03cBwEM,NAKARANAS NADIN BA KAYONG SUMAMA DITO? #MAHALNAARAW #VIRALSHORT,18-Apr-25,13,1985,2.72,,,0,0,57,0,1,682,2.0718,0:00:20
xaj_rrsLwnk,Good morning fredo#cute #cats #catlovers #leonora,6-Oct-23,16,1983,0.61,,,0,0,1,0,0,35,0.0714,0:00:07
Qs5APTrbef4,Filay ‚ú®Ô∏è | Leonora - Sugarcane,27-Apr-24,61,1941,3.14,,,0,0,16,1,3,622,4.0461,0:00:24
8u2oyQe-J8I,Janella Salvador is Binibining Carmela Isabella #JanellaSalvador #CarmelaIsabella #ILYS1892,9-Jun-25,16,1920,4.53,,,0,0,43,0,0,2366,5.3983,0:00:16
3cQYRWQ5Zw0,deep. #conversation #friendship #youtubeshorts #ytshorts #gunita #sugarcane #fyp,24-May-24,36,1904,0.42,,,0,0,10,0,0,443,2.0156,0:00:16
Fu1KY0d_ih8,watching too much basketball shorts #skillstraining #r2ball #ryanrazooky #nba #mpbl #espn #shorts,18-Aug-22,15,1874,0.32,,,0,0,22,1,0,1306,5.5203,0:00:15
TvulSzUhNEk,Jos√© rizal and Leonor revera √ó leonora by sugarcane #gacha #lunimememes #history,19-Apr-25,33,1810,3.2,,,0,0,34,0,1,1536,13.114,0:01:32
xA4Bqf3-HJ4,ABSCBN MarNella For I Love You Since 1892 #MarNella #MarloMortel #JanellaSalvador #iloveyousince1892,12-Sep-24,61,1799,3.5,,,0,0,28,0,0,718,4.2361,0:00:21
Mu-S_pp6o_4,Leonora by: Sugarcane (Instrumental),6-Oct-23,235,1798,22.3,,,0,0,5,98,1,748,8.836,0:00:42
NJ2SSIg1pkc,LEONORA - SUGARCANE (LYRICS) #lyrics #shorts,12-Feb-25,61,1785,1.23,,,0,0,1,0,0,107,0.4921,0:00:27
JD6kp_Z4ZuE,DJü§é #danjoy TangingIkaw   @kalingapdan5934 @joyaquino111 #djwalangiwanan #djinspire,9-May-25,40,1752,7.99,,,0,0,145,3,4,1234,5.5656,0:00:29
CriyvzVAbHc,"Last Chorus to Outro ""Sinehan || SUGARCANE x Angelica Gantang""",19-Dec-23,27,1746,0.4,,,0,0,4,0,0,105,0.5118,0:00:19
FnddGFWgpbo,I Love You Since 1892 #MarNella #MarloMortel #JanellaSalvador #ILoveYouSince1892 #kapamilyachannel,2-Apr-24,14,1737,1.67,,,0,0,2,0,0,90,0.2916,0:00:14
IxyyMEhTKWw,pinagtagpo ngunit hindi tinidhana,9-Sep-23,35,1733,0.63,,,0,0,2,0,0,160,0.5785,0:00:13
3uG1SITPHv4,ANG CUTE NAMAN NG BABY NA ITO AT LAGI PA NAKA UPO SA BAHAY NIYA CUTE NAMAN!!! #comedy,24-Jun-24,22,1699,0.71,,,0,0,6,0,0,36,0.0787,0:00:08
oGGzv3Zlaa0,"Pre to Chorus ""Sinehan || SUGARCANE x Angelica Gantang""",19-Dec-23,45,1685,0.77,,,0,0,3,2,0,54,0.3938,0:00:28
xZSTk21Hz4g,"POV: Merong mga lalaki na manghaharana sayo, Leonora by @thesugarcaneph #brpjoserizal",31-Aug-24,49,1653,0.91,,,0,0,3,0,1,109,0.4439,0:00:15
ga6PGcB_NO8,David Licauco,20-Apr-25,25,1650,16.06,,,0,0,84,0,1,947,5.8274,0:00:39
xyA-2tXfZNk,Naglandang sad mo?üçåü•• #binignit #landang #filipinofood #cooking #cooking  #2024  #holyweek,29-Mar-24,40,1641,1.65,,,0,0,12,0,0,541,2.0229,0:00:13
IEfTSoCRxM8,leonora-sugarcane/fiona dani'e cover,13-Aug-24,59,1638,0.37,,,0,0,2,0,1,160,0.6052,0:00:20
#NAME?,quadro is backkk,8-Jun-25,11,1616,2.78,,,0,0,49,0,0,1291,2.0644,0:00:10
hyXBxQpEvoI,Attack ! always attack!,17-Mar-24,60,1614,0.56,,,0,0,2,0,0,43,0.2926,0:00:24
VmVLMzP9fxA,"mamahalin parin kita, sigaw ng puso ko",29-Apr-23,36,1610,0.31,,,0,0,1,0,0,94,0.3088,0:00:11
oa5ZANP4Vi4,TANGGOL & BUBBLES X LEONORA #tanggol #batangquiapo,15-Nov-24,23,1548,1.23,,,0,0,25,0,0,611,1.3688,0:00:08
ClexWZ7pz8Q,Explore the ocean with me! 15 #bikini #coral #freediving #island #ocean #sea #shark,26-Jun-25,30,1456,0,,,0,0,0,0,0,18,0.0182,0:00:09
IXOhL0SinF8,this quick escape leaves a remarkable moment.,9-Jun-25,18,1440,1.04,,,0,0,16,1,0,1375,2.3251,0:00:11
T4G40FlEJCQ,"Paalam, Leonora #capcut #music #lyrics #azraeltems #shorts  @CapCutofficial @CapCutPhilippines",26-Aug-24,33,1431,0.91,,,0,0,1,0,1,37,0.1331,0:00:17
5tlDF21Mttc,Almost. A video activity commission. #mv #leonora #videography #editing #cinematic,30-Nov-24,33,1366,0.59,,,0,0,2,1,0,31,0.0899,0:00:14
lrVTJtFWP2g,#fyshorts #fytiktok sugarcane- leonora sped up lyrics Short,16-Jun-24,15,1322,1.13,,,0,0,5,0,0,106,0.2928,0:00:10
Dl_Hv5VGCWg,CAELUS EDIT :33 #honkaistarrail,14-Aug-24,22,1300,1.38,,,0,0,5,0,1,103,0.1978,0:00:08
MZxbeYbz2ek,Paru paro by Sugarcane | aerial hammock series | unicorn | aerial split #shorts,29-Jan-24,58,1288,1.24,,,0,0,5,0,0,66,0.3878,0:00:21
fmQQdTWtRV4,Leonora - Sugarcane,2-Jul-23,32,1288,0.85,,,0,0,0,0,0,29,0.1219,0:00:15
IgQhxDSmI2I,Match made in HEAVEN ü•∞ü•∞ü•∞ #sarahgeronimo #matteoguidicelli #soinlove #perfectmatch,12-Sep-24,47,1251,3.68,,,0,0,15,0,2,203,1.577,0:00:28
xvfivbHmG5E,Infinix Hot 50 Pro+ look and design,29-Jan-25,13,1235,2.35,,,0,0,16,2,4,591,2.0264,0:00:12
xm2b17X6zVw,#trending #viral #viralvideo #shortvideo Sugarcane,17-Apr-24,9,1225,0.57,,,0,0,5,0,2,503,1.4767,0:00:10
ZsIywZOl9gA,Follow the flow and discover hidden paths. #River #KDRAdventureCamp #KDRAC #OraniBataan #Bataan,8-Jan-25,15,1209,2.81,,,0,0,8,2,0,624,2.2422,0:00:13
Zr54VrNlUC4,Alberto's Pizza üçï‚ù§Ô∏è / @JesMark14 üíû,7-Jun-23,23,1174,3.49,,,0,0,6,1,4,82,0.2578,0:00:11
4RyzWyy1t-I,Ty sa pic ate lyka,15-Feb-24,21,1168,1.2,,,0,0,13,0,0,151,0.486,0:00:12
7vSFJK1R-4c,"KBL ( Kadyos, Baboy, Langka) Kaon ta ninyo üçΩÔ∏è #mukbang #food #foodie",13-Aug-23,61,1158,2.85,,,0,0,1,1,0,126,0.6447,0:00:19
vTcte3NtBwc,I LOVE YOU SINCE 1892 MARNELLA #MarNella #MarloMortel #JanellaSalvador #ILoveYouSince1892 #Trending,8-Jul-25,16,1158,1.64,,,0,0,1,0,0,76,0.1149,0:00:09
AJNG-8_yafM,Leonora another remake?!,12-Feb-24,29,1156,1.47,,,0,0,9,0,1,124,0.5397,0:00:16
_utyYe4SdjA,15-Nov-23,15-Nov-23,18,1152,0.43,,,0,0,1,0,0,18,0.1648,0:00:32
7ZCSZCIjSVU,Full list of all the songs is on my TikTok #18rosessongs #18debutsongs #filipinodebut #18roses,26-Nov-24,61,1122,1.52,,,0,0,11,1,1,620,2.3622,0:00:14
wTYDU_lu52I,#Paruparo#shortvideo,22-Mar-23,13,1068,1.5,,,0,0,9,1,1,149,0.4611,0:00:11
eY6RJl1yHOc,Leonora - Sugarcane #shorts,15-Jun-23,34,1060,1.23,,,0,0,0,0,0,40,0.1808,0:00:16
dwKAPcFkN5c,Preview ‚Ä¢ First ever Radio Drama ‚Ä¢ It's Always You ‚Ä¢ by Mass Comm students ‚Ä¢ Full video in YT,27-Jun-24,44,1034,1.16,,,0,0,3,0,0,14,3.6978,0:18:29
lgTN2ibXu3s,1k likes if you know filandre YT,6-Sep-24,16,1033,5.23,,,0,0,4,0,0,89,0.5298,0:00:21
LS9i_egvi14,hak and dhak,20-May-23,15,1020,1.18,,,0,0,20,0,0,1716,6.7242,0:00:14
Nk48SeUnn9g,#photo #gunita #sugarcane #song,8-Oct-24,61,1020,1.08,,,0,0,0,0,0,44,0.2448,0:00:21
5AtW4tPb-S8,Under the oak tree #edit,24-Sep-23,23,1015,1.58,,,0,0,4,0,0,35,0.0862,0:00:09
xSCxyQ2E1xE,#music #sugarcane #video #vintage,2-Apr-24,19,1002,1.2,,,0,0,1,1,0,68,0.2542,0:00:14
GhiXnePUIec,Mountea bantu PDKT kamu makin lancar!üòçüíö,27-Feb-23,21,978,0,,,0,0,23,0,0,2015,9.0145,0:00:16
yvZxPzQqmVI,jhoanna edit - leonora #jhoanna #bini #edit #shorts,24-Aug-24,21,977,5.12,,,0,0,7,2,0,82,0.4594,0:00:20
m6x1QmshAss,Phillipine Sugarcane Industry,22-Jul-24,61,943,1.7,,,0,0,9,0,4,453,1.8091,0:00:14
gQ59ianI7Lk,19-Jun-25,19-Jun-25,16,914,0.22,,,0,0,0,0,0,67,0.0893,0:00:10
aW8Bg1SsBgc,Bo‚Äôs Coffee Dumaguete Boulevard,16-Jan-24,7,913,1.75,,,0,0,1,1,0,74,0.3172,0:00:16
KojDr8gRxPY,"""Nobody's Portrait  "" music by Sugarcane -Leonora",25-Dec-23,60,910,0.22,,,0,0,0,0,0,45,0.0719,0:00:08
1InUaDEUPws,angelic goddessüòçü´†ü™Ωü§çüèÜü´∂ #beckyarmstrong #beckysangel #freenbecky #9entertainawards2025 #freenbeck,25-May-25,60,903,5.98,,,0,0,64,1,1,962,2.1112,0:00:19
aSBuNikqC6w,#leonora #fyp #fypyoutube #ibongadarna,4-Apr-25,34,892,3.03,,,0,0,5,0,0,397,0.5654,0:00:19
HRiHvhhCP0w,Cara kerja paru2,29-Sep-22,21,890,3.03,,,0,0,3,1,0,230,0.7901,0:00:12
CBNL5o_mpWY,LEONORA BY SUGARCANE (PLANETSHAKERS EDIT!) #planetshakers #edits #shorts,9-Oct-23,19,873,0.34,,,0,0,1,0,0,123,0.3352,0:00:13
S8IwHxtR96s,Leonora with Ashdres muhlach fam,4-Apr-25,29,845,2.13,,,0,0,7,0,0,581,0.7276,0:00:13
TK1ip7EZ_OU,#butterfly,15-Apr-23,28,843,1.07,,,0,0,4,0,1,22,0.0946,0:00:15
l1RvadjgUnE,guys kahit Anong mang yari milmi parin Tayo guys stay strong #runcavmanagement #milmi,22-Jun-25,15,838,3.94,,,0,0,74,0,1,1339,1.9824,0:00:09
CDWUscZVHFs,Leonora - Sugarcane #shorts,13-Jun-23,32,801,1.87,,,0,0,1,1,0,37,0.2826,0:00:28
mn3SS2tDQlQ,"tulad nga ng kanta, dumating na daw ang tinadhana kaso paano may Jackie si Roberto? #albertmartinez",19-Jun-25,27,800,3.88,,,0,0,17,0,0,948,3.0087,0:00:19
PcA6Ih63Hbs,Sugarcane,12-Jan-25,7,797,0.75,,,0,0,13,2,0,806,1.805,0:00:09
F6wKLx75aOQ,Who remembers South Park In San Severo? #shorts #southpark #southparkinsansevero #sansevero,2-May-25,19,779,2.7,,,0,0,4,0,0,788,0.5416,0:00:12
J1ZglGuXa4k,beautiful night lamp #3dnightlamp #ledlamp #buynow #buyhere ‚û°Ô∏è #tiktokshop (nila.recos) #shorts #fyp,23-Mar-24,24,770,0.13,,,0,0,1,0,0,59,0.2009,0:00:12
gPs-S4qrI7k,Tanging Ikaw,3-Jul-25,177,768,3.52,,,0,0,22,1,2,667,23.4669,0:02:06
V65MImnQ3Rs,Kiana x Jyahnar edit [GGZ] {Leonora by Sugarcane},1-May-25,21,754,3.85,,,0,0,3,0,0,94,0.2239,0:00:15
JC6h1k0DBnI,18-Dec-23,18-Dec-23,16,751,5.59,,,0,0,15,1,1,166,0.3984,0:00:09
v7d5ix86F1I,Quick ride before the sun goes down. #KawasakiW175 #Wasak,20-Apr-23,60,747,0,,,0,0,1,0,0,2,0.0085,0:00:15
11EO08Sy5EY,Trucking's Life üòç #truck #sugarcane #travel #natureslover #,22-Nov-24,50,734,3.13,,,0,0,17,0,13,210,1.0261,0:00:17
HXy8WnUZ2wI,REYNA ELENA 2024 #floresdemayo,30-May-24,53,728,0.82,,,0,0,8,0,0,440,1.4658,0:00:12
_JpijyqmPsE,saming bakuran #haranaü•∞,13-Oct-24,61,728,0.27,,,0,0,11,0,2,442,3.6796,0:00:30
oSyM0N4qNt4,up till sunrise. #minecraft,10-Jun-24,41,719,0.56,,,0,0,20,0,1,648,3.4004,0:00:19
YcEjenJGEJU,"Leonora, Wooden flute",28-May-25,49,710,2.68,,,0,0,3,0,0,165,0.3285,0:00:19
Gk5WAdhXbZI,Ang e-jeep ng mga pampublikong paaralan sa #Imus #Cavite #Deped #GEANHS #public #school #philippines,12-Jul-25,13,701,5.56,,,0,0,9,1,0,1804,2.1212,0:00:11
Asnm-51CDm8,ILYS1892 Vibes,3-Apr-25,23,693,0.87,,,0,0,2,0,0,384,0.3367,0:00:14
be1gQlmd_5c,#sugarcane_gabi,27-Feb-23,59,685,1.9,,,0,0,15,0,1,46,0.4076,0:00:32
7VqbeUcAw8E,Paro paro lilipad lipad #shortvideo,8-Aug-23,16,679,1.47,,,0,0,3,0,2,41,0.1617,0:00:14
k2fPjWkV5Ts,Rizal Monument through the Years,27-Sep-23,22,677,1.62,,,0,0,9,0,1,835,2.5532,0:00:11
KvahidxwmT4,‡¶â‡¶§‡ßç‡¶§‡¶∞‡¶™‡ßç‡¶∞‡¶¶‡ßá‡¶∂‡ßá‡¶∞ ‡¶Ü‡¶ñ‡ßá‡¶∞ ‡¶ï‡ßç‡¶∑‡ßá‡¶§ # Sugarcane Field # UP,13-Jun-24,16,659,1.21,,,0,0,1,0,0,93,0.2324,0:00:09
aw5q19vxEHA,So. Sweeeettttt #fayeyoko #blanket #blanktheseries #top,31-Aug-24,40,655,1.68,,,0,0,16,0,0,223,1.1045,0:00:19
DZTYvIkoFh0,Leonora #sugarcane #music #youtubeshorts,13-Apr-25,61,649,2.31,,,0,0,11,9,0,940,2.3272,0:00:25
jGCrlJH9ho8,‡¥ö‡µÇ‡¥ü‡¥æ‡¥Ø‡¥æ‡¥≤‡µç‚Äç ‡¥®‡¥ø‡¥±‡¥Ç ‡¥Æ‡¥æ‡¥±‡µÅ‡¥®‡µç‡¥® ‡¥∏‡¥ø‡¥≤‡¥ø‡¥ï‡µç‡¥ï ‡¥ï‡µç‡¥∞‡¥ø‡¥∏‡µç‡¥±‡µç‡¥±‡µΩ. ‡¥à‡µº‡¥™‡µç‡¥™‡¥Ç ‡¥µ‡¥≤‡¥ø‡¥ö‡µç‡¥ö‡µÜ‡¥ü‡µÅ‡¥§‡µç‡¥§‡¥æ‡µΩ ‡¥µ‡µÄ‡¥£‡µç‡¥ü‡µÅ‡¥Ç ‡¥á‡¥µ ‡¥™‡¥¥‡¥Ø ‡¥®‡¥ø‡¥±‡¥Æ‡¥æ‡¥ï‡µÅ‡¥Ç.,6-Feb-23,17,649,0.92,,,0,0,5,0,0,238,0.6541,0:00:09
AceSgXBjiDg,#franseth lagi nila suot Ang couple necklace nilasan man Sila mag puntah#sethfedelin@FrancineCDiaz,3-Jul-23,23,648,4.17,,,0,0,12,0,0,243,1.0947,0:00:18
nEyxh-8VCTw,GEC_ART #leonora,21-Apr-24,25,647,0.46,,,0,0,1,1,0,18,0.0245,0:00:15
rnqCSW2-49c,Ang ganda ganda ni colet #binicolet,4-Mar-25,21,646,6.66,,,0,0,42,0,1,617,2.3885,0:00:14
y9HpTPOSKmM,"Oh, ikaw ang pinakamagandang dalaga! | STREAM MARIA CLARA by SUGARCANE",18-Mar-24,40,646,2.17,,,0,0,3,0,0,32,0.1322,0:00:15
ZBo3UTX-E0Y,#pov : eme na sa MV ka ng Leonora #sugarcane #leonora,15-Dec-24,48,641,0.62,,,0,0,11,0,1,516,2.6044,0:00:18
tQNRlb-su1k,Maria Clara monologue,2-May-24,60,639,2.66,,,0,0,1,0,0,25,0.1582,0:00:22
f8j021aUTTk,Paalam Leonora - Sugarcane #dreamerlyricofficial #overlay #fyp„Ç∑„Çöviral #sugarcane #songlyrics,19-Jun-25,33,622,0.32,,,0,0,0,0,0,33,0.085,0:00:28
p3w1NNqyjHI,thailand sir,1-Apr-23,12,602,0.66,,,0,0,3,0,0,13,0.0275,0:00:07
