"post_id","page_id","page_name","title","description","post_type","duration_sec","publish_time","year","month","day","time","permalink","is_crosspost","is_share","funded_content_status","reach","shares","comments","reactions","seconds_viewed","average_seconds_viewed","impressions"
"1075802507240094","100044310645639","SUGARCANE","Beyond grateful to have been a part of #MissBaguio2024 Coronation Night! 

Huge shoutout to everyone who made this amazing event happen â€” from the team behind the scenes to the contestants who brought their A-game. Couldn't have asked for a better night! Thank you! 

: Angelo Sanidad of Aâ€™s Shots 

#MUPHBaguio2024 
Miss Baguio",NULL,"Photos","0.00","2024-09-01 23:57:00",2024,9,1,"23:57:00","https://www.facebook.com/thesugarcaneph/posts/pfbid05RsAYuH5atef98CT8UXr5ch3hb7YCzZ1Eaf9cWwKNrzU7NuFcQ4yoA3wfHKqBHfyl",False,False,"NaN","8698","16","6","347","0.00","0.00",NULL
"1072642374222774","100044310645639","SUGARCANE","Still feeling the energy from We Play Here! A huge thank you to everyone who came out and made it an unforgettable event. 

: Noel Macadangdang of ACNM Media 

Warner Music Philippines",NULL,"Photos","0.00","2024-08-28 03:30:00",2024,8,28,"03:30:00","https://www.facebook.com/thesugarcaneph/posts/pfbid03vc9gyF9pLFEqFo6hDdEjQVhYHibQ5mxx8v7N2gzBhGYa32cxF7qz238YkWuVrx3l",False,False,"NaN","11273","36","25","499","0.00","0.00",NULL
"1071744814312530","100044310645639","SUGARCANE","See you, Baguio!! ",NULL,"Photos","0.00","2024-08-27 00:13:00",2024,8,27,"00:13:00","https://www.facebook.com/thesugarcaneph/posts/pfbid0bAjJZqZYFfXPTX8f1poziqYpWiq6xP8ecskrwkF4ue2G1QJUAaU6bYMtmbdm4ZHRl",False,True,"NaN","5755","4","6","182","0.00","0.00",NULL
"1071162084370803","100044310645639","SUGARCANE","We Play Here Campus Tour Highlights | Sugarcane","@[100092286526361:2048:We Play Here] hangover is real! 

Huge thanks to @[100006437491249:2048:Gian Bernardino] for guesting on our set, and to @[100000568784222:2048:Raphaell Ridao], Keanna Magracia, and Cairo Peralta for the support! 

: Ivan Aguillon & Noel Macadangdang of @[100080065946395:2048:ACNM Media] 

@[100064878091978:2048:Warner Music Philippines]","Videos","0.00","2024-08-26 03:09:00",2024,8,26,"03:09:00","https://www.facebook.com/thesugarcaneph/videos/8283124031766460/",False,False,"NaN","12153","71","13","1044","105709.08","9.04",NULL
"1070551234431888","100044310645639","SUGARCANE","Last night was 

Thank you for sharing the stage with us, Gian Bernardino!

#WePlayHere
Warner Music Philippines",NULL,"Photos","0.00","2024-08-25 05:23:00",2024,8,25,"05:23:00","https://www.facebook.com/thesugarcaneph/posts/pfbid0VeXUBcgLGscPsdu2uxtcQJe2MS93pgwmJSXSKenD481YAbz4cigM3K65NmMB8x6Rl",False,False,"NaN","12249","33","16","646","0.00","0.00",NULL
"1069662354520776","100044310645639","SUGARCANE","",NULL,"Videos","0.00","2024-08-23 22:02:00",2024,8,23,"22:02:00","https://www.facebook.com/thesugarcaneph/posts/pfbid0fkSNvvqCyf9ErZKxH7WPFikPLseDAYcphgzRyfJ7PbFiYnotdZt4EkehD7QhNSyUl",False,True,"NaN","2450","0","1","129","0.00","0.00",NULL
"1068961004590911","100044310645639","SUGARCANE","Kita kits tayo mamaya sa UP Diliman, folks!! ",NULL,"Photos","0.00","2024-08-22 20:24:00",2024,8,22,"20:24:00","https://www.facebook.com/thesugarcaneph/posts/pfbid024LdcSLPQdLLgG9sxjY6deZGDhoXSk4SM6QRk8FphwaxSWQ7qPzEqUGkAN3Dzb5edl",False,True,"NaN","6678","4","7","185","0.00","0.00",NULL
"1067579818062363","100044310645639","SUGARCANE","Ayala Malls TriNoma was on fire at Crash Adams'  tour! Beyond thrilled to have been part of such an unforgettable experience. 

: Noel Macadangdang & Adrienne Corales",NULL,"Photos","0.00","2024-08-21 00:32:00",2024,8,21,"00:32:00","https://www.facebook.com/thesugarcaneph/posts/pfbid02Vo9oxQQNBUdPaH4LUspYjdb6NrBqak2MpoDY3yYDtdy9K5Kr1npDZiwyq7VZULJtl",False,False,"NaN","12896","41","20","564","0.00","0.00",NULL
"1110346770452334","100044310645639","SUGARCANE","Hirap naman ng ganito ","Hirap naman ng ganito ","Reels","0.00","2024-10-20 02:09:00",2024,10,20,"02:09:00","https://www.facebook.com/reel/2358209871203749/",True,False,"NaN","173480","2474","923","8810","715405.41","4.38",NULL
"1077170883769923","100044310645639","SUGARCANE","Online muna habang maulan... next time sa tapat naman ng bahay nyo ","Online muna habang maulan... next time sa tapat naman ng bahay nyo 

Stream ""Pagbigyan"" here: sugarcane.lnk.to/pagbigyan","Videos","0.00","2024-09-04 03:13:00",2024,9,4,"03:13:00","https://www.facebook.com/thesugarcaneph/videos/532077102689293/",False,False,"NaN","5885","27","43","515","79251.92","9.51",NULL
"1120942692726075","100044310645639","SUGARCANE","Bakit lagi syang nakangiti pag tumatawag shopee 

Pre-save the song here
https://sugarcane.lnk.to/presavelaginalang","Bakit lagi syang nakangiti pag tumatawag shopee 

Pre-save the song here
https://sugarcane.lnk.to/presavelaginalang","Reels","0.00","2024-11-04 01:54:00",2024,11,4,"01:54:00","https://www.facebook.com/reel/8454296358014054/",True,False,"NaN","110283","208","34","3356","982202.62","9.34",NULL
"1120807579406253","100044310645639","SUGARCANE","Palitan mo na battery mo 

Pre-save the song here: sugarcane.lnk.to/presavelaginalang","Palitan mo na battery mo 

Pre-save the song here: sugarcane.lnk.to/presavelaginalang","Reels","0.00","2024-11-03 20:35:00",2024,11,3,"20:35:00","https://www.facebook.com/reel/3398758747094976/",True,False,"NaN","5775","14","10","195","26736.27","4.95",NULL
"980197593467253","100044310645639","SUGARCANE","Tag mo nga yung pinakamagandang dalaga sa buhay mo   STREAM HERE: sugarcane.lnk.to/mariaclara","Tag mo nga yung pinakamagandang dalaga sa buhay mo 

STREAM HERE:
sugarcane.lnk.to/mariaclara","Videos","0.00","2024-04-02 04:32:00",2024,4,2,"04:32:00","https://www.facebook.com/thesugarcaneph/videos/353521154356580/",False,False,"NaN","11581","89","61","845","96808.01","9.42",NULL
"1032668734886805","100044310645639","SUGARCANE","See you sa saturday, folks!! ",NULL,"Photos","0.00","2024-06-27 07:59:00",2024,6,27,"07:59:00","https://www.facebook.com/thesugarcaneph/posts/pfbid0KRxB5wVCwVRouMYF4Nxk1FpXgwc2mqnuBtrpSFu9QryADNJdASCGUfYRRggbtwwGl",False,True,"NaN","5838","1","1","129","0.00","0.00",NULL
"1032249724928706","100044310645639","SUGARCANE","Kita kits mamaya!! ",NULL,"Photos","0.00","2024-06-26 17:32:00",2024,6,26,"17:32:00","https://www.facebook.com/thesugarcaneph/posts/pfbid0EFxAXDEJi7Rw8TCHuQn3R7KTasGiibRora1S2vY4WydmVF2W7g1kbyttck4ayjpAl",False,True,"NaN","6365","4","5","228","0.00","0.00",NULL
"1029183971901948","100044310645639","SUGARCANE","Free admission later!! See you all ",NULL,"Photos","0.00","2024-06-22 00:48:00",2024,6,22,"00:48:00","https://www.facebook.com/thesugarcaneph/posts/pfbid02dQoEakurfoPQ4F64ya9hcY3DsfxiUqMwGgZLMqn633QLTVYqpjpcpeGxnixkGPNul",False,True,"NaN","3873","3","0","108","0.00","0.00",NULL
"1027851018701910","100044310645639","SUGARCANE","Happy birthday sa unica hija at sa pinakamaganda sa SUGARCANE, Ronamae TiÃ±ola!! ",NULL,"Photos","0.00","2024-06-20 04:00:00",2024,6,20,"04:00:00","https://www.facebook.com/thesugarcaneph/posts/pfbid02AsUuPPZb94zesKLnAwX9jeoJQetuEPrqZjJBGNzhRru9BNLMghdLGLAtG684oDVnl",False,False,"NaN","21135","86","370","2394","0.00","0.00",NULL
"1027215205432158","100044310645639","SUGARCANE","Hi Folks! Kita-kita tayo sa June 22! ",NULL,"Photos","0.00","2024-06-19 04:04:00",2024,6,19,"04:04:00","https://www.facebook.com/thesugarcaneph/posts/pfbid0BgYzqxkchch25RzusFRen5RS2MLep7rAJiYGv26mbF8w6gSJkqSQFxguDYCFjrmul",False,False,"NaN","10408","22","10","576","0.00","0.00",NULL
"1026089322211413","100044310645639","SUGARCANE","Thank you so much, Eastwood City! 

Independence day celebration with Sugarfolks at Eastwood. Namiss namin Sinehan busking tour dahil dito 

: Renzo Panganiban",NULL,"Photos","0.00","2024-06-17 04:30:00",2024,6,17,"04:30:00","https://www.facebook.com/thesugarcaneph/posts/pfbid02S2QSCTfnf8aiBnXUEwLecZ7YQ47M65CHeepr9VAmVjJ3YrD3JubSyC4npATDhdnJl",False,False,"NaN","8355","43","12","609","0.00","0.00",NULL
"1024265109060501","100044310645639","SUGARCANE","Congrats on the successful promposal! 

: Richraven Solis and Psalm Silao",NULL,"Photos","0.00","2024-06-14 03:30:00",2024,6,14,"03:30:00","https://www.facebook.com/thesugarcaneph/posts/pfbid07XxnXV57W7wACfGaMtDa1xC6265VwDRBe1JZQARRsV33BoNhaXFP7pZziagFSTakl",False,False,"NaN","54655","96","138","2963","0.00","0.00",NULL
"1022504959236516","100044310645639","SUGARCANE","ğ—ğ˜‚ğ—»ğ—² ğŸ­ğŸ±, ğŸ®ğŸ¬ğŸ®ğŸ°
 ğŸ­ğŸ®ğŸ¯ğ—•ğ—¹ğ—¼ğ—°ğ—¸, ğ— ğ—®ğ—»ğ—±ğ—®ğ—¹ğ˜‚ğ˜†ğ—¼ğ—»ğ—´ ğ—–ğ—¶ğ˜ğ˜†.
â€” ğ—¦ğ—˜ğ—–ğ—¨ğ—¥ğ—˜ ğ—¬ğ—¢ğ—¨ğ—¥ ğ—§ğ—œğ—–ğ—ğ—˜ğ—§ğ—¦ ğ—¡ğ—¢ğ—ª 
: https://tinyurl.com/PSBading-PREREG
: https://tinyurl.com/PSBading-PREREG
: https://tinyurl.com/PSBading-PREREG

A fundraising gig for the benefit of ğ™ğ™ğ™š ğ™ƒğ™¤ğ™¢ğ™š ğ™¤ğ™› ğ™©ğ™ğ™š ğ™‚ğ™¤ğ™¡ğ™™ğ™šğ™£ ğ™‚ğ™–ğ™®ğ™¨! 
We will be sharing the stage with: 

Over October 
The Ridleys 
Earl Generao 
Kio Priest 
Dom Guyot 
Stef Aranas 
sid lily 
Huni 
Riz",NULL,"Photos","0.00","2024-06-11 03:30:00",2024,6,11,"03:30:00","https://www.facebook.com/thesugarcaneph/posts/pfbid0y18XZyU7dLXCKkVoRqSD2FqKpiWMLzVY2TrrDmqVyi8CL1W7ePHDSbXPuPFG5ZGVl",False,False,"NaN","11028","24","11","345","0.00","0.00",NULL
"1021926945960984","100044310645639","SUGARCANE","FREE ADMISSION + MERCH GIVEAWAY + MERCH SALE

All this happening only at Eastwood City on June 12! See you 

ğŒğğœğ¡ğšğ§ğ¢ğœğ¬ ğŸğ¨ğ« ğ­ğ¡ğ ğ¦ğğ«ğœğ¡ ğ ğ¢ğ¯ğğšğ°ğšğ²:

1. Upload a live performance video of Sugarcaneâ€™s â€œMaria Claraâ€ on Tiktok with the hashtag #AkingMariaClara 
2. First ten (10) fans to show us the video at our Eastwood gig will receive a Sugarcane merch",NULL,"Photos","0.00","2024-06-10 03:25:00",2024,6,10,"03:25:00","https://www.facebook.com/thesugarcaneph/posts/pfbid02gpU7Tayw26h37bpCeT8xT1p6yshQfkSpeTFgtw1QJu9ho97s2SsMVtTfKM9Gpwb9l",False,False,"NaN","15027","46","39","691","0.00","0.00",NULL
"1021405902679755","100044310645639","SUGARCANE","Hi Folks! Come celebrate Independence Day with us at Eastwood City 

Fuente Circle, Eastwood City
 June 12, 2024
 6:00pm

See you! 

#PINTIGatEastwoodCity
#WeAreEastwoodCity",NULL,"Photos","0.00","2024-06-09 05:49:00",2024,6,9,"05:49:00","https://www.facebook.com/thesugarcaneph/posts/pfbid02SLCubVh3z4V3EyuGxvoxPLj7SJCZyhrB5huG1TfrG1ZvBUAKjNSfoxG41LUNojYzl",False,True,"NaN","10506","16","20","329","0.00","0.00",NULL
"1020209109466101","100044310645639","SUGARCANE","See you, folks!!! 

Scan the QR code or register through this link: https://bit.ly/muepparty",NULL,"Photos","0.00","2024-06-07 05:52:00",2024,6,7,"05:52:00","https://www.facebook.com/thesugarcaneph/posts/pfbid02x6vj7sogS3NE6CCDW7r5RXwUXcc9vWHE4GUxtsry5qYPG8f46k9LsjMTe8N5SC2tl",False,True,"NaN","8869","6","15","203","0.00","0.00",NULL
"1019569819530030","100044310645639","SUGARCANE","Congratulations to our lead vocalist, songwriter, arranger, and auditor, Cedric Angeles, in his remarkable achievement of graduating with a degree in Accountancy!

Youâ€™ve shown incredible talent and commitment in every aspect of your life, and we couldnâ€™t be prouder of you. Hereâ€™s to the many milestones youâ€™ve already achieved and to the exciting future ahead! Good luck sa boards, one take cutie 

Cedric James A. Angeles
Bachelor of Science in Accounting Information Systems
University of Santo Tomas
Class of 2024

: Mary Khristine",NULL,"Photos","0.00","2024-06-06 04:43:00",2024,6,6,"04:43:00","https://www.facebook.com/thesugarcaneph/posts/pfbid0V9hF87RqBYeVGURnKruKYxKf7nYVN1ywgz2ccLsSENaLMB8KmGvZNfmceaWmVaV4l",False,False,"NaN","37568","165","198","3643","0.00","0.00",NULL
"1017830489703963","100044310645639","SUGARCANE","Intimate gig with The Ridleys & Martti Franca, this Saturday, 6PM, at J&P! 

Message Jess & Pat's to reserve your tickets  See you there!",NULL,"Photos","0.00","2024-06-03 05:17:00",2024,6,3,"05:17:00","https://www.facebook.com/thesugarcaneph/posts/pfbid027aUPRgtfahkeJuJeY4E44Z4Nq9HJ9cZngrMpahaSKe2bPohaueGTx746u4ZpGoUhl",False,True,"NaN","12085","11","8","398","0.00","0.00",NULL
"1017261773094168","100044310645639","SUGARCANE","See you? See you!! 

Buy your tickets here: https://bit.ly/cmf-5",NULL,"Photos","0.00","2024-06-02 05:42:00",2024,6,2,"05:42:00","https://www.facebook.com/thesugarcaneph/posts/pfbid02Hk6gd8LygwBARQ8EJRTkTBjKuJx99KoBm1EoKujxCc8569VCrRkGzXWUUmPAp663l",False,True,"NaN","9832","18","20","310","0.00","0.00",NULL
"1016523136501365","100044310645639","SUGARCANE","Full episode is out now on Spotify & Youtube 

Watch here: youtu.be/zIAaefVrp_0?si=UqWUdEXwjeW3p9tP",NULL,"Videos","0.00","2024-05-31 23:38:00",2024,5,31,"23:38:00","https://www.facebook.com/thesugarcaneph/posts/pfbid02SLeDh553rhf1sYjM1NY7R659oi7sUwcPF4w3cnEVb7JRuDB3KvK1Gmf6DPh3rzdql",False,True,"NaN","1951","0","3","98","0.00","0.00",NULL
"1016036659883346","100044310645639","SUGARCANE","bagong song para sa lahat ng naggagandahang kababaihan 

Stream here: sugarcane.lnk.to/akingmariaclara","bagong song para sa lahat ng naggagandahang kababaihan 

Stream here: sugarcane.lnk.to/akingmariaclara","Videos","0.00","2024-05-31 03:45:00",2024,5,31,"03:45:00","https://www.facebook.com/thesugarcaneph/videos/1955544508232813/",False,False,"NaN","4487","21","22","273","27626.51","7.30",NULL
"1015480593272286","100044310645639","SUGARCANE","Thank you Wish 107.5 & Jikamarie!! ",NULL,"Photos","0.00","2024-05-30 05:13:00",2024,5,30,"05:13:00","https://www.facebook.com/thesugarcaneph/posts/pfbid02emksnXE1imv3oW7WpELPQYb41MHRQVB2HSHfJU1oa8s5gATVFFedRt5V2pmCmvJjl",False,True,"NaN","7269","12","8","364","0.00","0.00",NULL
"1015254659961546","100044310645639","SUGARCANE","See you later sa Capital Town Pampanga, kasama namin si Jikamarie! ",NULL,"Photos","0.00","2024-05-29 19:53:00",2024,5,29,"19:53:00","https://www.facebook.com/thesugarcaneph/posts/pfbid02YEucGhgw3ixYVXJ2CpgTLUc5U5zrnTc7nFvhAwNGjQ1fCrSQ6Had5mCgdjer9ndtl",False,True,"NaN","6298","6","6","242","0.00","0.00",NULL
"1014877779999234","100044310645639","SUGARCANE","Thank you, Billboard PH! 

Watch full episode here: youtu.be/zIAaefVrp_0?si=UqWUdEXwjeW3p9tP

#BillboardPH
#BillboardPhilippines
#SugarcaneforBillboardPH",NULL,"Videos","0.00","2024-05-29 04:22:00",2024,5,29,"04:22:00","https://www.facebook.com/thesugarcaneph/posts/pfbid0KmpzkprBuTWTXGvWWR3T2aBzfmmtCRktgq6kQSF7NivqWGgfqsbAnc3r8sSYzVm7l",False,True,"NaN","2301","0","4","128","0.00","0.00",NULL
"1014748523345493","100044310645639","SUGARCANE","Hi Folks! Join us on May 31, at saGuijo Cafe + Bar Events! Gate opens at 7PM. 

Mint Magic
Autotelic
ALYSON
Marco Salvacruz
Sam Akins

: Sign-up and get your tickets here:
https://forms.gle/X2L72EPFdYt5ZiJV6",NULL,"Photos","0.00","2024-05-28 23:20:00",2024,5,28,"23:20:00","https://www.facebook.com/thesugarcaneph/posts/pfbid02sQZGQRVm5eSjym4iUR9XUqD64cgD4AhAdB9D3iiSi9qgjEq1DkRz8tUAs4Y9KGRml",False,False,"NaN","6470","15","35","377","0.00","0.00",NULL
"1014278830059129","100044310645639","SUGARCANE","â€œah basta... ikaw lamang ang hiling na makasamaâ€ 

stream here: sugarcane.lnk.to/akingmariaclara","â€œah basta... ikaw lamang ang hiling na makasamaâ€ 

stream here: sugarcane.lnk.to/akingmariaclara","Videos","0.00","2024-05-28 04:00:00",2024,5,28,"04:00:00","https://www.facebook.com/thesugarcaneph/videos/971696487616963/",True,False,"NaN","7679","42","11","455","51311.69","7.66",NULL
"1111604030326608","100044310645639","SUGARCANE","at least hindi ako useless","at least hindi ako useless","Videos","0.00","2024-10-21 21:00:00",2024,10,21,"21:00:00","https://www.facebook.com/thesugarcaneph/videos/540402961919036/",False,False,"NaN","3076","19","7","184","21041.14","6.73",NULL
"1014132746740404","100044310645639","SUGARCANE","Thank you Billboard PH! 

Look out for this week's episode of Volumes, coming this Wednesday on YouTube and Spotify. 

#BillboardPH
#BillboardPhilippines
#SugarcaneforBillboardPH",NULL,"Videos","0.00","2024-05-27 21:45:00",2024,5,27,"21:45:00","https://www.facebook.com/thesugarcaneph/posts/pfbid0mWBenHJU5Fko22fUun3Zr2njsz9Wmi4SBs5S4b4cYWm8SbSUA2rjKmdFyfRZwjgSl",False,True,"NaN","1830","0","4","100","0.00","0.00",NULL
"1013673910119621","100044310645639","SUGARCANE","How we came up with the collaboration with Jikamarie for ""Aking Maria Clara"" 

sugarcane.lnk.to/akingmariaclara","How we came up with the collaboration with Jikamarie for ""Aking Maria Clara"" 

sugarcane.lnk.to/akingmariaclara","Videos","0.00","2024-05-27 03:01:00",2024,5,27,"03:01:00","https://www.facebook.com/thesugarcaneph/videos/478365127931225/",True,False,"NaN","9902","23","16","421","62016.40","7.89",NULL
"1013105950176417","100044310645639","SUGARCANE","Pang thirst trap na maLOFIt

Aking Maria Clara ft. Jikamarie
sugarcane.lnk.to/akingmariaclara","Pang thirst trap na maLOFIt

Aking Maria Clara ft. Jikamarie
sugarcane.lnk.to/akingmariaclara","Videos","0.00","2024-05-26 03:01:00",2024,5,26,"03:01:00","https://www.facebook.com/thesugarcaneph/videos/1118123029449648/",True,False,"NaN","8240","41","17","477","71233.19","9.48",NULL
"1012501600236852","100044310645639","SUGARCANE","""ğ€ğ¤ğ¢ğ§ğ  ğŒğšğ«ğ¢ğš ğ‚ğ¥ğšğ«ğš"" ft. Jikamarie 
Out now, stream here: sugarcane.lnk.to/akingmariaclara

It has always been a dream for us to collaborate with someone not only incredibly talented but also a wonderful friend like Jika. As a starting band, Jika was one of the most genuine artists we've met. She made us feel like we belonged and that we had a true friend in the scene. Thank you, Jika! This project was truly special for us.

Warner Music Philippines 

: Louis Anthony Duran 
: Rudolf Davalos 
: Ranque Mark 
: Christine Mamalio",NULL,"Photos","0.00","2024-05-25 03:00:00",2024,5,25,"03:00:00","https://www.facebook.com/thesugarcaneph/posts/pfbid0edEsPwFkjsnUWzXo8DEGFbEcRZA4qeLFCUwmcsYwrUbhH7bikVhtkh5hyhSwiKM6l",False,False,"NaN","6383","28","29","605","0.00","0.00",NULL
"1012332966920382","100044310645639","SUGARCANE","Bigyan ng bagong kanta yan!
sugarcane.lnk.to/akingmariaclara","Bigyan ng bagong kanta yan!
sugarcane.lnk.to/akingmariaclara","Videos","0.00","2024-05-24 20:52:00",2024,5,24,"20:52:00","https://www.facebook.com/thesugarcaneph/videos/481074651011111/",False,False,"NaN","18238","46","24","859","107546.99","6.44",NULL
"1011895510297461","100044310645639","SUGARCANE","Aking Maria Clara ft. Jikamarie (Official Lyric Visualizer)","ğ€ğ¤ğ¢ğ§ğ  ğŒğšğ«ğ¢ğš ğ‚ğ¥ğšğ«ğš ğŸğ­. @[100076287875942:2048:Jikamarie] (ğğŸğŸğ¢ğœğ¢ğšğ¥ ğ‹ğ²ğ«ğ¢ğœ ğ•ğ¢ğ¬ğ®ğšğ¥ğ¢ğ³ğğ«)

OUT NOW! WATCH HERE 
https://youtu.be/NQBRpBlCzvE

Video Production by @[100064379964693:2048:Chapters]:
Executive Producer: Andromeda Tan 
Director: John Vladimir Manalo 
Creative Producer and Asst Dir: Jonina Ramos 
Assoc Producer: Lyka Estanislao 
DOP: Karlo Calingao 
Videographer: Carl Tejada 
Photographer: Louis Anthony Duran 
PM: Iris Manzano
BTS & Marketing Videog: Rj Garduque 
BTS Videographer: Luis David Antonio
BTS Photographer: John Paul Paver 
Gaffer: Garren Bustarde 
Video Editor: Sean San Luis 
PA: Jaybert Rima & Roger Valenzuela
Audio Man: Mike Beltran
Driver: Jay Panti
Driver: Rowen Obo

Styling by Mark Ranque 
Hair Stylist: Rudolf Davilos 
Make-up by Dorothy Mamalio

@[100064878091978:2048:Warner Music Philippines]","Videos","0.00","2024-05-24 03:30:00",2024,5,24,"03:30:00","https://www.facebook.com/thesugarcaneph/videos/1816988225379110/",True,False,"NaN","28482","118","33","1356","129324.19","5.09",NULL
"1011855620301450","100044310645639","SUGARCANE","Thank you, Billboard PH! 
Stream here: sugarcane.lnk.to/akingmariaclara",NULL,"Links","0.00","2024-05-24 01:51:00",2024,5,24,"01:51:00","https://www.facebook.com/thesugarcaneph/posts/pfbid0281bFUJUq7DBiQGQ9dHs3BmexMtvZMAYTAgxdudGbd6WWuNjpUnFEY94FtWCBBFvcl",False,True,"NaN","6243","11","27","289","0.00","0.00",NULL
"1011465123673833","100044310645639","SUGARCANE","""ğ€ğŠğˆğğ† ğŒğ€ğ‘ğˆğ€ ğ‚ğ‹ğ€ğ‘ğ€"" ğŸğ­. Jikamarie  
ğğ”ğ“ ğğğ–, ğ’ğ“ğ‘ğ„ğ€ğŒ ğ‡ğ„ğ‘ğ„:
sugarcane.lnk.to/akingmariaclara",NULL,"Photos","0.00","2024-05-23 09:14:00",2024,5,23,"09:14:00","https://www.facebook.com/photo.php?fbid=1011465123673833&set=a.228682271952126&type=3",False,False,"NaN","1840","27","34","643","0.00","0.00",NULL
"1011458300341182","100044310645639","SUGARCANE","""ğ€ğŠğˆğğ† ğŒğ€ğ‘ğˆğ€ ğ‚ğ‹ğ€ğ‘ğ€"" ğŸğ­. Jikamarie  
ğğ”ğ“ ğğğ–, ğ’ğ“ğ‘ğ„ğ€ğŒ ğ‡ğ„ğ‘ğ„: sugarcane.lnk.to/akingmariaclara

A heartfelt track that talks about the bliss of having your loved one beside you. Through poetic lyrics and a blend of lo-fi and R&B sounds, the song offers a fresh perspective on admiration and appreciation. With its intimate melodies and soulful vibe, it captivates listeners, leaving a lasting impression of love and affection.

Performed by: Sugarcane, Jikamarie
Written by: Nijale Jizar T. Villa, Froilan Jerome DJ. Bautista, Cedric James A. Angeles
Produced by: Brian Lotho
Mixing Engineer: Jorel Corpus
Mastering Engineer: Jett Galindo of The Bakery L.A.
Art by Felix Gasmen
Graphics by Rem Brofar

Warner Music Philippines:
Sarah Ismail
Kelley Mangahas 
Rem Brofar 
Nicole De Jesus 
Jam Rances 
Vicky Malong 
Patricia Paredes 
Neil Dimapilis 
Jeremy Yap
Celine Ferros 
Joey Valverde 
Nicka Lumalang",NULL,"Photos","0.00","2024-05-23 09:00:00",2024,5,23,"09:00:00","https://www.facebook.com/thesugarcaneph/posts/pfbid02tjYsHJasagQcjQD874hCM6t7wnYUGXARhZFaYnJcusbDSWCuWY4e8nxnnYkUWwyEl",False,False,"NaN","27551","223","139","2189","0.00","0.00",NULL
"1010159987137680","100044310645639","SUGARCANE","",NULL,"Videos","0.00","2024-05-21 06:23:00",2024,5,21,"06:23:00","https://www.facebook.com/thesugarcaneph/posts/pfbid0aFYXhuNCJ9FBYLCLjZvdk5XGuFVdeuWGt4FijjaxJjSSu375PNUQPQMnozeTZYkjl",False,True,"NaN","3054","0","18","307","0.00","0.00",NULL
"1008711147282564","100044310645639","SUGARCANE","sorry naubusan ng calamansi",NULL,"Photos","0.00","2024-05-19 00:23:00",2024,5,19,"00:23:00","https://www.facebook.com/thesugarcaneph/posts/pfbid02AvDFxTRxM8vPi82hhZWSicAjq2jn2mbV2qSXnFUbuAM6pudpNYHgXQ5jvbYqFbpTl",False,False,"NaN","281221","212","51","3936","0.00","0.00",NULL
"1007505024069843","100044310645639","SUGARCANE","Tabi! Kakanta si Jikamarie! ","Tabi! Kakanta si @[100076287875942:2048:Jikamarie]! ","Videos","0.00","2024-05-17 04:18:00",2024,5,17,"04:18:00","https://www.facebook.com/thesugarcaneph/videos/1024670345748506/",False,False,"NaN","25812","65","31","1079","139139.96","6.18",NULL
"1005549430932069","100044310645639","SUGARCANE","Back-to-back intimate gig with The Ridleys this Saturday, 6PM, at J&P! 

Message Jess & Pat's to reserve tickets  See you there!",NULL,"Photos","0.00","2024-05-14 03:00:00",2024,5,14,"03:00:00","https://www.facebook.com/thesugarcaneph/posts/pfbid02mfFL5t3bhLe8x1WLJtkhfVsZms3nW2ereWMhvXwSPm64oPpzGkJv11Ng9j36Cvnwl",False,True,"NaN","6854","43","49","639","0.00","0.00",NULL
"1004950487658630","100044310645639","SUGARCANE","ğ‡ğšğ©ğ©ğ² ğŸğŒ ğ¬ğ­ğ«ğğšğ¦ğ¬ ""ğ‘´ğ’‚ğ’“ğ’Šğ’‚ ğ‘ªğ’ğ’‚ğ’“ğ’‚""

Quick trivia: Did you know that the character ""Maria Clara"" from Noli Me Tangere, was inspired by Leonor Rivera, Rizal's 'greatest loveâ€™. One reason to say that Maria Clara and Ibarra's love story could mirror Leonor and Rizal's romance. 

Leonora  Maria Clara 

Stream here: sugarcane.lnk.to/mariaclara

Art by: Felix Gasmen
Lay-out by: Miss Khristine - Freelance Video Editing",NULL,"Photos","0.00","2024-05-13 03:30:00",2024,5,13,"03:30:00","https://www.facebook.com/thesugarcaneph/posts/pfbid0gkeVxx75o5moAyu4qC5YLJCUZxhK1DkCviTJe12iAqtBTMMoqn8QCof2sVSSemgJl",False,False,"NaN","31174","173","149","2196","0.00","0.00",NULL
"1004302517723427","100044310645639","SUGARCANE","Maria Clara - Official Instrumental","Maria Clara - Official Instrumental
Watch the full video here: youtube.com/watch?v=tm7fRlt0jt8

Sakto, kantahan muna natin lahat ng naggagandahang mga ilaw ng tahanan sa buhay natin. Happy Mother's day!  Wait namin mga covers niyo ha ","Videos","0.00","2024-05-12 03:22:00",2024,5,12,"03:22:00","https://www.facebook.com/thesugarcaneph/videos/1901594800290744/",False,False,"NaN","72174","246","93","3557","256966.23","4.50",NULL
"1001234624696883","100044310645639","SUGARCANE","Sarap siguro makantahan ng kanta na 'to bago matulog ","Sarap siguro makantahan ng kanta na 'to bago matulog 

sugarcane.lnk.to/mariaclara","Videos","0.00","2024-05-07 04:13:00",2024,5,7,"04:13:00","https://www.facebook.com/thesugarcaneph/videos/744905331175535/",False,False,"NaN","9636","64","62","575","56424.02","5.93",NULL
"999869954833350","100044310645639","SUGARCANE","Ang tangi kong hiling, hanggang dulo ikaw ang kapiling ",NULL,"Text","0.00","2024-05-04 22:21:00",2024,5,4,"22:21:00","https://www.facebook.com/thesugarcaneph/posts/pfbid02PWwKjk15ugX3NWFNYTRJwoPRMmA5UZCE8mf3roBibDexpUhTnGZ4QJT7EJ69GUPEl",False,False,"NaN","64625","548","460","3189","0.00","0.00",NULL
"998765768277102","100044310645639","SUGARCANE","Super love talaga namin intimate gigs with you guys! 

Thank you Calle 9465, at sa lahat ng folks na pumunta 

: Adrienne Corales",NULL,"Photos","0.00","2024-05-03 03:00:00",2024,5,3,"03:00:00","https://www.facebook.com/thesugarcaneph/posts/pfbid0csEjreLFe8sBw9xAyvpu5Ls6yge3F6saYtpBtxuFH9s26bEAkBZXUsgBdWivn6j4l",False,False,"NaN","22862","42","58","836","0.00","0.00",NULL
"997521781734834","100044310645639","SUGARCANE","Maraming salamat, La Salle Greenhills!   

Saang school naman kaya next, folks? 

For bookings: Message us at thesugarcaneph@gmail.com

: Adrienne Corales",NULL,"Photos","0.00","2024-05-01 03:00:00",2024,5,1,"03:00:00","https://www.facebook.com/thesugarcaneph/posts/pfbid0NNkqnutiujdq6deYtit4CgBhzD4fgXpnprt3Q1WGR9xZAEbwMasocymreTvLcNXYl",False,False,"NaN","31978","67","106","1322","0.00","0.00",NULL
"996869451800067","100044310645639","SUGARCANE","NU Fairview University Week 2024   

Maraming salamat Nationalians! 
Kita kits ulit tayo, folks 

: Noel Macadangdang, Ivan Aguillon, & Adrienne Corales

NU Fairview Student Executives",NULL,"Photos","0.00","2024-04-30 03:30:00",2024,4,30,"03:30:00","https://www.facebook.com/thesugarcaneph/posts/pfbid02jjXS3KK48q1yrXHd9HK5m6XJJQaqaienHSzUEsb3uvZDoKrhdr1w2pS4KeLTaxysl",False,False,"NaN","39406","124","72","1226","0.00","0.00",NULL
"992447178908961","100044310645639","SUGARCANE","Thank you Billboard PH & H&M! 

Out now on Tiktok: https://vt.tiktok.com/ZSF7nEDgK/",NULL,"Videos","0.00","2024-04-22 22:07:00",2024,4,22,"22:07:00","https://www.facebook.com/thesugarcaneph/posts/pfbid0z9XiKCM65NtJ3dJHocfvvq7etVMC7fg1PymcXB6sTNjSrG5JoP4qy1rBS5ijpsnul",False,True,"NaN","4150","0","21","400","0.00","0.00",NULL
"989051505915195","100044310645639","SUGARCANE","Hi, Folks! 

Come and join us on April 27, at Calle 9465! 

ğ„ğ¯ğğ§ğ­ ğ‘ğğ¦ğ¢ğ§ğğğ«ğ¬:
- The door opens at 5:00 P.M.
- Floor seating and standing only.
- No Re-Entry.
- No outside Foods/Drinks are allowed when entering the venue.

 ğ‹ğ¨ğœğšğ­ğ¢ğ¨ğ§: 9465 Alejandro, Brgy Vitalez, ParaÃ±aque.

ğ‘­ğ’ğ’“ ğ’Šğ’ğ’’ğ’–ğ’Šğ’“ğ’Šğ’†ğ’” ğ’‚ğ’ğ’… ğ’•ğ’Šğ’„ğ’Œğ’†ğ’•ğ’”, ğ’”ğ’†ğ’ğ’… ğ’‚ ğ’…ğ’Šğ’“ğ’†ğ’„ğ’• ğ’ğ’†ğ’”ğ’”ğ’‚ğ’ˆğ’† ğ’•ğ’ @angeleequiray",NULL,"Photos","0.00","2024-04-17 00:12:00",2024,4,17,"00:12:00","https://www.facebook.com/thesugarcaneph/posts/pfbid0d86BvCybuCR8c5N6qJ2121vfAULWpkm6jg4revaGG9n1xz6H2FfGaYa1F7rAcajXl",False,False,"NaN","20244","31","15","410","0.00","0.00",NULL
"987925919361087","100044310645639","SUGARCANE","Behind the scene photos of ""Maria Clara"" MV 

Watch the MV here: youtu.be/rehKbRxoxTo

Photos by John Paul Paver 
Styling by Mark Ranque 
Hair Stylist: Rudolf Davilos 
Make-up by Dorothy Mamalio

Executive Producer: Andromeda Tan 
Director: John Vladimir Manalo 
Creative Producer and Asst Dir: Jonina Ramos 
Assoc Producer: Lyka Estanislao 
DOP: Karlo Calingao 
Videographer: Carl Tejada 
Photographer: Louis Anthony Duran 
PM: Iris Manzano
BTS & Marketing Videog: Rj Garduque 
BTS Videographer: Luis David Antonio

Special thanks to: 
Warner Music Philippines 
Chapters PH
Studio Simula",NULL,"Photos","0.00","2024-04-15 03:00:00",2024,4,15,"03:00:00","https://www.facebook.com/thesugarcaneph/posts/pfbid02BKN77RSBAQp48NpLY6QUZVP961BgVdywQnmu9RBSsDUPmyxx3ug5hFuhAN7r7siel",False,False,"NaN","17866","36","27","672","0.00","0.00",NULL
"987114169442262","100044310645639","SUGARCANE","Maraming salamat Santa Maria, Laguna at Mayor Cindy Carolino sa napakainit na pagtanggap!  

Next stop: SM City Novaliches | April 19 

 Adrienne Corales",NULL,"Photos","0.00","2024-04-13 21:19:00",2024,4,13,"21:19:00","https://www.facebook.com/thesugarcaneph/posts/pfbid02VScyzJWjehcrQDB5X3PU6vJ8o1bC3P34b1SYXT9CpZHCHKey6uEa18HArNiUXcpnl",False,False,"NaN","65378","172","65","1726","0.00","0.00",NULL
"986666332820379","100044310645639","SUGARCANE","SUGARCANE - Maria Clara (Official Music Video - BTS)","Maria Clara Music Video BTS 

Watch full video here: youtu.be/4e6Qqx7aQQ4

It's always such a joy to collaborate with @[100064379964693:2048:Chapters] . Feeling incredibly grateful for the opportunity to work alongside all these amazing folks! 

Special thanks to: 
Warner Music Philippines 
Mark Ranque 
Rudolf Davalos
Christine Mamalio
Rj Garduque 
Luis David Antonio
Studio Simula","Videos","0.00","2024-04-13 04:00:00",2024,4,13,"04:00:00","https://www.facebook.com/thesugarcaneph/videos/441138224977499/",False,False,"NaN","31711","128","32","1872","173786.03","5.99",NULL
"986655362821476","100044310645639","SUGARCANE","Ready na ba kayo Santa Maria, Laguna? Kitakits mamayang 8:45! ",NULL,"Photos","0.00","2024-04-13 03:33:00",2024,4,13,"03:33:00","https://www.facebook.com/thesugarcaneph/posts/pfbid021AwWZSvV78nAf8fXsKmx8w4yGWzuyzsT1WnVpL1iNL4uND8v3yb9kSnmHABWjXDHl",False,False,"NaN","53143","192","57","1914","0.00","0.00",NULL
"986084206211925","100044310645639","SUGARCANE","Kayo lang ang hiling na makasama 

sugarcane.lnk.to/mariaclara","Kayo lang ang hiling na makasama 

sugarcane.lnk.to/mariaclara","Videos","0.00","2024-04-12 04:18:00",2024,4,12,"04:18:00","https://www.facebook.com/thesugarcaneph/videos/690075833135333/",False,False,"NaN","13259","108","37","1307","86307.56","7.01",NULL
"985965249557154","100044310645639","SUGARCANE","Maraming salamat Pagsanjan, Laguna!  

Next stop: Sta. Maria, Laguna!!! 
Kita kits ulit tayo, folks 

: Adrienne Corales",NULL,"Photos","0.00","2024-04-12 03:04:00",2024,4,12,"03:04:00","https://www.facebook.com/thesugarcaneph/posts/pfbid0FA3a7tEoYPGAi5QVTv8K29Y6AvEFrfth7nvpkZPf8sTqUtrJprt2ri2acFTcWghfl",False,False,"NaN","33474","146","41","1203","0.00","0.00",NULL
"985486029605076","100044310645639","SUGARCANE","Maria Clara (Lead Guitar Playthrough)

Watch here: https://youtu.be/pjj7g0kUVnE?si=f-h6pag-ce0XANof","Maria Clara (Lead Guitar Playthrough)

Watch here: https://youtu.be/pjj7g0kUVnE?si=f-h6pag-ce0XANof","Videos","0.00","2024-04-11 04:13:00",2024,4,11,"04:13:00","https://www.facebook.com/thesugarcaneph/videos/385299717809765/",False,False,"NaN","10650","21","29","434","57088.80","6.33",NULL
"985359466284399","100044310645639","SUGARCANE"," Hey, Nationalian Folks! 

Kita kits tayo sa April 19, 8PM, sa SM City Novaliches, para sa gaganaping tuNUg Fest 2024 ng NU Fairview! 

NU Fairview Student Executives

: Richdol Occeno and Olivia Gadin",NULL,"Photos","0.00","2024-04-10 22:58:00",2024,4,10,"22:58:00","https://www.facebook.com/thesugarcaneph/posts/pfbid02akvPeS8WSGbva5c5N3pdj7hdWCWf6BKGbJHXHwJd7msFPCHtWKiqBjYFg4m1vjhnl",False,False,"NaN","49687","175","79","1295","0.00","0.00",NULL
"984897656330580","100044310645639","SUGARCANE","Maria Clara (Bass Playthrough)","Maria Clara (Bass Playthrough)

Watch here: https://youtu.be/2UliMTgqCjE?si=cyvxMcbEZKBKvLNR","Videos","0.00","2024-04-10 04:38:00",2024,4,10,"04:38:00","https://www.facebook.com/thesugarcaneph/videos/3244616309181045/",False,False,"NaN","11465","27","16","525","83010.30","8.09",NULL
"984283256392020","100044310645639","SUGARCANE","Maria Clara (Flute Playthrough)

Watch here: https://youtu.be/qYz_LeSevrI?si=3MkaWf-cWKu7YU87","Maria Clara (Flute Playthrough)

Watch here: https://youtu.be/qYz_LeSevrI?si=3MkaWf-cWKu7YU87","Videos","0.00","2024-04-09 04:02:00",2024,4,9,"04:02:00","https://www.facebook.com/thesugarcaneph/videos/7345682792166383/",False,False,"NaN","10799","26","17","571","64073.12","6.46",NULL
"984200599733619","100044310645639","SUGARCANE"," Sta. Maria, Laguna Folks! 

Join us on April 13, at Marilag Festival 2024! See you there! 

#MarilagFestival2024",NULL,"Photos","0.00","2024-04-09 00:26:00",2024,4,9,"00:26:00","https://www.facebook.com/thesugarcaneph/posts/pfbid02NGXjW8yQZVUHLdFMLQae2QeM55zx6tgZTEaVzmRLTzKneQGwGshhJwczHVoyadYXl",False,True,"NaN","9038","8","62","411","0.00","0.00",NULL
"983712796449066","100044310645639","SUGARCANE","Maria Clara (Guitar Playthrough)","Maria Clara (Guitar Playthrough)

Watch full video here: https://youtu.be/vyaYwQYntNM?si=tYSzobKP59p1rdpG","Videos","0.00","2024-04-08 05:02:00",2024,4,8,"05:02:00","https://www.facebook.com/thesugarcaneph/videos/733392152319647/",False,False,"NaN","15602","55","10","587","81839.16","5.72",NULL
"983651449788534","100044310645639","SUGARCANE","Monday nanaman  pero salamat sa inyong lahat, we had a great weekend! 

Thank you Jess & Pat's & Pagsanjan, Laguna!",NULL,"Photos","0.00","2024-04-08 02:27:00",2024,4,8,"02:27:00","https://www.facebook.com/thesugarcaneph/posts/pfbid0mfFPZ6wm8KU83KGKrbCGgc9HQD8Evgtb2BiD1e83Up1eANZiKKsMcbCm7STss7bWl",False,False,"NaN","34950","66","59","1290","0.00","0.00",NULL
"983149036505442","100044310645639","SUGARCANE","Nagulat kayo noh

sugarcane.lnk.to/mariaclara","Nagulat kayo noh

sugarcane.lnk.to/mariaclara","Videos","0.00","2024-04-07 05:11:00",2024,4,7,"05:11:00","https://www.facebook.com/thesugarcaneph/videos/381783031503894/",False,False,"NaN","18160","53","32","1301","143722.81","9.03",NULL
"980754086744937","100044310645639","SUGARCANE"," Pagsanjan, Laguna Folks! 

Join us on April 7, 7PM, at Bangkero Festival 2024! See you there! ",NULL,"Photos","0.00","2024-04-03 02:04:00",2024,4,3,"02:04:00","https://www.facebook.com/thesugarcaneph/posts/pfbid0YNt4gigeFHnFXgUNvZSManKq2qoUG4cBr1pWSAx5yVWBJ8NLqSCKSLBFA3E96G3Hl",False,True,"NaN","7498","22","15","196","0.00","0.00",NULL
"1067034778116867","100044310645639","SUGARCANE","Alamin ang kapalaran ng iyong puso sa We Play Here! Kita-kits sa College of Science Amphitheater, UP Diliman, August 23, 3PM onwards 

Warner Music Philippines",NULL,"Photos","0.00","2024-08-20 04:40:00",2024,8,20,"04:40:00","https://www.facebook.com/thesugarcaneph/posts/pfbid02wiKYsvaLG5yBoKxxPWoDFuAH1seUB4P6FJuNopeAw8LDgYYhhiGet54FXCzFHTogl",False,False,"NaN","4578","10","13","193","0.00","0.00",NULL
"1066308351522843","100044310645639","SUGARCANE","RED YARN YARN?! ","ğ‘ğğ ğ˜ğšğ«ğ§ ğ˜ğšğ«ğ§? 

Pa-lupet nang pa-lupet dares nyo ha?! Buti nalang wala kaming inaatrasan 

Stream â€œPagbigyanâ€ here: sugarcane.lnk.to/pagbigyan","Videos","0.00","2024-08-19 03:09:00",2024,8,19,"03:09:00","https://www.facebook.com/thesugarcaneph/videos/1277357156566676/",False,False,"NaN","2258","8","4","153","37680.31","14.58",NULL
"1064823198338025","100044310645639","SUGARCANE","See you later sa Ayala Malls TriNoma guys! 6pm set namin ",NULL,"Photos","0.00","2024-08-16 20:54:00",2024,8,16,"20:54:00","https://www.facebook.com/thesugarcaneph/posts/pfbid0A6hvUHP46qA4RoReC7f5Gb8iQwKksRvfjMxkTr4B7MovNtLgxhRNHqRYw25q7GBFl",False,False,"NaN","11913","32","17","371","0.00","0.00",NULL
"1064787201674958","100044310645639","SUGARCANE","Yehey pasok sa finals! ",NULL,"Photos","0.00","2024-08-16 19:35:00",2024,8,16,"19:35:00","https://www.facebook.com/thesugarcaneph/posts/pfbid02bbQo3esYUMo4uSovQtnPv9eSbBqE6bzJkkvwqv1vFohE6cxiCp3wMveK3Fo44D7Fl",False,True,"NaN","3630","23","23","441","0.00","0.00",NULL
"1064339085053103","100044310645639","SUGARCANE","ğˆğ­ ğ¦ğ¢ğ ğ¡ğ­ ğ›ğ ğ­ğ¢ğ¦ğ ğ­ğ¨ ğ­ğğ¥ğ¥ ğ²ğ¨ğ®ğ« ğ¥ğ¨ğ¯ğğ ğ¨ğ§ğğ¬ ğ¡ğ¨ğ° ğ¦ğ®ğœğ¡ ğ­ğ¡ğğ² ğ¦ğğšğ§ ğ­ğ¨ ğ²ğ¨ğ®.. ","ğˆğ­ ğ¦ğ¢ğ ğ¡ğ­ ğ›ğ ğ­ğ¢ğ¦ğ ğ­ğ¨ ğ­ğğ¥ğ¥ ğ²ğ¨ğ®ğ« ğ¥ğ¨ğ¯ğğ ğ¨ğ§ğğ¬ ğ¡ğ¨ğ° ğ¦ğ®ğœğ¡ ğ­ğ¡ğğ² ğ¦ğğšğ§ ğ­ğ¨ ğ²ğ¨ğ®.. 

Stream ""Pagbigyan"" here: sugarcane.lnk.to/pagbigyan","Videos","0.00","2024-08-16 03:22:00",2024,8,16,"03:22:00","https://www.facebook.com/thesugarcaneph/videos/407618255198010/",False,False,"NaN","3996","8","6","126","22004.95","6.70",NULL
"1063649865122025","100044310645639","SUGARCANE","Pagbibigyan nang mag workout?!","Pagbibigyan nang mag workout?! Pahirap nang pahirap ang dares ahh, pero okay lang malakas kayo samin e Stream here: sugarcane.lnk.to/pagbigyan","Videos","0.00","2024-08-15 03:00:00",2024,8,15,"03:00:00","https://www.facebook.com/thesugarcaneph/videos/472333492387801/",False,False,"NaN","6376","14","14","303","48370.51","8.11",NULL
"1063026981850980","100044310645639","SUGARCANE","Dalawa nga kayo pero feeling mo pa rin mag-isa ka ","Dalawa nga kayo pero feeling mo pa rin mag-isa ka ","Videos","0.00","2024-08-14 06:00:00",2024,8,14,"06:00:00","https://www.facebook.com/thesugarcaneph/videos/1000366255161140/",False,False,"NaN","52954","501","33","1671","238348.26","5.24",NULL
"1062968305190181","100044310645639","SUGARCANE","8.23.24 | ğŒğšğ ğ¤ğšğ¤ğšğšğ¥ğšğ¦ğšğ§ ğ§ğš! ","ğŒğšğ ğ¤ğšğ¤ğšğšğ¥ğšğ¦ğšğ§ ğ§ğš! 

8.23.24

Ilang araw nalang... Handa ka na bang tuklasin ang nilalaman ng puso mo?","Videos","0.00","2024-08-14 03:00:00",2024,8,14,"03:00:00","https://www.facebook.com/thesugarcaneph/videos/2291140274569112/",True,False,"NaN","2240","25","22","309","10804.24","3.96",NULL
"1062835865203425","100044310645639","SUGARCANE","ğ‡ğšğ©ğ©ğ² ğŸğŸğŸğ¤+ ğ’ğ­ğ«ğğšğ¦ğ¬, ğğšğ ğ›ğ¢ğ ğ²ğšğ§! 

Keep streaming here: 
sugarcane.lnk.to/pagbigyan

: @yenivcrse on IG",NULL,"Photos","0.00","2024-08-13 21:41:00",2024,8,13,"21:41:00","https://www.facebook.com/thesugarcaneph/posts/pfbid02PP5Ejv2DEEncwf1C4uVhg77BMzf6dstsjQZnLdeMaZLEUzZ72XkwjtZPQ2S8LxqSl",False,False,"NaN","7521","31","28","574","0.00","0.00",NULL
"1062392968581048","100044310645639","SUGARCANE","Pagbibigyan namin kayo","We heard your comments  Kaya pagbibigyan namin kayo 

sugarcane.lnk.to/pagbigyan","Videos","0.00","2024-08-13 04:56:00",2024,8,13,"04:56:00","https://www.facebook.com/thesugarcaneph/videos/1195591608300346/",False,False,"NaN","3418","12","8","192","28015.71","8.41",NULL
"1062261451927533","100044310645639","SUGARCANE","Welcome to , Crash Adams! 

Join us on August 17 at Ayala Malls TriNoma 

Ticket redemption is now ongoing 

#CrashingIntoTriNoma #CrashAdamsLiveinTriNoma #iLoveTriNoma",NULL,"Photos","0.00","2024-08-13 01:00:00",2024,8,13,"01:00:00","https://www.facebook.com/thesugarcaneph/posts/pfbid0NFYnXY5bdqm9m59RPpHcpV23LBmk82MLprBNn2AzuuAHzjD5DMk5Vof1qtEPcW7Pl",False,False,"NaN","6006","28","23","303","0.00","0.00",NULL
"1061723501981328","100044310645639","SUGARCANE","Live kami bukas sa Yes FM Manila at Easy Rock Manila, kasama syempre ang bff namin na si kween jikamarie! 

Ayeee! See you tom!",NULL,"Photos","0.00","2024-08-12 04:12:00",2024,8,12,"04:12:00","https://www.facebook.com/thesugarcaneph/posts/pfbid0hnPJMowocg8A3whdnqRXA5zjtCiBeN25YrvtmL18J1TMAT5gJceSqP7DsByKMpQwl",False,False,"NaN","4460","24","28","360","0.00","0.00",NULL
"1060997212053957","100044310645639","SUGARCANE","Its not always easy but thats life ","It's not always easy but thats life 

sugarcane.lnk.to/pagbigyan","Videos","0.00","2024-08-11 00:51:00",2024,8,11,"00:51:00","https://www.facebook.com/thesugarcaneph/videos/910710527763935/",False,False,"NaN","316703","3186","473","14441","1356994.84","4.74",NULL
"1111173783702966","100044310645639","SUGARCANE","Hala siya si delulu nanamanâ€¦","Hala siya si delulu nanamanâ€¦","Reels","0.00","2024-10-21 05:56:00",2024,10,21,"05:56:00","https://www.facebook.com/reel/861468582804314/",False,False,"NaN","59914","180","25","1061","374320.82","6.72",NULL
"1059794552174223","100044310645639","SUGARCANE","Maaaring madalas kang napapatanong sa sarili mo kung ğ’‘ğ’‚ğ’ˆğ’ƒğ’Šğ’ƒğ’Šğ’ˆğ’šğ’‚ğ’ ğ’‘ğ’‚ ğ’ƒğ’‚ ğ’ ğ’‰ğ’‚ğ’‰ğ’‚ğ’šğ’‚ğ’‚ğ’ ğ’ğ’‚ğ’ğ’‚ğ’ğ’ˆ? 
...........
 Magkakaalaman na! ",NULL,"Photos","0.00","2024-08-09 04:00:00",2024,8,9,"04:00:00","https://www.facebook.com/thesugarcaneph/posts/pfbid04t5wbAHmGZrFoqPcMHHwZd5Mu2zP6yNpgopQQXUu2qyetSiG8jbboivdcWSiUmpbl",False,False,"NaN","10147","49","41","490","0.00","0.00",NULL
"1057992029021142","100044310645639","SUGARCANE","Happy Cedric Day!  Sending all our love and best wishes to our amazing vocalist on his special day",NULL,"Photos","0.00","2024-08-06 08:18:00",2024,8,6,"08:18:00","https://www.facebook.com/thesugarcaneph/posts/pfbid0Wva3j2PXi5ARy8m2nuKr9wfRxj8y3kpELyrN1YCzBhGAh1FguGCwAfw1AwTbbr8Nl",False,False,"NaN","8056","33","65","488","0.00","0.00",NULL
"1057818912371787","100044310645639","SUGARCANE","See you, folks! Message Jess & Pat's to reserve a slot ",NULL,"Photos","0.00","2024-08-06 02:29:00",2024,8,6,"02:29:00","https://www.facebook.com/thesugarcaneph/posts/pfbid02BoRzVWQFkiNgLoYkajc6evc21ZV2B1UyVascxNozoXfcuUmyjWvvV1Uu2VrFwKNjl",False,False,"NaN","4451","14","0","248","0.00","0.00",NULL
"1057145369105808","100044310645639","SUGARCANE","READY FOR WE PLAY HERE?  

Gear up for We Play Here with Warner Music Philippines x MYX Global x Magic 89.9â€™s ğğ«ğ-ğ’ğ¡ğ¨ğ° at saGuijo Cafe + Bar Events on August 9! See you there!",NULL,"Photos","0.00","2024-08-05 03:00:00",2024,8,5,"03:00:00","https://www.facebook.com/thesugarcaneph/posts/pfbid0VGMdUUU5pHdpeGhu2vate142mWAHzgcwfCggBjgbHsRJH2gT157qcvqaoRaqGm5Ql",False,False,"NaN","3808","17","8","259","0.00","0.00",NULL
"1056626809157664","100044310645639","SUGARCANE","Happy birthday to our human drone, Luis Beato ",NULL,"Photos","0.00","2024-08-04 06:41:00",2024,8,4,"06:41:00","https://www.facebook.com/thesugarcaneph/posts/pfbid0xwRAZ5on4aqdPzKH5DHMYYrj8baWeqGBZq9L7ePsnu6zMiGxoVc8MmbVgH7aURxUl",False,False,"NaN","6851","32","75","604","0.00","0.00",NULL
"1056464319173913","100044310645639","SUGARCANE","Super excited for this! See you all, folks! ",NULL,"Photos","0.00","2024-08-04 01:07:00",2024,8,4,"01:07:00","https://www.facebook.com/thesugarcaneph/posts/pfbid0A88Ht9qE1aAKEGywV2YfWyACdG8egcdQhgA5rEoSEPLrtK74BCQMhw61ScpFtuoRl",False,True,"NaN","6579","6","9","191","0.00","0.00",NULL
"1055927652560913","100044310645639","SUGARCANE","PAGBIBIGYAN NAMIN KAYO","PAGBIBIGYAN NAMIN KAYO  

Comment down your creative dares na gusto niyong gawin namin ","Videos","0.00","2024-08-03 04:59:00",2024,8,3,"04:59:00","https://www.facebook.com/thesugarcaneph/videos/7980004415440393/",False,False,"NaN","1770","13","33","206","20755.43","9.50",NULL
"1055255672628111","100044310645639","SUGARCANE","hope this song brings you comfort no matter what you're going through","hope this song brings you comfort no matter what you're going through 

sugarcane.lnk.to/pagbigyan","Videos","0.00","2024-08-02 03:11:00",2024,8,2,"03:11:00","https://www.facebook.com/thesugarcaneph/videos/985037220072864/",False,False,"NaN","5647","18","13","177","29624.79","6.18",NULL
"1054646226022389","100044310645639","SUGARCANE","Pasasalamatan ka ng future self mo, kapag pinagbigyan mo na sarili mong lumigaya ","Pasasalamatan ka ng future self mo, kapag pinagbigyan mo na sarili mong lumigaya ","Videos","0.00","2024-08-01 04:12:00",2024,8,1,"04:12:00","https://www.facebook.com/thesugarcaneph/videos/1277330960290977/",False,False,"NaN","3014","22","15","168","32820.78","10.57",NULL
"1054533692700309","100044310645639","SUGARCANE","DLSMHSI Folks! 

Join us on August 3 at De La Salle Medical and Health Sciences Institute. We will be sharing the stage with our idolz, Dilaw. 

Note: This event is open to all colleges and departments at DLSMHSI

College of Nursing Student Council",NULL,"Photos","0.00","2024-07-31 23:14:00",2024,7,31,"23:14:00","https://www.facebook.com/thesugarcaneph/posts/pfbid07sBbu9uStjTWCEeAcEGSjCorB9SLVZ3xo2veHJHEVVN1V6szztZwFAY4NxVxZSUNl",False,False,"NaN","9653","35","20","469","0.00","0.00",NULL
"1053917742761904","100044310645639","SUGARCANE","Welcome to the new era, folks! ","Napanood niyo na ba MV ng Pagbigyan? 

youtu.be/NvLyyyuB8Yc

Kung hindi pa kami na dadalaw sa pagtulog niyo, para ipanood sa inyo 

Stream here: sugarcane.lnk.to/pagbigyan","Videos","0.00","2024-07-31 03:00:00",2024,7,31,"03:00:00","https://www.facebook.com/thesugarcaneph/videos/1641450180039180/",False,False,"NaN","7603","41","14","379","81638.51","11.24",NULL
"1052604839559861","100044310645639","SUGARCANE","Kanta tungkol sa pagmamahal na uunahin ang sarili ","Gumawa kami ng kanta tungkol sa pagmamahal na uunahin ang sarili 

Here's a reenactment of how ""Pagbigyan"" was written. All of this is thanks to our amazing producer, who worked his magic to bring the song to life â€” Brian Lotho.

sugarcane.lnk.to/pagbigyan","Videos","0.00","2024-07-29 03:00:00",2024,7,29,"03:00:00","https://www.facebook.com/thesugarcaneph/videos/1005467724219074/",False,False,"NaN","3284","32","22","397","58458.12","12.61",NULL
"1051959006291111","100044310645639","SUGARCANE","Pagbigyan","Pagbigyan ft. Carl, Carlo, and Carlito 

sugarcane.lnk.to/pagbigyan","Videos","0.00","2024-07-28 03:00:00",2024,7,28,"03:00:00","https://www.facebook.com/thesugarcaneph/videos/863448485691967/",False,False,"NaN","6542","72","21","570","45668.76","7.08",NULL
"1051945489625796","100044310645639","SUGARCANE","Kung naghahanap ka ng sign para pagbigyan ang sarili mong makalaya sa bagay na hindi na nagpapasaya sayo, baka ito na yun  
Stream â€œPagbigyan,â€ and find the strength to prioritize your own happiness 
sptfy.com/pagbigyan",NULL,"Text","0.00","2024-07-27 20:06:00",2024,7,27,"20:06:00","https://www.facebook.com/thesugarcaneph/posts/pfbid032KEJTF9XCLNLNopiaxs6QeACwB7XiAXfB45Yh4wMMLscos9w4SZ8MzpQvjg69XNkl",False,False,"NaN","8483","54","54","608","0.00","0.00",NULL
"1050932233060455","100044310645639","SUGARCANE","Thank you so much, Spotify! Our latest single, 'Pagbigyan,' is featured on Spotify's New Music Friday playlist. 

Stream it here: sptfy.com/pagbigyan

#Pagbigyan",NULL,"Photos","0.00","2024-07-26 06:00:00",2024,7,26,"06:00:00","https://www.facebook.com/thesugarcaneph/posts/pfbid02tPg2BBann1Znnmpz2xugp6abt3CpuNMd7tw5yGU4qNraxkdkt7VPHbMpxKKQhpe6l",False,False,"NaN","17374","28","30","415","0.00","0.00",NULL
"1050846699735675","100044310645639","SUGARCANE","Pagbigyan MV, Out now on YouTube ","""ğğ€ğ†ğğˆğ†ğ˜ğ€ğ"" ğŒğ”ğ’ğˆğ‚ ğ•ğˆğƒğ„ğ, ğğ”ğ“ ğğğ– ğğ ğ˜ğğ”ğ“ğ”ğğ„ 

Watch here: youtu.be/NvLyyyuB8Yc

Napanood niyo na bang lahat? Comment down below kung anong favorite part mo sa MV ","Videos","0.00","2024-07-26 03:00:00",2024,7,26,"03:00:00","https://www.facebook.com/thesugarcaneph/videos/463573939765886/",True,False,"NaN","4880","88","41","463","28347.46","5.16",NULL
"1050363566450655","100044310645639","SUGARCANE","SUGARCANE updated their cover photo.",NULL,"Photos","0.00","2024-07-25 09:08:00",2024,7,25,"09:08:00","https://www.facebook.com/photo.php?fbid=1050363566450655&set=a.228682271952126&type=3",False,False,"NaN","347","11","3","323","0.00","0.00",NULL
"1050363086450703","100044310645639","SUGARCANE","""PAGBIGYAN"" IS NOW OUT ON ALL PLATFORMS! 
sugarcane.lnk.to/pagbigyan",NULL,"Photos","0.00","2024-07-25 09:07:00",2024,7,25,"09:07:00","https://www.facebook.com/photo.php?fbid=1050363086450703&set=a.228682278618792&type=3",False,False,"NaN","18030","146","102","2312","0.00","0.00",NULL
"1111059203714424","100044310645639","SUGARCANE","Napanood mo na ba ang ""Pagbigyan"" sa Wish 107.5? 

Watch full video here: https://www.youtube.com/watch?v=UpAVv4xRVeI","Napanood mo na ba ang ""Pagbigyan"" sa @[100068759755012:2048:Wish 107.5]? 

Watch full video here: https://www.youtube.com/watch?v=UpAVv4xRVeI","Videos","0.00","2024-10-21 02:19:00",2024,10,21,"02:19:00","https://www.facebook.com/thesugarcaneph/videos/554981986934942/",False,False,"NaN","5376","14","6","319","46788.73","10.30",NULL
"1050359416451070","100044310645639","SUGARCANE","""ğ‘·ğ‘¨ğ‘®ğ‘©ğ‘°ğ‘®ğ’€ğ‘¨ğ‘µ"", ğ‘¶ğ‘¼ğ‘» ğ‘µğ‘¶ğ‘¾! ğ‘ºğ‘»ğ‘¹ğ‘¬ğ‘¨ğ‘´ ğ‘¯ğ‘¬ğ‘¹ğ‘¬:
sugarcane.lnk.to/pagbigyan 

""Pagbigyan"" explores the feeling of burnout from love, capturing the sense of defeat when a relationship feels beyond saving. The song portrays the realistic side of love, acknowledging that it isn't always perfect and can be painful and unforgiving. 

Performed by: Sugarcane
Written by: Carl Angelo D. Guerzon, Francis Luis D. Beato
Produced by: Brian Lotho
Mixed by: Jay Dufour
Mix Assistants: Jacob McIntyre, Alex Krotz
Mastered by JoÃ£o Carvalho

Styling by: Willar Mateo - Salad Days
Hair Stylist: Rudolf Davilos 
Make-up: Dorothy Mamalio

Warner Music Philippines:
Sarah Ismail
Kelley Mangahas 
Rem Brofar 
Nicole De Jesus 
Jam Rances 
Jeremy Yap
Patricia Paredes 
Celine Ferros 
Nicka Lumalang
Joey Valverde",NULL,"Photos","0.00","2024-07-25 09:00:00",2024,7,25,"09:00:00","https://www.facebook.com/thesugarcaneph/posts/pfbid02HV5GSsTCxDNS3WJ5JsBSb6QhP7QrT1kjF2zLhXrjgusJBWA5USk7eXwacfcs528l",False,False,"NaN","20922","180","106","1378","0.00","0.00",NULL
"1049993006487711","100044310645639","SUGARCANE","Sending our sincerest prayers to everyone that has been affected by the #CarinaPH 
We hope that you are all safe and dry! ",NULL,"Text","0.00","2024-07-24 19:18:00",2024,7,24,"19:18:00","https://www.facebook.com/thesugarcaneph/posts/pfbid02tb98ohUE6YXrve9vAthaDhE9e4VUBwFp2Gi6uTQhAzdm4KiK82XZf8RLuUax8u1pl",False,False,"NaN","4340","9","3","367","0.00","0.00",NULL
"1046577380162607","100044310645639","SUGARCANE","07/26/24
sugarcane.lnk.to/presavepagbigyan",NULL,"Photos","0.00","2024-07-19 04:59:00",2024,7,19,"04:59:00","https://www.facebook.com/photo.php?fbid=1046577380162607&set=a.228682271952126&type=3",False,False,"NaN","1552","31","12","357","0.00","0.00",NULL
"1046577283495950","100044310645639","SUGARCANE","07/26/24
sugarcane.lnk.to/presavepagbigyan",NULL,"Photos","0.00","2024-07-19 04:59:00",2024,7,19,"04:59:00","https://www.facebook.com/photo.php?fbid=1046577283495950&set=a.228682278618792&type=3",False,False,"NaN","16993","112","106","2458","0.00","0.00",NULL
"1046551516831860","100044310645639","SUGARCANE","07/26/24","07/26/24

sugarcane.lnk.to/presavepagbigyan ","Videos","0.00","2024-07-19 04:00:00",2024,7,19,"04:00:00","https://www.facebook.com/thesugarcaneph/videos/8314603005239515/",False,False,"NaN","11822","191","145","1426","103360.05","6.43",NULL
"1039097777577234","100044310645639","SUGARCANE","feelslikeimfallinginlove","feelslikeimfallinginlove - @[100044589752285:2048:Coldplay] (Cover)

@[100064878091978:2048:Warner Music Philippines]","Videos","0.00","2024-07-07 02:38:00",2024,7,7,"02:38:00","https://www.facebook.com/thesugarcaneph/videos/559903909883759/",False,False,"NaN","6287","49","17","516","45006.72","6.74",NULL
"1037237227763289","100044310645639","SUGARCANE","Happy birthday Jungkook, este Carl Guerzon pala! ",NULL,"Photos","0.00","2024-07-04 05:00:00",2024,7,4,"05:00:00","https://www.facebook.com/thesugarcaneph/posts/pfbid02nvJuBTxpmsirxHGSTJL424WNYy42aDe1TEHZXU3Ymxd9irzWAGZcQrSRPcVdBuEZl",False,False,"NaN","28087","101","282","2134","0.00","0.00",NULL
"1037154461104899","100044310645639","SUGARCANE","11 approved entries for Awit Awards! 

Thank you Warner Music Philippines and Awit Awards!",NULL,"Photos","0.00","2024-07-04 02:00:00",2024,7,4,"02:00:00","https://www.facebook.com/thesugarcaneph/posts/pfbid0ixCrWuGwyN8TtyQCKwtDsQ9kWet51Jruj7M1sCGJDFYSd8JKhyh93eroMECikJQEl",False,False,"NaN","13055","65","127","1263","0.00","0.00",NULL
"1037010584452620","100044310645639","SUGARCANE","Folks! Kita kita tayo sa Ayala Malls Vermosa sa July 6, para sa Lola Amour Album Tour ",NULL,"Photos","0.00","2024-07-03 21:48:00",2024,7,3,"21:48:00","https://www.facebook.com/thesugarcaneph/posts/pfbid0oJooWSLZT9ybmS8uYxpcSKwgGSvt9mfiyX2ppr97J7qrky6W2N3SP86TnxUkr5gNl",False,False,"NaN","16403","67","84","738","0.00","0.00",NULL
"1120268692793475","100044310645639","SUGARCANE","Huling sulyap mo manlang beh pantanggal angas lang 

Pre-save here: sugarcane.lnk.to/presavelaginalang","Huling sulyap mo manlang beh pantanggal angas lang 

Pre-save here: sugarcane.lnk.to/presavelaginalang","Reels","0.00","2024-11-03 01:44:00",2024,11,3,"01:44:00","https://www.facebook.com/reel/539531415519994/",True,False,"NaN","7573","23","9","266","41962.83","6.06",NULL
"1120180436135634","100044310645639","SUGARCANE","Big thanks to All-Out Sundays for having â€œLeonoraâ€ on the show! Loved seeing it performed by such amazing actors. Appreciate the love! ","Big thanks to @[100067402864836:2048:All-Out Sundays] for having â€œLeonoraâ€ on the show! Loved seeing it performed by such amazing actors. Appreciate the love! ","Videos","0.00","2024-11-02 23:27:00",2024,11,2,"23:27:00","https://www.facebook.com/thesugarcaneph/videos/1761520918011206/",False,False,"NaN","23154","34","28","804","217787.03","10.76",NULL
"1120079952812349","100044310645639","SUGARCANE","Babalikan ka raw niya pag na pre-save mo na new single namin 

Presave now through the link in our bio!","Babalikan ka raw niya pag na pre-save mo na new single namin 

Presave now through the link in our bio!","Reels","0.00","2024-11-02 19:50:00",2024,11,2,"19:50:00","https://www.facebook.com/reel/527288036965146/",True,False,"NaN","5835","19","17","332","39367.06","6.98",NULL
"1119630226190655","100044310645639","SUGARCANE","""Lagi Na Lang"" drops next Friday, November 8, at 12AM! 

Presave now: 
https://sugarcane.lnk.to/presavelaginalang",NULL,"Photos","0.00","2024-11-02 04:37:00",2024,11,2,"04:37:00","https://www.facebook.com/thesugarcaneph/posts/pfbid032CEwPWV3d3VfYVJDAJgdwkQ3dZ3SRHty8tqyTzdJYxoKaAk1vrjKmXDKnZNqPhhPl",False,False,"NaN","20298","167","72","1171","0.00","0.00",NULL
"1118778112942533","100044310645639","SUGARCANE","Coffee date tayo, g? 

 November 8, 2024
Dinalan Coffee
 DM @wruangel_ on Instagram 

See you there, folks!!",NULL,"Photos","0.00","2024-11-01 00:29:00",2024,11,1,"00:29:00","https://www.facebook.com/thesugarcaneph/posts/pfbid027gNTXsHbYxpc1rj6xv7PUfj1TftST5n8vxMGNiNb2AK3erUqKaJcQj7NamrQAejol",False,False,"NaN","4039","15","11","226","0.00","0.00",NULL
"1118269329660078","100044310645639","SUGARCANE","Happy Birthday to our lead guitarist and brother, we are always grateful to have you! We labyu brodie! 

(insert carl and rona)",NULL,"Photos","0.00","2024-10-31 07:21:00",2024,10,31,"07:21:00","https://www.facebook.com/thesugarcaneph/posts/pfbid02uM3TFwEXTm84Rj1Mt4JNnZSF11VopjFdx898D3aCyReZXCfcuUr9pTuVy3u5Thhcl",False,False,"NaN","6317","14","80","600","0.00","0.00",NULL
"1118189926334685","100044310645639","SUGARCANE","Happy Halloween, folks!! 

Sakto, sa November 8 magkakaroon ka na ng soundtrip para sa mga â€œlagi na langâ€ mo sa buhay 

Pre-save mo na puhleaze
sugarcane.lnk.to/presavelaginalang",NULL,"Photos","0.00","2024-10-31 05:09:00",2024,10,31,"05:09:00","https://www.facebook.com/thesugarcaneph/posts/pfbid02iW6u81MYpbNcPCdhgY15c1h2R8s3T6jzuw9y3PB8zTZmJ4FUJVV54BXiMdrezmVCl",False,False,"NaN","15103","94","53","1259","0.00","0.00",NULL
"1114703890016622","100044310645639","SUGARCANE","Hinding hindi na namin kayo papakawalan kapag pumunta kayo sa Maskipaps: The Crossover!! See you there, folks  

Get your tickets at https://maskipaps.helixpay.ph/ ",NULL,"Photos","0.00","2024-10-26 06:03:00",2024,10,26,"06:03:00","https://www.facebook.com/thesugarcaneph/posts/pfbid08jxzuPreayWrktAcYGJ563LYw8bhZNvEBWayK18oqc79xdE9Eam5KdGz2zXYAyWZl",False,True,"NaN","7213","19","20","364","0.00","0.00",NULL
"1112304343589910","100044310645639","SUGARCANE","Next stop of #WePlayHereSchoolTour : Ateneo De Manila University 

 November 9, 2024
Ateneo JHS Covered Courts, Ateneo De Manila University
 Scan QR code on poster

See you there, folks!!

Warner Music Philippines
We Play Here",NULL,"Photos","0.00","2024-10-22 21:09:00",2024,10,22,"21:09:00","https://www.facebook.com/thesugarcaneph/posts/pfbid027xKFRTUh6UuR1uJvrppMWjTdqF91qKX8npQkLwQhkiq3MsmHmJRPVDzCsX7FaroPl",False,False,"NaN","11858","29","16","380","0.00","0.00",NULL
"1110964507057227","100044310645639","SUGARCANE","Ah panis takot ka raw masaktan, payag ka nun? Pakitaan mo nga kung gaano ka parin katapang kahit mag-isa ka nalang lumalaban! 

Eme see you sa October 26, sa Jess & Pat's! ",NULL,"Photos","0.00","2024-10-20 22:51:00",2024,10,20,"22:51:00","https://www.facebook.com/thesugarcaneph/posts/pfbid02g2i7VuPTsXXkdstxNMCyGGwq97baKwbLoMGQSMLck5AVigNMnfysUJD5Un5GDEyEl",False,True,"NaN","6362","4","6","156","0.00","0.00",NULL
"1110196997133978","100044310645639","SUGARCANE","Magrereply pa kaya to guys?","Magrereply pa kaya to guys?","Reels","0.00","2024-10-19 21:04:00",2024,10,19,"21:04:00","https://www.facebook.com/reel/1373375266956646/",False,False,"NaN","3461","11","9","192","23202.06","6.74",NULL
"1109795350507476","100044310645639","SUGARCANE","Huling sulyap mo manlang sanaaaaaa","Huling sulyap mo manlang sanaaaaaa","Reels","0.00","2024-10-19 07:34:00",2024,10,19,"07:34:00","https://www.facebook.com/reel/591961626488544/",False,False,"NaN","10614","47","27","435","52794.73","5.34",NULL
"1109004150586596","100044310645639","SUGARCANE","Feel mo babalik pa siya? ito, ginawan ka namin ng kanta ","Feel mo babalik pa siya? ito, ginawan ka namin ng kanta ","Videos","0.00","2024-10-18 05:39:00",2024,10,18,"05:39:00","https://www.facebook.com/thesugarcaneph/videos/1059443655416233/",False,False,"NaN","8390","62","42","500","64733.83","8.48",NULL
"1108939830593028","100044310645639","SUGARCANE","","We recently wrote a song para sa mga bilanggo ng nakaraan. Anong tingin nyo? Release na ba namin? ","Videos","0.00","2024-10-18 03:41:00",2024,10,18,"03:41:00","https://www.facebook.com/thesugarcaneph/videos/1057424222374814/",False,False,"NaN","10746","76","32","548","77999.96","8.15",NULL
"1103704027783275","100044310645639","SUGARCANE","IVOS was really an inspiration for us as a band, especially when we were starting palang. Kaya we wanted to congratulate them for â€œCome Inside of My Heartâ€,  surpassing 200M streams on Spotify!! ","IVOS was really an inspiration for us as a band, especially when we were starting palang. Kaya we wanted to congratulate them for â€œCome Inside of My Heartâ€,  surpassing 200M streams on Spotify!! 

@[100064878091978:2048:Warner Music Philippines]","Videos","0.00","2024-10-11 05:54:00",2024,10,11,"05:54:00","https://www.facebook.com/thesugarcaneph/videos/8438030399647884/",False,False,"NaN","13440","61","19","665","94619.08","7.99",NULL
"1102925937861084","100044310645639","SUGARCANE","Weâ€™ll be live tomorrow on NestlÃ©â€™s TikTok account at 3:30PM. See you all there! ","Weâ€™ll be live tomorrow on NestlÃ©â€™s TikTok account at 3:30PM. See you all there! ","Videos","0.00","2024-10-10 06:11:00",2024,10,10,"06:11:00","https://www.facebook.com/thesugarcaneph/videos/495766376619655/",False,False,"NaN","2811","9","2","117","7078.01","2.98",NULL
"1100650138088664","100044310645639","SUGARCANE","Salamat sa lahat ng pumunta at nakisaya sa Circus Music Festival!! Sana nag enjoy kayo sa ating zumba session eme  

: Noel Macadangdang & Ivan Aguillon of ACNM Media","Salamat sa lahat ng pumunta at nakisaya sa @[100086305240138:2048:Circus Music Festival]!! Sana nag enjoy kayo sa ating zumba session eme  

: @[1848451282:2048:Noel Macadangdang] & @[1795655190:2048:Ivan Aguillon] of @[100080065946395:2048:ACNM Media]","Videos","0.00","2024-10-07 03:01:00",2024,10,7,"03:01:00","https://www.facebook.com/thesugarcaneph/videos/560327703006057/",True,False,"NaN","4112","24","13","323","35229.35","8.25",NULL
"1097880448365633","100044310645639","SUGARCANE","Live performance of ""Pagbigyan"" on Wish 107.5 Bus","PAGBIGYAN ANG DINARAMDAM!

Live performance of ""Pagbigyan"" on Wish 107.5 Bus 

Watch full video here: https://youtu.be/UpAVv4xRVeI?si=HkeGzuhZwO6bW097","Videos","0.00","2024-10-03 06:14:00",2024,10,3,"06:14:00","https://www.facebook.com/thesugarcaneph/videos/903316918362040/",False,False,"NaN","8067","93","27","879","81128.72","8.91",NULL
"1097699331717078","100044310645639","SUGARCANE","â€œPagbigyanâ€ on Wish 107.5 premieres later at 9PM ",NULL,"Photos","0.00","2024-10-03 00:48:00",2024,10,3,"00:48:00","https://www.facebook.com/thesugarcaneph/posts/pfbid0uKQXRMTAokW4Xwau4tAS4eAZr2gWJufpcNuLUoPqin2pYxiUxiV1czA7h69W33r8l",False,True,"NaN","6910","9","5","246","0.00","0.00",NULL
"1097082075112137","100044310645639","SUGARCANE","Wishing the happiest of birthdays to our drummer & one-and-only wordsmith! ",NULL,"Photos","0.00","2024-10-02 05:10:00",2024,10,2,"05:10:00","https://www.facebook.com/thesugarcaneph/posts/pfbid0NGXnyMsZzexhdZXqURBBJV19zLimhCsMEbq7ruRXRBJ38JcCSsqvV8phiUrNQpw7l",False,False,"NaN","12627","22","96","692","0.00","0.00",NULL
"1096263115194033","100044310645639","SUGARCANE","First Circus Music Festival! Wild crowd, sobrang unforgettable nito! Maraming salamat 

: Noel Macadangdang & Ivan Aguillon of ACNM Media",NULL,"Photos","0.00","2024-10-01 03:30:00",2024,10,1,"03:30:00","https://www.facebook.com/thesugarcaneph/posts/pfbid02UpujFGMXukkWt2n5krA5s4Ww3CKYZ4GeLnAub8u8tM1HNLCodEuuFbc1wfX4Y4UCl",False,False,"NaN","11511","50","40","683","0.00","0.00",NULL
"1093667658786912","100044310645639","SUGARCANE","Good morning, folks! Leonora zumba version tayo mamayang 9 AM! See you ",NULL,"Photos","0.00","2024-09-27 16:45:00",2024,9,27,"16:45:00","https://www.facebook.com/thesugarcaneph/posts/pfbid0arVVdzXBDMHkdANtYAMoe8eBccrCZLKQbv6AuGwweozDCP4KriRf31pyoTipWhKNl",False,False,"NaN","16865","24","20","519","0.00","0.00",NULL
"1083083433178668","100044310645639","SUGARCANE","Exciting!! Kita kita tayo sa Jess & Pat's sa September 20, folks! Weâ€™ll be sharing the stage with SUD 

: Message Jess & Patâ€™s to reserve your slots",NULL,"Photos","0.00","2024-09-13 05:14:00",2024,9,13,"05:14:00","https://www.facebook.com/thesugarcaneph/posts/pfbid0BbRGRCe7E6M7zXJotJKpP2ku18si3Fvf6RvHmNivCDUSMxpNuTenwLE3iQqncCk6l",False,False,"NaN","7381","23","36","392","0.00","0.00",NULL
"1080439546776390","100044310645639","SUGARCANE","Need rant buddy?   Kwento niyo lang sa comment section ang ""sana pinili ko nalang sarili ko"" moments nyo tapos pag-usapan natin yan ","Need rant buddy? 

Kwento niyo lang sa comment section ang mga""sana pinili ko nalang sarili ko"" moments nyo tapos pag-usapan natin yan ","Videos","0.00","2024-09-09 03:09:00",2024,9,9,"03:09:00","https://www.facebook.com/thesugarcaneph/videos/1060527192741382/",False,False,"NaN","14919","12","7","253","40677.00","4.32",NULL
"1122300889256922","100044310645639","SUGARCANE","Self-love ka naman muna, dok 

Pre-save the song here
sugarcane.lnk.to/presavelaginalang","Self-love ka naman muna, dok 

Pre-save the song here
sugarcane.lnk.to/presavelaginalang","Reels","0.00","2024-11-06 02:00:00",2024,11,6,"02:00:00","https://www.facebook.com/reel/1264264918062162/",True,False,"NaN","77032","466","145","2848","485047.97","6.31",NULL
"1122380995915578","100044310645639","SUGARCANE","Song has been stuck in our heads that we decided to make a video ourselves! 

Stream â€œAPTâ€: tinyurl.com/APTBrunoMars

@warnermusicph","Song has been stuck in our heads that we decided to make a video ourselves! 

Stream â€œAPTâ€: tinyurl.com/APTBrunoMars

@warnermusicph","Reels","0.00","2024-11-06 04:36:00",2024,11,6,"04:36:00","https://www.facebook.com/reel/874465828232779/",True,False,"NaN","16286","30","20","587","128064.11","7.37",NULL
"1125842778902733","100044310645639","SUGARCANE","Pang-30th playlist ko na to para sa kanya, ano ba kami ?   Stream Lagi Na Lang! https://sugarcane.lnk.to/laginalang","Pang-30th playlist ko na to para sa kanya, ano ba kami ? 

Stream Lagi Na Lang! https://sugarcane.lnk.to/laginalang","Videos","0.00","2024-11-11 02:00:00",2024,11,11,"02:00:00","https://www.facebook.com/thesugarcaneph/videos/1347190853105014/",False,False,"NaN","2273","17","4","141","13420.34","5.93",NULL
"1122931942527150","100044310645639","SUGARCANE","Back to back gigs tomorrow, folks

 School of Saint Anthony Lagro, Quezon City
SSA Student Government

Weâ€™ll be sharing the stage with Over October! 

: 500 php, walk-ins are allowed 

 Dinalan Coffee

Stripped sessions with 
*   12th Street 
*   Dave Sison

Friendly reminders:
-   Door opens at 5:30pm
-   Floor seats and standing only
-   No parking available
-   Door Fee
*   350 php for Early birds (limited slots only)
*   450 php for Regular / Walk ins

: Dm Angel (@wruangel_ ) on instagram for inquiries and ticket reservations

PS. Isa kayo sa mga unang makakarinig live ng i-rerelease namin mamayang 12AM na single kapag pumunta kayo bukas. See you around! ",NULL,"Photos","0.00","2024-11-07 00:27:00",2024,11,7,"00:27:00","https://www.facebook.com/thesugarcaneph/posts/pfbid0UjT497ss5u84sxsYwvTFTCiUgW27AgNu2mLvhfaNHrynpHgUGsMfCTCQtymbZPX2l",False,False,"NaN","4487","31","8","273","0.00","0.00",NULL
"1122975632522781","100044310645639","SUGARCANE","As we count down to the release of our latest single, â€œLagi Na Lang,â€ coming out at midnight tonight, enjoy this one final treat for our previous single, â€œPagbigyanâ€ featuring Gian Bernardino from Cup of Joe â€“ LIVE!

 Just 6 hours to go!

Presave the song here
https://sugarcane.lnk.to/presavelaginalang","As we count down to the release of our latest single, â€œLagi Na Lang,â€ coming out at midnight tonight, enjoy this one final treat for our previous single, â€œPagbigyanâ€ featuring Gian Bernardino from Cup of Joe â€“ LIVE!

 Just 6 hours to go!

Presave the song here
https://sugarcane.lnk.to/presavelaginalang","Reels","0.00","2024-11-07 02:05:00",2024,11,7,"02:05:00","https://www.facebook.com/reel/572054542073688/",True,False,"NaN","9931","108","14","605","109538.37","8.90",NULL
"1123178429169168","100044310645639","SUGARCANE","â€˜ğ‹ğšğ ğ¢ ğğš ğ‹ğšğ§ğ â€™ ğ¨ğ®ğ­ ğ§ğ¨ğ° ğ¨ğ§ ğšğ¥ğ¥ ğğ¢ğ ğ¢ğ­ğšğ¥ ğ©ğ¥ğšğ­ğŸğ¨ğ«ğ¦ğ¬  

sugarcane.lnk.to/laginalang

Composed by: Carl Guerzon, Froilan Bautista, Luis Beato, Cedric Angeles
Produced by: Brian Lotho, Xerxes Bakker 
Mixed by: Jay Dufour
Mastered by: JoÃ£o Carvalho

Warner Music Philippines 
Sarah Ismail
Kelley Mangahas 
Rem Brofar 
Celine Ferros",NULL,"Photos","0.00","2024-11-07 08:07:00",2024,11,7,"08:07:00","https://www.facebook.com/thesugarcaneph/posts/pfbid02M2n9ZkUNnHMSj7p2mztMEQnJBjD7VVaMugSksNvKHWrFuKgEHyasPAnHaamchdsQl",False,False,"NaN","12246","112","50","845","0.00","0.00",NULL
"1123178815835796","100044310645639","SUGARCANE","â€˜ğ‹ğšğ ğ¢ ğğš ğ‹ğšğ§ğ â€™ ğ¨ğ®ğ­ ğ§ğ¨ğ° ğ¨ğ§ ğšğ¥ğ¥ ğğ¢ğ ğ¢ğ­ğšğ¥ ğ©ğ¥ğšğ­ğŸğ¨ğ«ğ¦ğ¬  
Stream here: sugarcane.lnk.to/laginalang",NULL,"Photos","0.00","2024-11-07 08:08:00",2024,11,7,"08:08:00","https://www.facebook.com/photo.php?fbid=1123178815835796&set=a.228682278618792&type=3",False,False,"NaN","18813","110","79","1871","0.00","0.00",NULL
"1123179749169036","100044310645639","SUGARCANE","â€˜ğ‹ğšğ ğ¢ ğğš ğ‹ğšğ§ğ â€™ ğ¨ğ®ğ­ ğ§ğ¨ğ° ğ¨ğ§ ğšğ¥ğ¥ ğğ¢ğ ğ¢ğ­ğšğ¥ ğ©ğ¥ğšğ­ğŸğ¨ğ«ğ¦ğ¬  
Stream here: sugarcane.lnk.to/laginalang",NULL,"Photos","0.00","2024-11-07 08:10:00",2024,11,7,"08:10:00","https://www.facebook.com/photo.php?fbid=1123179749169036&set=a.228682271952126&type=3",False,False,"NaN","509","23","9","211","0.00","0.00",NULL
"1123494589137552","100044310645639","SUGARCANE","Lagi Na Lang (Official Lyric Visualizer)","Watch ""Lagi Na Lang"" (Official Lyric Visualizer) here: youtu.be/Ej63qEIRnpU

Brought to you by Ten Thirty Two Lab

Production Team:
â€¢ Director: Karlo Calingao x Louis Anthony Duran
â€¢ Creative Directors: Iana Cris Forbes & Louis Anthony Duran
â€¢ Executive Producer: Iana Cris Forbes
â€¢ Director of Photography & Camera Operator: Karlo Calingao
â€¢ Photographer: Louis Anthony Duran
â€¢ Production Manager: Angelu Jane Santiago-Lagazo
â€¢ Gaffer & Camera Operator: Garren Bustarde
â€¢ Editor & Colorist: Alanshii M. Ante
â€¢ Animators: Iana Cris Forbes, Louis Anthony Duran, Karlo Calingao, Garren Bustarde, Alanshii M. Ante
â€¢ Production Design: Angelu Santiago-Lagazo
â€¢ Wardrobe & Styling: Ranque Mark
â€¢ Hairstylist: Rudolf Davilos
â€¢ Makeup: Dorothy Mamalio
â€¢ Production Assistants: Jaybert Oliman Rima, Salvador Harold, Lorenzo Markus BolaÃ±os
â€¢ Location Manager: Markus BolaÃ±os

Special Thanks to Billy Bolanos, Maricel Lorenzo Bolanos, and their family for their warm hospitality.

Overall Direction by Rem Brofar","Videos","0.00","2024-11-07 19:28:00",2024,11,7,"19:28:00","https://www.facebook.com/thesugarcaneph/videos/557470216878713/",False,False,"NaN","9711","94","20","521","46819.60","5.06",NULL
"1123594135794264","100044310645639","SUGARCANE","We got nominated on AWIT AWARDS 

Appreciate the support, see you around folks! ",NULL,"Photos","0.00","2024-11-07 22:58:00",2024,11,7,"22:58:00","https://www.facebook.com/thesugarcaneph/posts/pfbid02e34D7H88jDvnELfKESvZHQpe36Co1rWWwbG8VXPLyrxiL8efh5JM3dS5atr5Nq4ml",False,False,"NaN","2904","19","13","203","0.00","0.00",NULL
"1124287562391588","100044310645639","SUGARCANE","Ilang taon narin ang siyang nagdaan,
Nangangapa parin kung san nagkulang...",NULL,"Text","0.00","2024-11-08 22:06:00",2024,11,8,"22:06:00","https://www.facebook.com/thesugarcaneph/posts/pfbid0NdVxUGnJEwqVx7kbv48voZ7wM6fTTDSoWVYuNgvzSY8TuRm3ntgvBCt2FPfTLr1Rl",False,False,"NaN","10439","45","26","556","0.00","0.00",NULL
"1124290322391312","100044310645639","SUGARCANE","Suko na po ako boss

Stream the song here: sugarcane.lnk.to/laginalang","Suko na po ako boss

Stream the song here: sugarcane.lnk.to/laginalang","Reels","0.00","2024-11-08 22:12:00",2024,11,8,"22:12:00","https://www.facebook.com/reel/956836469595230/",True,False,"NaN","74047","473","73","3213","524155.30","7.23",NULL
"1125031355650542","100044310645639","SUGARCANE","Huhu bye guys see you ulit next year 

Stream our new song Lagi Na Lang :
sugarcane.link.to/laginalang","Huhu bye guys see you ulit next year 

Stream our new song Lagi Na Lang :
sugarcane.link.to/laginalang","Reels","0.00","2024-11-09 22:44:00",2024,11,9,"22:44:00","https://www.facebook.com/reel/596704789688721/",True,False,"NaN","51526","50","26","997","377812.23","7.32",NULL
"1125134635640214","100044310645639","SUGARCANE","Pano kung may OPM song na inspired ng Fireflies by Owl City

Stream Lagi Na Lang! sugarcane.lnk.to/laginalang","Pano kung may OPM song na inspired ng Fireflies by Owl City

Stream Lagi Na Lang! sugarcane.lnk.to/laginalang","Reels","0.00","2024-11-10 02:14:00",2024,11,10,"02:14:00","https://www.facebook.com/reel/1704410897071187/",True,False,"NaN","27527","87","21","1017","474244.75","15.83",NULL
"1125704602249884","100044310645639","SUGARCANE","lactose into-you pa naman ako ","lactose into-you pa naman ako 

Stream Lagi Na Lang! sugarcane.lnk.to/laginalang","Videos","0.00","2024-11-10 21:04:00",2024,11,10,"21:04:00","https://www.facebook.com/thesugarcaneph/videos/466766872558024/",False,False,"NaN","5780","10","2","204","37780.46","6.70",NULL
"1125737705579907","100044310645639","SUGARCANE","Kita kits tayo sa Isetann_Official sa November 16, 1PM! 

Letâ€™s also enjoy their 3 Day Sale from Nov 15, 16, and 17 at may pa-P40 cashback pa kapag namili kayo worth P1000 sa lahat ng Isetann Department Store and Supermarket. 

 November 16, 2024
Isetann Recto","Kita kits tayo sa @[100069429872109:2048:Isetann_Official] sa November 16, 1PM! 

Letâ€™s also enjoy their 3 Day Sale from Nov 15, 16, and 17 at may pa-P40 cashback pa kapag namili kayo worth P1000 sa lahat ng Isetann Department Store and Supermarket. 

 November 16, 2024
Isetann Recto","Videos","0.00","2024-11-10 22:16:00",2024,11,10,"22:16:00","https://www.facebook.com/thesugarcaneph/videos/1081363773689494/",False,False,"NaN","3085","31","30","261","29797.04","6.47",NULL
"1125891592231185","100044310645639","SUGARCANE"," We Play Here Ateneo Stop 

Maraming salamat sa lahat ng pumunta at nakisaya! Sobrang sarap sa feeling tugtugin sa inyo mga bagong kanta na nilalabas namin  

Stream â€œLagi Na Langâ€ here: https://sugarcane.lnk.to/laginalang

Warner Music Philippines"," @[100092286526361:2048:We Play Here] Ateneo Stop 

Maraming salamat sa lahat ng pumunta at nakisaya! Sobrang sarap sa feeling tugtugin sa inyo mga bagong kanta na nilalabas namin  

Stream â€œLagi Na Langâ€ here: https://sugarcane.lnk.to/laginalang

@[100064878091978:2048:Warner Music Philippines]","Reels","0.00","2024-11-11 03:33:00",2024,11,11,"03:33:00","https://www.facebook.com/reel/2036297623466692/",False,False,"NaN","2175","25","7","234","17693.08","5.85",NULL
"1126419138845097","100044310645639","SUGARCANE","Ikaw pa rin ang peyborit kong gawa ni tita 

Stream ""Lagi Na Lang"" here: sugarcane.lnk.to/laginalang","Ikaw pa rin ang peyborit kong gawa ni tita 

Stream ""Lagi Na Lang"" here: sugarcane.lnk.to/laginalang","Reels","0.00","2024-11-11 21:00:00",2024,11,11,"21:00:00","https://www.facebook.com/reel/1112258523838423/",True,False,"NaN","6936","5","2","109","41034.51","6.22",NULL
"1126593288827682","100044310645639","SUGARCANE","Diyan ka magaling eh, umiwas  

Stream Lagi Na Lang!
sugarcane.lnk.to/laginalang","Diyan ka magaling eh, umiwas  

Stream Lagi Na Lang!
sugarcane.lnk.to/laginalang","Reels","0.00","2024-11-12 03:12:00",2024,11,12,"03:12:00","https://www.facebook.com/reel/1359957942078468/",True,False,"NaN","62516","165","73","878","360778.73","6.15",NULL
"1127092748777736","100044310645639","SUGARCANE","""Lagi Na Lang"" OUT NOW!!

Stream here: sugarcane.lnk.to/laginalang","""Lagi Na Lang"" OUT NOW!!

Stream here: sugarcane.lnk.to/laginalang","Reels","0.00","2024-11-12 20:38:00",2024,11,12,"20:38:00","https://www.facebook.com/reel/607079935086115/",True,False,"NaN","6912","11","5","245","59933.85","8.90",NULL
"1127275185426159","100044310645639","SUGARCANE","See you sa November 16, 1PM, sa Isetann_Official!! ",NULL,"Photos","0.00","2024-11-13 03:17:00",2024,11,13,"03:17:00","https://www.facebook.com/thesugarcaneph/posts/pfbid0988pBJRoCt96xxZ2U9mvjLV1SqJ1RoyBAmLxAdE3ThgjRxw9bVBdc7NTLiUwWp7Ll",False,True,"NaN","2652","4","4","71","0.00","0.00",NULL
"1127324422087902","100044310645639","SUGARCANE","#WePlayHereSchoolTour in Ateneo was a blast 

Thank you SugarFolks for showing up and making it a day to remember! 

Stream â€œLagi Na Langâ€ here:  
https://sugarcane.lnk.to/laginalang

Warner Music Philippines
We Play Here",NULL,"Photos","0.00","2024-11-13 04:43:00",2024,11,13,"04:43:00","https://www.facebook.com/thesugarcaneph/posts/pfbid02fFPRdoAzbcFajapFzC3sjyCp8g763wYdnPqSmdM77DZhcUknP674qB8GY7R3pK1ul",False,False,"NaN","4053","16","9","204","0.00","0.00",NULL
"1127786342041710","100044310645639","SUGARCANE","Sana madapa ka :(

Stream ""Lagi Na Lang"" here: sugarcane.lnk.to/laginalang","Sana madapa ka :(

Stream ""Lagi Na Lang"" here: sugarcane.lnk.to/laginalang","Reels","0.00","2024-11-13 22:03:00",2024,11,13,"22:03:00","https://www.facebook.com/reel/890630676532054/",True,False,"NaN","18630","40","8","418","136916.23","7.58",NULL
"1127982658688745","100044310645639","SUGARCANE","LAST CALL!! 

Sa mga walang gagawin sa sat, tara sa Isetann, 1pm! Haranahin namin kayo ",NULL,"Videos","0.00","2024-11-14 05:05:00",2024,11,14,"05:05:00","https://www.facebook.com/thesugarcaneph/posts/pfbid02NrAfQZRzW1GXf32t7HoxwRxsvQND8TMumttSFbXonAtfsHZUwthR6XrERfb5ffMTl",False,True,"NaN","1902","0","9","87","0.00","0.00",NULL
"1128383241982020","100044310645639","SUGARCANE","Manila peeps!! Free gig tomorrow, g? 

: November 16, 1PM 
: Isetann_Official Mall Recto 
 Get the chance to also win a ğğğšğ­ğ¬ ğ’ğ­ğ®ğğ¢ğ¨ ğğ«ğ¨ ğ–ğ¢ğ«ğğ¥ğğ¬ğ¬ ğ‡ğğšğğ©ğ¡ğ¨ğ§ğğ¬ and ğ’ğ®ğ ğšğ«ğœğšğ§ğ ğ¨ğŸğŸğ¢ğœğ¢ğšğ¥ ğ©ğ¨ğ¬ğ­ğğ« ğšğ§ğ ğ¬ğ­ğ¢ğœğ¤ğğ«ğ¬! 

PS. You can ğ†ğğ­ ğğŸ’ğŸ ğœğšğ¬ğ¡ğ›ğšğœğ¤ on every P1,000 single-receipt purchase at Isetann Dept Store and Isetann Supermarket from November 15-17, 2024. Find the perfect gifts for your loved ones with ğ®ğ© ğ­ğ¨ ğŸ“ğŸ% ğ¨ğŸğŸ on selected department store items and a chance to be one of the ğŸ‘ ğ¥ğ®ğœğ¤ğ² ğ°ğ¢ğ§ğ§ğğ«ğ¬ ğ¨ğŸ ğğğšğ­ğ¬ ğ’ğ­ğ®ğğ¢ğ¨ ğğ«ğ¨ ğ–ğ¢ğ«ğğ¥ğğ¬ğ¬ ğ‡ğğšğğ©ğ¡ğ¨ğ§ğğ¬! ",NULL,"Photos","0.00","2024-11-14 19:23:00",2024,11,14,"19:23:00","https://www.facebook.com/thesugarcaneph/posts/pfbid02PAjUV1jgKiFWAL8KaA4UKBGWhoCLGHte7tRfgxiJwZP123UbajXvUAxZpaKk9gF1l",False,False,"NaN","6641","21","14","308","0.00","0.00",NULL
"1128503275303350","100044310645639","SUGARCANE","Bakit ganon 

Stream ""Lagi Na Lang"" here: sugarcane.lnk.to/laginalang","Bakit ganon 

Stream ""Lagi Na Lang"" here: sugarcane.lnk.to/laginalang","Reels","0.00","2024-11-14 23:52:00",2024,11,14,"23:52:00","https://www.facebook.com/reel/586866907057832/",True,False,"NaN","46914","328","141","1967","196495.52","4.23",NULL
"1129861435167534","100044310645639","SUGARCANE","Ako 'di niyo kakamustahin? 

Stream ""Lagi Na Lang"" here: sugarcane.lnk.to/laginalang","Ako 'di niyo kakamustahin? 

Stream ""Lagi Na Lang"" here: sugarcane.lnk.to/laginalang","Reels","0.00","2024-11-17 00:09:00",2024,11,17,"00:09:00","https://www.facebook.com/reel/540533498826890/",True,False,"NaN","71602","399","168","1846","391610.31","5.77",NULL
"1130503968436614","100044310645639","SUGARCANE","Edi enjoy 

Stream Lagi Na Lang here: sugarcane.lnk.to/laginalang","Edi enjoy 

Stream Lagi Na Lang here: sugarcane.lnk.to/laginalang","Reels","0.00","2024-11-17 23:38:00",2024,11,17,"23:38:00","https://www.facebook.com/reel/1270339707553091/",True,False,"NaN","17472","42","20","366","143862.62","7.96",NULL
"1130570628429948","100044310645639","SUGARCANE","Uy may bagong kanta Sugarcane stream nyo na 
sugarcane.lnk.to/laginalang","Uy may bagong kanta Sugarcane stream nyo na 
sugarcane.lnk.to/laginalang","Reels","0.00","2024-11-18 02:08:00",2024,11,18,"02:08:00","https://www.facebook.com/reel/1210833206690798/",True,False,"NaN","4243","9","4","146","26539.31","6.47",NULL
"1131177018369309","100044310645639","SUGARCANE","Pano naman yung pangarap ko? 

Stream Lagi Na Lang here: sugarcane.lnk.to/laginalang","Pano naman yung pangarap ko? 

Stream Lagi Na Lang here: sugarcane.lnk.to/laginalang","Reels","0.00","2024-11-18 23:15:00",2024,11,18,"23:15:00","https://www.facebook.com/reel/466936732629709/",True,False,"NaN","15131","17","11","177","91604.64","6.26",NULL
"1131831908303820","100044310645639","SUGARCANE","Naiyak siguro sya kaya ganyan lang reply nya 

Stream Lagi Na Lang
sugarcane.lnk.to/laginalang","Naiyak siguro sya kaya ganyan lang reply nya 

Stream Lagi Na Lang
sugarcane.lnk.to/laginalang","Reels","0.00","2024-11-19 22:36:00",2024,11,19,"22:36:00","https://www.facebook.com/reel/3333068213495967/",True,False,"NaN","2343876","27906","9611","133940","26361337.64","10.38",NULL
"1132505444903133","100044310645639","SUGARCANE","#WePlayHereSchoolTour in UST? 

See you tomorrow, Thomasians!

And aside from that, weâ€™ve prepared something exciting just for you. Stay tuned for our post on our socials â€” you wonâ€™t want to miss it! 

: November 22
: Event is open to UST students only

UST CFAD Student Council
Warner Music Philippines
We Play Here",NULL,"Videos","0.00","2024-11-20 22:03:00",2024,11,20,"22:03:00","https://www.facebook.com/thesugarcaneph/posts/pfbid04RSQBi8kkEw11CEgXwjbHhi97rmyCJp9yyBCr73tjLB9XN1TPYJvCUCKVCSE3XRfl",False,True,"NaN","2022","0","2","83","0.00","0.00",NULL
"1132612441559100","100044310645639","SUGARCANE","Who's ready for #WePlayHereSchoolTour in UST? 

Thomasians, be sure to not miss this out, kasi sa mismong araw ng We Play Here sa UST-CFAD, we will be scattering envelopes around the campus for you to find. 

These envelopes will serve as your invitation for a ğ¯ğğ«ğ² ğ¬ğ©ğğœğ¢ğšğ¥ ğğ¯ğğ§ğ­.

: Stay tuned on our socials â€” we will be posting clues tomorrow, basta paunahan na lang makahanap ng envelopes bukas sa UST, g?!

PS. Kapag isa kayo sa mga mapalad na makakuha ng envelope sa Friday, scan the QR code to register and know more about the details!

Warner Music Philippines
UST CFAD Student Council",NULL,"Photos","0.00","2024-11-21 01:01:00",2024,11,21,"01:01:00","https://www.facebook.com/thesugarcaneph/posts/pfbid037tGoMW1mUYBu1i4cncN13oyWFmwBnFv1rVHnvF6YTm4TmSw4oEtd5zHSMntt79Dxl",False,False,"NaN","8198","31","37","377","0.00","0.00",NULL
"1133348374818840","100044310645639","SUGARCANE","THOMASIANS!!  

Look out for envelopes scattered around the UST Campus! Hints for the locations can be seen at the photos below : 

These envelopes will serve as your invitation for a ğ¯ğğ«ğ² ğ¬ğ©ğğœğ¢ğšğ¥ ğğ¯ğğ§ğ­.

: Kapag isa kayo sa mga mapalad na makakuha ng envelopes, tag us on all of our social media platforms, @thesugarcaneph â€” scan the QR code to register and know more about the details!

Warner Music Philippines
UST CFAD Student Council",NULL,"Photos","0.00","2024-11-22 02:38:00",2024,11,22,"02:38:00","https://www.facebook.com/thesugarcaneph/posts/pfbid02EaqvH3u9tD7o26TqRT7h6bW9qFqHZGvMM84d6s6S6nXqzFHyteRYP63jMJaT5J1Dl",False,False,"NaN","9224","5","16","193","0.00","0.00",NULL
"1134017354751942","100044310645639","SUGARCANE","Tara mamaya for Kenaniah and Janine TeÃ±oso's intimate gig! 

Since Jess & Pat's is very close to our hearts for being not just our go-to gig place but also a place were we get to hang out with you, folks, we will be scattering envelopes around the vicinity for you to find. 

These envelopes will serve as your invitation for a ğ¯ğğ«ğ² ğ¬ğ©ğğœğ¢ğšğ¥ ğğ¯ğğ§ğ­.

: Stay tuned on our socials â€” we will be posting clues later, paunahan na lang makahanap ng envelopes! 

PS. Kapag isa kayo sa mga mapalad na makakuha ng envelope mamaya, scan the QR code to register and know more about the details!

Warner Music Philippines",NULL,"Photos","0.00","2024-11-23 01:55:00",2024,11,23,"01:55:00","https://www.facebook.com/thesugarcaneph/posts/pfbid0U2H6FwyvvrzU8K9y35Tbn8wu8viUTpJGUK1hbco6yQAsg1qt9bkKJ9JxnhzEFqHnl",False,False,"NaN","5242","8","0","172","0.00","0.00",NULL
"1134039021416442","100044310645639","SUGARCANE","FOLLOW THE RED STRING P2!!  

Free ba kayo tonight? Tara sa Jess and Pats for Kenaniah and Janine TeÃ±oso intimate gig! 

Also!! Look out for envelopes scattered around Jess & Pat's! Hints for the locations can be seen at the photos below 

These envelopes will serve as your invitation for a ğ¯ğğ«ğ² ğ¬ğ©ğğœğ¢ğšğ¥ ğğ¯ğğ§ğ­.

: Kapag isa kayo sa mga mapalad na makakuha ng envelopes, tag us on all of our social media platforms, @thesugarcaneph â€” scan the QR code to register and know more about the details!

Warner Music Philippines",NULL,"Photos","0.00","2024-11-23 02:39:00",2024,11,23,"02:39:00","https://www.facebook.com/thesugarcaneph/posts/pfbid02Fk7kefBDvHEWjeT9zSVoseMdeSaQyUFCzFds2GS2yTrFKf8tTzescNYTYwUM2QPel",False,False,"NaN","2863","1","0","58","0.00","0.00",NULL
"1136062131214131","100044310645639","SUGARCANE","Hi folks! May super special na event kami this Saturday, November 30, sa Makati, and there are only a few slots left! Gusto niyo bang sumama? Madali lang, just post 3 photos with us and tag us in your stories - first 10 to do it gets in!  

10 SLOTS LEFT",NULL,"Photos","0.00","2024-11-26 03:14:00",2024,11,26,"03:14:00","https://www.facebook.com/thesugarcaneph/posts/pfbid02GrScZGMaa8zL3o1dBg3sSMM6Rr59C7hswvDZ4VeQn8oX7XTgiLkatuq5pUy5xR4kl",False,False,"NaN","5263","15","16","256","0.00","0.00",NULL
"1136721984481479","100044310645639","SUGARCANE","Finally sharing moments from the Isetann_Official Mall Show! Huge thanks to everyone who showed up and made it such a special time! 

: Noel, Alyxter, and Jeus of ACNM Media","Finally sharing moments from the @[100069429872109:2048:Isetann_Official] Mall Show! Huge thanks to everyone who showed up and made it such a special time! 

: Noel, Alyxter, and Jeus of @[100080065946395:2048:ACNM Media]","Videos","0.00","2024-11-27 02:51:00",2024,11,27,"02:51:00","https://www.facebook.com/thesugarcaneph/videos/955496923278537/",False,False,"NaN","2291","14","9","188","22749.03","7.64",NULL
"1140722684081409","100044310645639","SUGARCANE","Maraming salamat sa lahat ng pumunta sa ating ğ‘¯ğ’–ğ’ˆğ’ğ’• ğ‘¯ğ’‚ğ’ğ’ˆğ’ğ’–ğ’•ğ’”! 

Join our SugarFolks community page for more exclusive announcements: SugarFolks

Special thanks to:
SugarFolks
Warner Music Philippines
ARK Productions
UNWND Boutique Hotel Makati",NULL,"Photos","0.00","2024-12-03 00:10:00",2024,12,3,"00:10:00","https://www.facebook.com/thesugarcaneph/posts/pfbid0mcxNWr6VdbmW3AS8BSNnX6D6bXwTmEgCgThf83PxmLRkyd8wESC1EEwfvAk4oHCZl",False,True,"NaN","4112","3","4","107","0.00","0.00",NULL
"1141064977380513","100044310645639","SUGARCANE","malapit ko na maubos amoy mo","malapit ko na maubos amoy mo

sugarcane.lnk.to/laginalang","Videos","0.00","2024-12-03 09:49:00",2024,12,3,"09:49:00","https://www.facebook.com/thesugarcaneph/videos/1286238425729596/",False,False,"NaN","13723","104","69","1089","91350.54","5.96",NULL
"1141521677334843","100044310645639","SUGARCANE"," First Episode of ""Ano Ang Lagi Na Lang Niyo?"" 

Watch the full video here: https://youtu.be/QGkJr301sA0

In this mini podcast series, SUGARCANE will be joined by some of their amazing fans who share their stories, insights, and laughs as we dive into the theme: â€œAno ang lagi nalang sa buhay niyo?â€ 

In today's first episode, weâ€™re kicking things off with something close to everyoneâ€™s heart â€” friendship. 

Stream ""Lagi Na Lang"": sugarcane.lnk.to/laginalang"," First Episode of ""Ano Ang Lagi Na Lang Niyo?"" 

Watch the full video here: https://youtu.be/QGkJr301sA0

In this mini podcast series, SUGARCANE will be joined by some of their amazing fans who share their stories, insights, and laughs as we dive into the theme: â€œAno ang lagi nalang sa buhay niyo?â€ 

In today's first episode, weâ€™re kicking things off with something close to everyoneâ€™s heart â€” friendship. 

Stream ""Lagi Na Lang"": sugarcane.lnk.to/laginalang","Reels","0.00","2024-12-04 03:01:00",2024,12,4,"03:01:00","https://www.facebook.com/reel/2052436061896442/",True,False,"NaN","4744","8","8","186","48424.97","9.22",NULL
"1141940813959596","100044310645639","SUGARCANE","See you later, knollers! 

Miriam College Nuvali

: December 5
: Miriam College Nuvali, Laguna
: Event is open for outsiders 

We can't wait to see you all! ",NULL,"Photos","0.00","2024-12-04 18:00:00",2024,12,4,"18:00:00","https://www.facebook.com/thesugarcaneph/posts/pfbid0293f5T1DyYwqpqDtz7ykLMhQ6ZTZui9fQmGhuEemseWKRTY8zTEuSHsiWyQBhd1NGl",False,False,"NaN","4251","5","5","166","0.00","0.00",NULL
"1141992383954439","100044310645639","SUGARCANE","Maraming salamat sa walang sawang suporta at pagmamahal, SugarFolks! Sobrang na-appreciate namin kayong lahat. Hereâ€™s to creating more music and memories together next year!  #SpotifyWrapped2024",NULL,"Photos","0.00","2024-12-04 20:00:00",2024,12,4,"20:00:00","https://www.facebook.com/thesugarcaneph/posts/pfbid0515JetxEqsovRmbs7qfc3afjYPK4juyUjs3v4cZZmHKNYSoEHXtVJoshsoSmmkxcl",False,False,"NaN","11384","44","37","843","0.00","0.00",NULL
"1142215817265429","100044310645639","SUGARCANE","(ã£â—”â—¡â—”)ã£ ğ‡ğ®ğ ğ¨ğ­ ğ‡ğšğ§ğ ğ¨ğ®ğ­ ğ‡ğ¢ğ ğ¡ğ¥ğ¢ğ ğ¡ğ­ğ¬

Still canâ€™t get over how amazing the ""Hugot Hangouts"" turned out!  Hindi namin makakalimutan lahat ng napagkwentuhan at masasayang alaala natin from this event. Hanggang sa susunod na hangout ulit, folks! 

: ARK Productions",NULL,"Photos","0.00","2024-12-05 03:00:00",2024,12,5,"03:00:00","https://www.facebook.com/thesugarcaneph/posts/pfbid0373tnCxJi3aM2xcwaHbADPAbjJcYh8vi5RdkdenybuQ3C4J1atyBEV5nZWcfSosa5l",False,False,"NaN","10670","61","7","296","0.00","0.00",NULL
"1142815033872174","100044310645639","SUGARCANE","See you tomorrow, Perpetualites!  

Date: December 7, 2024 (Saturday)
 Venue: UPHSL Oval
: Walk-ins and outsiders are allowed 

Can't wait to see all of you!! 

#Perpskuhan2024",NULL,"Photos","0.00","2024-12-05 23:20:00",2024,12,5,"23:20:00","https://www.facebook.com/thesugarcaneph/posts/pfbid0789w5JYF7fCNFEiAihqWSKgErntRAaNgSWd5ftZk39qvdnjZvRaiuxDLBZfsLFryl",False,True,"NaN","4816","7","3","111","0.00","0.00",NULL
"1143465237140487","100044310645639","SUGARCANE","Back to back gigs this weekend, Laguna & Baguio folks

 University of Perpetual Help System Laguna

 Date: December 7, 2024 (Saturday)
 Venue: UPHSL Oval
: Walk-ins and outsiders are allowed

UPH-Dr. Jose G. Tamayo Medical University Supreme Student Council

 Valley Bread

 Date: December 8, 2024 (Sunday) 
 Venue: Malcom Square, Baguio City
: Event is open to the public; Free admission 

See you around!! ",NULL,"Photos","0.00","2024-12-06 21:08:00",2024,12,6,"21:08:00","https://www.facebook.com/thesugarcaneph/posts/pfbid06o3T5qTgeiEjyFS2RRMfN2uayw7e9cRYoTxeZ7TUaRGfo1EbnPMWJeoeRz3NEnuil",False,False,"NaN","8850","36","30","358","0.00","0.00",NULL
"1146308913522786","100044310645639","SUGARCANE","2nd Episode of ""Ano Ang Lagi Na Lang Niyo?"" 

Watch the full episode here: https://youtu.be/krGw2A5HAyU

In this mini podcast series, SUGARCANE will be joined by some of their amazing fans who share their stories, insights, and laughs as we dive into the theme: â€œAno ang lagi nalang sa buhay niyo?â€

In today's episode, we'll be tackling something thatâ€™s relatable to us all â€” the wonders and pain of relationships. 

Stream ""Lagi Na Lang"": sugarcane.lnk.to/laginalang","2nd Episode of ""Ano Ang Lagi Na Lang Niyo?"" 

Watch the full episode here: https://youtu.be/krGw2A5HAyU

In this mini podcast series, SUGARCANE will be joined by some of their amazing fans who share their stories, insights, and laughs as we dive into the theme: â€œAno ang lagi nalang sa buhay niyo?â€

In today's episode, we'll be tackling something thatâ€™s relatable to us all â€” the wonders and pain of relationships. 

Stream ""Lagi Na Lang"": sugarcane.lnk.to/laginalang","Reels","0.00","2024-12-11 03:00:00",2024,12,11,"03:00:00","https://www.facebook.com/reel/2066886960419729/",True,False,"NaN","3913","10","11","137","26063.16","6.48",NULL
"1149501569870187","100044310645639","SUGARCANE","Some takeaways from the 1st episode of our mini podcast series.  Ikaw? Anong kwentong â€œLagi Na Langâ€ mo? 

watch the full episode on our Youtube channel!","Some takeaways from the 1st episode of our mini podcast series.  Ikaw? Anong kwentong â€œLagi Na Langâ€ mo? 

watch the full episode on our Youtube channel!","Reels","0.00","2024-12-16 01:45:00",2024,12,16,"01:45:00","https://www.facebook.com/reel/1279661986487514/",True,False,"NaN","4365","7","6","99","19832.69","4.91",NULL
"1150887536398257","100044310645639","SUGARCANE","Final Episode of ""Ano Ang Lagi Na Lang Niyo?"" 

Watch the full episode here: https://youtu.be/C7MtYT6bTQU

In this mini podcast series, SUGARCANE will be joined by some of their amazing fans who share their stories as we dive into the theme: â€œAno ang lagi nalang sa buhay niyo?â€ In this EP's topic - career. 

Stream ""Lagi Na Lang"": sugarcane.lnk.to/laginalang","Final Episode of ""Ano Ang Lagi Na Lang Niyo?"" 

Watch the full episode here: https://youtu.be/C7MtYT6bTQU

In this mini podcast series, SUGARCANE will be joined by some of their amazing fans who share their stories as we dive into the theme: â€œAno ang lagi nalang sa buhay niyo?â€ In this EP's topic - career. 

Stream ""Lagi Na Lang"": sugarcane.lnk.to/laginalang","Reels","0.00","2024-12-18 03:13:00",2024,12,18,"03:13:00","https://www.facebook.com/reel/1161004735447112/",False,False,"NaN","3776","10","4","120","27046.38","7.72",NULL
"1152075502946127","100044310645639","SUGARCANE","See you later sa Maskipaps!! ",NULL,"Photos","0.00","2024-12-19 20:25:00",2024,12,19,"20:25:00","https://www.facebook.com/thesugarcaneph/posts/pfbid0hWfCfruMmh3qJwPrUwr4P9fkm68iwEGvYenHSGKXQPnKPVamUmMQzgCW9wDxu9vAl",False,True,"NaN","5970","7","9","163","0.00","0.00",NULL
"1152646472889030","100044310645639","SUGARCANE","See you later sa Pangil Laguna, folks!! ",NULL,"Photos","0.00","2024-12-20 16:18:00",2024,12,20,"16:18:00","https://www.facebook.com/thesugarcaneph/posts/pfbid02ABwvp2MB4wSBaMrCQjgc7J4ekcL3AurHYsUK41y4YRCMfMdgbLkprFv7VqksHLHGl",False,False,"NaN","9411","47","43","341","0.00","0.00",NULL
"1153448299475514","100044310645639","SUGARCANE","Thank you, Maskipaps: The Crossover!  First time namin 'to pero grabe yung init ng pagtanggap niyo. Perfect way to cap off the year! 

: Noel, Ivan, & Alyxter of ACNM Media",NULL,"Photos","0.00","2024-12-21 20:32:00",2024,12,21,"20:32:00","https://www.facebook.com/thesugarcaneph/posts/pfbid0SzybxfXCz7sNGwekKiYK3gUG9a4EdPRoJJJ5RaJHiqbhycj7HRtcdYRRAHJz6eq7l",False,False,"NaN","10531","49","11","569","0.00","0.00",NULL
"1155632662590411","100044310645639","SUGARCANE","Merry Christmas & Happy Holidays, SugarFolks! ",NULL,"Photos","0.00","2024-12-25 00:49:00",2024,12,25,"00:49:00","https://www.facebook.com/thesugarcaneph/posts/pfbid0Ty13LdhbEmRg9y4zsQu1JzG6Ro3ViYuUDkj4HbekPHqpC1UoT94xYKnq5nMkNDvNl",False,False,"NaN","12499","45","59","1143","0.00","0.00",NULL
"1121605509326460","100044310645639","SUGARCANE","Haha okay lang naman 

Presave the song here
https://sugarcane.lnk.to/presavelaginalang","Haha okay lang naman 

Presave the song here
https://sugarcane.lnk.to/presavelaginalang","Reels","0.00","2024-11-05 01:14:00",2024,11,5,"01:14:00","https://www.facebook.com/reel/543779495025034/",True,False,"NaN","33958","260","51","981","176007.67","5.42",NULL
