Post ID,Page ID,Page name,Title,Description,Duration sec,Publish time,Caption type,Permalink,Is crosspost,Is share,Post type,Languages,Custom labels,Funded content status,Data comment,Date,Views,Reach,"Reactions, Comments and Shares",Reactions,Comments,Shares,Total clicks,Other Clicks,Matched Audience Targeting Consumption Photo Click,Link Clicks,Seconds viewed,Average Seconds viewed,Estimated earnings (USD),Negative feedback from users: Hide
1213499430137060.00,100044310645639.00,SUGARCANE,"Next Up: SUBIC!! 🚗💨

Magkita-kita tayo sa Ayala Malls Harbor Point, this March 22, 6PM! 

Secure your entry pass and don’t miss the chance to join the 𝑴𝒆𝒆𝒕 & 𝑮𝒓𝒆𝒆𝒕! Scan the QR code and follow the mechanics.

See you there! ❤️‍🔥",,0,3/18/2025 2:39,N/A,https://www.facebook.com/thesugarcaneph/posts/pfbid0ksai8f2BHaH4YdCp4GuVbQZBn2Au6x2Xuxi7Fe19JhNt9fGQWoWKWQnqoV8VxiXKl,0,0,Photos,,,,,Lifetime,6047,3355,225,184,24,17,274,146,128,,,,,
1211164553703880.00,100044310645639.00,SUGARCANE,"See you later San Manuel, Pangasinan!! 🤩",,0,3/14/2025 21:07,N/A,https://www.facebook.com/thesugarcaneph/posts/pfbid02D7eEr1848fWniYU5FRYpgDgGjHRwAtmakLEvxrh8G2V5jD45X7vJBQSLHJ7VAdMgl,0,1,Photos,,,,,Lifetime,10006,6566,217,203,5,9,512,245,267,,,,,
1207769290710080.00,100044310645639.00,SUGARCANE,"Muntik na kaming mapanood ni Dionela!! 😂

Literal na naging breathtaking ang performance namin para sa Team Dionela HAHAHAHA! Kidding aside, sobrang nakaka-inspire ang nangyari kagabi sa Cebu! Dionela and his team literally ran to the venue para lang umabot sa set namin. Ang wholesome lang isipin na kahit isa na siya sa mga top OPM artists, he still goes the extra mile — literally and figuratively, just to support fellow artists, this just shows the kind of person he is. Isa ‘to sa pinaka-highlight ng gabi namin and it’s such a humbling moment 🙏🏻

Salutes to you at maraming salamat, team Dionela!🔥","Muntik na kaming mapanood ni @[100063647383948:2048:Dionela]!! 😂

Literal na naging breathtaking ang performance namin para sa Team Dionela HAHAHAHA! Kidding aside, sobrang nakaka-inspire ang nangyari kagabi sa Cebu! Dionela and his team literally ran to the venue para lang umabot sa set namin. Ang wholesome lang isipin na kahit isa na siya sa mga top OPM artists, he still goes the extra mile — literally and figuratively, just to support fellow artists, this just shows the kind of person he is. Isa ‘to sa pinaka-highlight ng gabi namin and it’s such a humbling moment 🙏🏻

Salutes to you at maraming salamat, team Dionela!🔥",38,3/10/2025 5:54,mixed,https://www.facebook.com/thesugarcaneph/videos/669959478709380/,0,0,Videos,,,,,Lifetime,32912,16590,1245,1166,25,54,2289,2285,,4,412756.504,15.978,0.32,
1207455994074740.00,100044310645639.00,SUGARCANE,"SUGARCANE on #FamilyFeudPH ❤️

You can watch the episode at gmanetwork.com/familyfeud and watch the Kapuso Stream, weekdays, 5:40 PM sa Family Feud PH’s Facebook at YouTube!! 👀",,0,3/9/2025 19:04,N/A,https://www.facebook.com/thesugarcaneph/posts/pfbid02m5GPBtEoMAZwG38k4QiGSEGq3B7imYWaSVhrZo31imu78qLeoxRKRePHSGXWDJ8Sl,0,1,Videos,,,,,Lifetime,,5648,615,583,32,0,658,650,,8,,,,
1205455977608070.00,100044310645639.00,SUGARCANE,"𝐌𝐀𝐑𝐂𝐇 𝐆𝐈𝐆𝐒 📢

Magkita na kaya tayo this March? Can’t wait to see you all folks!! 👀

☎️ For bookings and inquiries: thesugarcaneph@gmail.com

🗓️ by Rem Brofar",,0,3/7/2025 1:41,N/A,https://www.facebook.com/thesugarcaneph/posts/pfbid0DxgMCDu2QJFYUHTUAcCBrMJTkmuHEH8XXJCNDhy9C8hD8KvPT4xuYHKFVqqjMGyQl,0,0,Photos,,,,,Lifetime,55453,23357,1534,1210,161,163,4097,2609,1488,,,,,
1205406437613030.00,100044310645639.00,SUGARCANE,"2 days na lang magkikita na rin tayo ulit, Cebu!! 🥹❤️‍🔥

Free show tayo this coming March 9 sa Ayala Malls Central Bloc Activity Center, but don’t miss out on the chance to grab a 𝐏𝐫𝐞𝐦𝐢𝐮𝐦 𝐏𝐚𝐬𝐬 for the ultimate show experience! See the mechanics provided below ✨

Warner Music Philippines
Ayala Malls
We Play Here

#AyalaMallsCentralBloc #WonderFurther",,0,3/6/2025 23:55,N/A,https://www.facebook.com/thesugarcaneph/posts/pfbid0PhWnVf2VmbcTAfwAZ297fyusADJvVscstqrwGLmsjLRSdgGme87dY1VXPJLGTCwMl,0,0,Photos,,,,,Lifetime,7415,4324,155,140,11,4,145,98,47,,,,,
1204141327739540.00,100044310645639.00,SUGARCANE,"The We Play Here: Arthur Miguel x Sugarcane tour kicks off this weekend ❤️‍🔥

Catch us live at the Ayala Malls Central Bloc Cebu, and don’t miss out on the meet & greet after the show! 

Check out the mechanics and register now ⬇️

Warner Music Philippines
Ayala Malls",,0,3/5/2025 4:09,N/A,https://www.facebook.com/thesugarcaneph/posts/pfbid037unTsNViqzzPXEya3xDh7qzDUgAszDzJGDPpF7fMXddspzR5GHY4wNw6jzckK6Hil,0,0,Photos,,,,,Lifetime,6898,4270,177,160,8,9,194,104,90,,,,,
1202668444553490.00,100044310645639.00,SUGARCANE,"See you at ASHS Prom: Neridia 2025, folks!! 💕

📆 March 8, 2025 
📍AJHS Covered Courts",,0,3/3/2025 1:49,N/A,https://www.facebook.com/thesugarcaneph/posts/pfbid0uagKbzfpzZmvwdHues2K8BoPGKxf54oy1b4dTEnT4Z7Ga7Yi9sJm7DNMVAHuG9TZl,0,1,Photos,,,,,Lifetime,8708,5920,179,170,3,6,357,280,70,7,,,,
1203426931144310.00,100044310645639.00,SUGARCANE,"𝐇𝐚𝐩𝐩𝐲 𝟏𝐌 #𝐓𝐚𝐧𝐠𝐢𝐧𝐠𝐈𝐤𝐚𝐰✨

Congrats sa ating lahat, SugarFolks! Panalo nating lahat to! 

As our way of saying thanks for all the love and support, we’ve got a 𝐬𝐩𝐞𝐜𝐢𝐚𝐥 𝐜𝐨𝐦𝐦𝐮𝐧𝐢𝐭𝐲 𝐞𝐯𝐞𝐧𝐭 lined up!  Don’t miss out - check the mechanics and secure your slot now. See you there! 💖

Check the comments section for the mechanics ⬇️",,0,3/4/2025 3:48,N/A,https://www.facebook.com/thesugarcaneph/posts/pfbid036DVinCsf9pM2Lb47cidTGQq7Xda8aJjcQFoeeNyqaqho8Lca4SBCBQWi9sfifookl,0,0,Photos,,,,,Lifetime,14711,8729,748,661,37,50,341,273,68,,,,,
1202561524564190.00,100044310645639.00,SUGARCANE,SUGARCANE at FEU Cavite ✨,"[@[100067598478298:2048:FEU Cavite] Highlights] 

Solid talaga lagi ang mga Caviteños! Sobrang na-enjoy naming makasama kayo, hanggang sa muli! ✨

🎥: Noel, Ivan, & Alyxter of @[100080065946395:2048:ACNM Media]",50,3/2/2025 22:00,N/A,https://www.facebook.com/thesugarcaneph/videos/1037683455078542/,0,0,Videos,,,,,Lifetime,4650,4180,345,311,10,24,269,268,,1,30767.314,7.334,0.03,
1201954164624920.00,100044310645639.00,SUGARCANE,"FIRST STOP: Cebu, Ayala Malls Central Bloc ❤️‍🔥

We Play Here Tour with Arthur Miguel is fast approaching, at dahil love na love namin kayo, may inihanda kaming surprise for all of you sa lahat ng tour stops! 🪢

𝐅𝐎𝐑 𝐄𝐕𝐄𝐑𝐘 𝐓𝐎𝐔𝐑 𝐒𝐓𝐎𝐏 𝐆𝐄𝐓 𝐀 𝐂𝐇𝐀𝐍𝐂𝐄 𝐓𝐎: 

💌 𝐃𝐄𝐃𝐈𝐂𝐀𝐓𝐄 𝐓𝐀𝐍𝐆𝐈𝐍𝐆 𝐈𝐊𝐀𝐖

- Go to the link/Scan the QR code and fill out the form to register
- ⁠One (1) lucky fan will be chosen for each tour stop
- Chosen fans will be contacted through social media so make sure your accounts are set to public
- ⁠The chosen fans will be called on stage to share/dedicate a message and the live performance of ""Tanging Ikaw"" to their special someone
- ⁠They will also receive an exclusive gift from Sugarcane 

Warner Music Philippines",,0,3/2/2025 1:27,N/A,https://www.facebook.com/thesugarcaneph/posts/pfbid0ibYetPuZ3j1xTnfWYqoQGNquruQTgzneMwRe732ips3SqmB9RjqAJjFqYfKFZPTTl,0,0,Photos,,,,,Lifetime,7017,3808,169,150,10,9,193,130,63,,,,,
1201283894691950.00,100044310645639.00,SUGARCANE,"Squidball na yan eh, anong palag namin dyan 😪 Secure your tickets na folks! Kita-kita tayo sa Elements 2025: UP Fair! ❤️‍🔥",,0,3/1/2025 2:42,N/A,https://www.facebook.com/thesugarcaneph/posts/pfbid02x7g3xL1DJp45nHk6NP9ZVDVDrx63516anZFUNgYFV7oawUhhJ84p8xm2xN26APV8l,0,1,Videos,,,,,Lifetime,,4399,292,276,16,0,505,504,,1,,,,
1200414311445570.00,100044310645639.00,SUGARCANE,"CEBU!! 📢

Tara sa Cebu, Cebu-hay mo ayie 🤪 Kita kita tayo sa Ayala Malls Central Bloc, folks! ❤️‍🔥",,0,2/27/2025 21:52,N/A,https://www.facebook.com/thesugarcaneph/posts/pfbid02N53eu8HHJAhBrETcGtedhjxP4MThJF3soVDsqufdzrf4VweYCfTCSAekAMGtkyaol,0,1,Photos,,,,,Lifetime,4663,3168,99,85,7,7,163,127,36,,,,,
1199643478189320.00,100044310645639.00,SUGARCANE,"SugarFolks 𝐂𝐨𝐦𝐦𝐮𝐧𝐢𝐭𝐲 𝐇𝐚𝐧𝐠𝐨𝐮𝐭 𝐏𝐚𝐫𝐭 𝟐? 👀

Nag promise kami dati na magkakaroon tayo ng hugot hangouts ulit para sa mga di nakapunta last time, baka ito na ang panahon para tuparin ‘yun! 💞

Pero para malaman namin if game talaga kayo sa 𝐇𝐮𝐠𝐨𝐭 𝐇𝐚𝐧𝐠𝐨𝐮𝐭𝐬 𝟐.𝟎, create a TikTok/IG Reels video using the official audio of “Tanging Ikaw”, and don’t forget to use the hashtag #𝐓𝐚𝐧𝐠𝐢𝐧𝐠𝐈𝐤𝐚𝐰𝐒𝐮𝐠𝐚𝐫𝐜𝐚𝐧𝐞

🎟️: This 𝐯𝐢𝐝𝐞𝐨 𝐜𝐨𝐧𝐭𝐞𝐧𝐭 𝐰𝐢𝐥𝐥 𝐛𝐞 𝐲𝐨𝐮𝐫 𝐞𝐧𝐭𝐫𝐲 for chance to join the hangout party

☑️: 𝐀𝐥𝐥 𝐜𝐨𝐧𝐭𝐞𝐧𝐭𝐬 𝐚𝐫𝐞 𝐚𝐜𝐜𝐞𝐩𝐭𝐚𝐛𝐥𝐞; whether it’s a dance choreo, live performance video of Sugarcane playing “Tanging Ikaw”, skits, or any creative ideas you have in mind

☑️: Don’t forget to use the hashtag #𝐓𝐚𝐧𝐠𝐢𝐧𝐠𝐈𝐤𝐚𝐰𝐒𝐮𝐠𝐚𝐫𝐜𝐚𝐧𝐞, use the official Tanging Ikaw audio, and mention/tag us on our socials @thesugarcaneph",,0,2/26/2025 20:05,N/A,https://www.facebook.com/thesugarcaneph/posts/pfbid0NS1rS2T58qZ2PQVSCgMYQS5qFGKyYEYK8Jv6XnMhKYyLBGQjnMQNSTPAovQPEoZ2l,0,0,Photos,,,,,Lifetime,4996,3294,155,146,4,5,222,91,131,,,,,
1199155731571430.00,100044310645639.00,SUGARCANE,"We Play Here Tour with Arthur Miguel! Super exciting nito! See you around, folks 🤩

Special thanks to Warner Music Philippines & Ayala Malls for making this happen ❤️‍🔥",,0,2/26/2025 3:15,N/A,https://www.facebook.com/thesugarcaneph/posts/pfbid0FZBRs7oEa7VfsN5TWaq2PMnpDEjLWVUPewFsY1eUvYxauimGktxm62VR269WhYdHl,0,1,Photos,,,,,Lifetime,5103,3067,178,150,7,21,359,238,121,,,,,
1197632598390410.00,100044310645639.00,SUGARCANE,muntik na magpaalam,,0,2/24/2025 1:28,N/A,https://www.facebook.com/thesugarcaneph/posts/pfbid0auCqN6JeoLumj7zjXP9LoxQRcbQWUUFTL31DeTZmNVGR422zB28qDumtSZwWgC6Pl,0,1,Videos,,,,,Lifetime,,17199,770,737,33,0,5233,5232,,1,,,,
1196175755202760.00,100044310645639.00,SUGARCANE,SEE YOU MAMAYANG 5 PM SA Riverbanks Center!,,0,2/21/2025 22:32,N/A,https://www.facebook.com/thesugarcaneph/posts/pfbid02pV3bSv4edC8uiKGisPBCKaCD5DD84f9SB78jRcAYKSXWwEegjQY2b2TN7Uoo8pQcl,0,0,Photos,,,,,Lifetime,33258,19608,1083,958,57,68,1062,783,278,1,,,,
1196103565209980.00,100044310645639.00,SUGARCANE,"[NU MOA]

Maraming salamat sa solid na gabi NU MOA! Masaya kaming kayo nakasama namin mag-celebrate ng valentine's day 💕✨

📷: Noel, Ivan, & Alyxter of ACNM Media 
☎️ For bookings and inquiries: thesugarcaneph@gmail.com",,0,2/21/2025 20:00,N/A,https://www.facebook.com/thesugarcaneph/posts/pfbid02wpRFUJkpdFuFACwyHVfnjkq1x1mjL6WBoGC9nFJFSVM2T1Kh5CNPgYZVZsmoVRDpl,0,0,Photos,,,,,Lifetime,45031,19282,701,624,8,69,3364,1388,1975,1,,,,
1195607138592960.00,100044310645639.00,SUGARCANE,"Unang dilat, Tanging Ikaw sana ang kaharap","Unang dilat, Tanging Ikaw sana ang kaharap",47,2/21/2025 3:17,mixed,https://www.facebook.com/reel/1368537981161119/,1,0,Reels,,,,,Lifetime,8247,8065,413,363,11,39,0,,,,63742.068,8.273,0,
1195481765272160.00,100044310645639.00,SUGARCANE,"See you tomorrow, Rizal!! ❤️",,0,2/20/2025 23:09,N/A,https://www.facebook.com/thesugarcaneph/posts/pfbid0oLs8wKbPU1yLZcCV1CPeCax5YdJfSNzT8BTHSHCdBfXthm7xPqojPzijX1ppUy71l,0,1,Photos,,,,,Lifetime,10351,6612,262,229,13,20,604,431,173,,,,,
1194908258662850.00,100044310645639.00,SUGARCANE,Tanging Ikaw ang aking pakakasalan 🥰,Tanging Ikaw ang aking pakakasalan 🥰,54,2/20/2025 3:35,N/A,https://www.facebook.com/reel/1345871729740210/,1,0,Reels,,,,,Lifetime,27328,24319,2215,1957,43,215,0,,,,375609.055,14.943,0,
1194854285334910.00,100044310645639.00,SUGARCANE,"Busked last weekend at the Venice Grand Canal mall! San naman kaya tayo sunod na mag busking? Comment your suggestions 👀

Thank you for making this happen Warner Music Philippines & McKinley Hill! ❤️‍🔥",,0,2/20/2025 1:43,N/A,https://www.facebook.com/thesugarcaneph/posts/pfbid0ky9jDksano2cpLvUnWy3TxsadKWdvQiJJoEMhFcdMiq5Rf7YPvPnRRi9zcrGwZyql,0,1,Photos,,,,,Lifetime,5103,3515,137,121,13,3,233,116,117,,,,,
1194763428677330.00,100044310645639.00,SUGARCANE,"[LPU Batangas] 

Thank you for letting us be part of your special night, LPU Batangas! ✨

📷: Noel, Ivan, & Alyxter of ACNM Media 
☎️ For bookings and inquiries: thesugarcaneph@gmail.com",,0,2/19/2025 22:14,N/A,https://www.facebook.com/thesugarcaneph/posts/pfbid02abwzr5oCXNoFHiMasSEH7pJZtvRxpjA4fQLGpW93M6Nkrt5WTwxdQmvctPn43FLCl,0,0,Photos,,,,,Lifetime,14505,7217,360,315,6,39,879,330,549,,,,,
1194247732062230.00,100044310645639.00,SUGARCANE,"""Tanging Ikaw"" debuts at #25 on Spotify PH Viral Songs chart! Thank you folks & keep streaming ❤️‍🔥","""Tanging Ikaw"" debuts at #25 on Spotify PH Viral Songs chart! Thank you folks & keep streaming ❤️‍🔥",36,2/19/2025 4:38,N/A,https://www.facebook.com/reel/944080100803658/,1,0,Reels,,,,,Lifetime,3921,3549,289,262,6,21,0,,,,17123.949,4.688,0,
1194208148732860.00,100044310645639.00,SUGARCANE,Imagine Sugarcane playing Leonora at your prom 🤍,Imagine Sugarcane playing Leonora at your prom 🤍,98,2/19/2025 3:30,N/A,https://www.facebook.com/reel/1323917419027241/,1,0,Reels,,,,,Lifetime,118936,122772,5785,5127,103,555,0,,,,966272.158,8.506,0,
1194123615407980.00,100044310645639.00,SUGARCANE,"FREE SHOW 📢

See you sa February 22, sa Riverbanks Center!! Kami na bahala sa post valentine ganap mo 💞",,0,2/19/2025 0:47,N/A,https://www.facebook.com/thesugarcaneph/posts/pfbid0axUrrAwtek2aAF7XdzNmNVQjWyCpTJoWsauiHMMjsjfQ1mgt5dveS8TQ6su2MrcFl,0,1,Photos,,,,,Lifetime,15848,10381,420,357,17,46,1219,651,558,10,,,,
1193320278821640.00,100044310645639.00,SUGARCANE,"[FEU CAVITE] 

Maraming salamat sa mainit na pagtanggap FEU Cavite!
Kita-kits ulit sa susunod! ✨

📷: Noel, Ivan, & Alyxter of ACNM Media",,0,2/17/2025 23:52,N/A,https://www.facebook.com/thesugarcaneph/posts/pfbid02btRtV4tPqNQhGuwSgtRBTb5Br7P2XCDpcJNupGhHGoAjwp6jLHRKvRXsjTVXr3NAl,0,0,Photos,,,,,Lifetime,19914,9724,431,387,3,41,1249,428,821,,,,,
1192588865561450.00,100044310645639.00,SUGARCANE,#TangingIkaw with @magiliwstreet ✨,#TangingIkaw with @magiliwstreet ✨,51,2/16/2025 23:08,uploaded,https://www.facebook.com/reel/1619563995595748/,1,0,Reels,,,,,Lifetime,8460,6038,515,445,24,46,0,,,,75815.687,9.924,0,
1190313315789010.00,100044310645639.00,SUGARCANE,"check mo pm mo, may nag “will you be my valentine” na sayo 😼 

#TangingIkaw","check mo pm mo, may nag “will you be my valentine” na sayo 😼 

#TangingIkaw",40,2/14/2025 0:01,mixed,https://www.facebook.com/reel/638481552013813/,1,0,Reels,,,,,Lifetime,6359,6161,297,275,8,14,0,,,,37516.908,6.321,0,
1189653385855000.00,100044310645639.00,SUGARCANE,"𝐅𝐄𝐁𝐑𝐔𝐀𝐑𝐘 𝐆𝐈𝐆𝐒 📢

Here’s our gig schedule for the remaining days of February. Can’t wait to see you all, folks!! San niyo kami gusto next punta? Hihi! 😼

☎️: For bookings and inquiries: thesugarcaneph@gmail.com",,0,2/13/2025 3:30,N/A,https://www.facebook.com/thesugarcaneph/posts/pfbid02X9L5CYi7GcyCwuCjGqusZxLJfyau5MV3FUoLVsXTAhivwdCCWeiG5Ry4cYuqwksKl,0,0,Photos,,,,,Lifetime,24439,13245,759,615,69,75,1113,692,421,,,,,
1189595952527410.00,100044310645639.00,SUGARCANE,"Looking for the perfect post valentine’s date idea? 💘

We got you! We will be busking at McKinley Hill’s Ponte de Amore Bridge this coming 𝐅𝐞𝐛𝐫𝐮𝐚𝐫𝐲 𝟏𝟔, 𝟔𝐏𝐌. 

Bukod sa libreng harana, also get a chance to get a 𝐟𝐫𝐞𝐞 𝐟𝐥𝐨𝐰𝐞𝐫 when you scan the QR code and add “Tanging Ikaw” on your Spotify playlist! 🌸",,0,2/13/2025 1:30,N/A,https://www.facebook.com/thesugarcaneph/posts/pfbid0T2bbrjkwHhAih8pqGFPzoDxBQUH1zoMEQgkRRvgheX7x7PTkXTKNQKiB7ZcxvxoRl,0,0,Photos,,,,,Lifetime,14427,8147,436,374,22,40,672,386,286,,,,,
1189531212533880.00,100044310645639.00,SUGARCANE,Just imagine... a love story sealed with the perfect song 🫶🏻,Just imagine... a love story sealed with the perfect song 🫶🏻,63,2/12/2025 22:58,mixed,https://www.facebook.com/reel/3531888963771843/,1,0,Reels,,,,,Lifetime,16202,15548,1106,995,14,97,0,,,,207451.329,13.837,0,
1189005549253120.00,100044310645639.00,SUGARCANE,"Kanta ✅
Feelings ✅
Tamang tao ❌","Kanta ✅
Feelings ✅
Tamang tao ❌",40,2/12/2025 3:30,mixed,https://www.facebook.com/reel/1341541720608319/,1,0,Reels,,,,,Lifetime,22651,21108,950,847,33,70,0,,,,218696.955,10.443,0,
1188887705931570.00,100044310645639.00,SUGARCANE,"See you, Cavite State University, sa February 15! 🌟

CONCERT TICKET PRICES🎫
🎟️ Non-CVSU Students — ₱300
🎟️ CVSU Students — ₱230

#NagkakaisangKabataangKabitenyoFoundation
#LoveBondwithNKK2025
#NKKFundraising",,0,2/11/2025 22:58,N/A,https://www.facebook.com/thesugarcaneph/posts/pfbid02T9hGGgv8CZCJdHrxzb8rhGoVAvXdYnQdpodr2bY313YJVUmEogqa7253A2CmATcnl,0,1,Photos,,,,,Lifetime,11351,7296,387,331,25,31,908,658,226,24,,,,
1188360635984280.00,100044310645639.00,SUGARCANE,basta wag kang lilipat papunta sa iba 🪳,basta wag kang lilipat papunta sa iba 🪳,36,2/11/2025 3:37,mixed,https://www.facebook.com/reel/980836933983232/,1,0,Reels,,,,,Lifetime,22668,20354,808,723,18,67,0,,,,213419.019,10.415,0,
1188297595990580.00,100044310645639.00,SUGARCANE,shoutout sa mga bebelabs niyo jan 📢🌭,shoutout sa mga bebelabs niyo jan 📢🌭,38,2/11/2025 1:29,mixed,https://www.facebook.com/reel/582155751481854/,1,0,Reels,,,,,Lifetime,21025,20584,483,447,11,25,0,,,,180953.634,9.199,0,
1188138752673130.00,100044310645639.00,SUGARCANE,"See you sa February 13, LPU Batangas! ❤️‍🔥",,0,2/10/2025 19:33,N/A,https://www.facebook.com/thesugarcaneph/posts/pfbid02PfSMKM9WrjYSDXSd3mpPoaSH4tk1GXoXgNPUSCMFeT5Wzs6sE8ksE8be8pZGX4twl,0,1,Photos,,,,,Lifetime,6968,4645,209,190,7,12,235,175,60,,,,,
1187701589383510.00,100044310645639.00,SUGARCANE,"Sabi ng manghuhula, may kanta raw na magdadala sa'kin sa true love... mukhang ito na 'yon. 🔮","Sabi ng manghuhula, may kanta raw na magdadala sa'kin sa true love... mukhang ito na 'yon. 🔮",35,2/10/2025 3:30,mixed,https://www.facebook.com/reel/964075841979741/,1,0,Reels,,,,,Lifetime,14969,15236,402,340,8,54,0,,,,75462.365,5.247,0,
1187646352722370.00,100044310645639.00,SUGARCANE,"They were the chapters, but you're my favorite ending 🫶🏻","They were the chapters, but you're my favorite ending 🫶🏻",35,2/10/2025 1:30,mixed,https://www.facebook.com/reel/1357958968903520/,1,0,Reels,,,,,Lifetime,18993,18384,598,529,14,55,0,,,,134207.894,7.506,0,
1186990992787910.00,100044310645639.00,SUGARCANE,"Brian Lotho and Xerxes Bakker collaborated to produce our song “Lagi Na Lang"" 🫶🏻","Brian Lotho and Xerxes Bakker collaborated to produce our song “Lagi Na Lang"" 🫶🏻",50,2/9/2025 2:30,uploaded,https://www.facebook.com/reel/656603450225937/,1,0,Reels,,,,,Lifetime,16606,14280,580,542,9,29,0,,,,233191.739,15.3,0,
1186332336187110.00,100044310645639.00,SUGARCANE,Gusto kitang kasama sa lahat... except sa breakup,Gusto kitang kasama sa lahat... except sa breakup,35,2/8/2025 3:43,N/A,https://www.facebook.com/reel/936115655384195/,1,0,Reels,,,,,Lifetime,14117,13548,367,328,7,32,0,,,,89380.653,6.682,0,
1186269822860020.00,100044310645639.00,SUGARCANE,tamang tao o isa nanamang lesson?,tamang tao o isa nanamang lesson?,35,2/8/2025 1:30,N/A,https://www.facebook.com/reel/1431311577841250/,1,0,Reels,,,,,Lifetime,3295,3269,136,116,2,18,0,,,,12474.904,3.993,0,
1185651396255200.00,100044310645639.00,SUGARCANE,"Kung Maging Akin Ka, 24 oras kitang mamahalin beybe 🥰","Kung Maging Akin Ka, 24 oras kitang mamahalin beybe 🥰",37,2/7/2025 3:30,mixed,https://www.facebook.com/reel/944481937791329/,1,0,Reels,,,,,Lifetime,24134,21780,1336,1102,56,178,0,,,,258837.841,11.691,0,
1185596582927350.00,100044310645639.00,SUGARCANE,CARL AND ELLIE'S LOVE 🔛🔝,CARL AND ELLIE'S LOVE 🔛🔝,35,2/7/2025 1:30,N/A,https://www.facebook.com/reel/946238307697621/,1,0,Reels,,,,,Lifetime,19125,17257,831,749,16,66,0,,,,191816.973,11.525,0,
1185466389607030.00,100044310645639.00,SUGARCANE,Alam niyo bang muntik nang hindi ma-release ang “Leonora” at “Gunita”? 👀  #leonora #gunita,Alam niyo bang muntik nang hindi ma-release ang “Leonora” at “Gunita”? 👀  #leonora #gunita,71,2/6/2025 20:21,auto,https://www.facebook.com/reel/2123807848072440/,1,0,Reels,,,,,Lifetime,13664,12049,702,651,16,35,0,,,,216796.724,18.499,0,
1185003029653370.00,100044310645639.00,SUGARCANE,Hi crush 🥰 love u 🙈,Hi crush 🥰 love u 🙈,36,2/6/2025 3:23,mixed,https://www.facebook.com/reel/1144403496673770/,1,0,Reels,,,,,Lifetime,24165,18990,1341,1134,87,120,0,,,,216017.46,9.885,0,
1184902019663470.00,100044310645639.00,SUGARCANE,kawawa ang mga mabubuting driver sainyo! 😡,kawawa ang mga mabubuting driver sainyo! 😡,41,2/6/2025 0:20,N/A,https://www.facebook.com/reel/1363851301410446/,1,0,Reels,,,,,Lifetime,13750,13124,353,307,6,40,0,,,,124339.875,9.649,0,
1184801979673470.00,100044310645639.00,SUGARCANE,"[January Gigs] 

Shots from our recent back-to-back gigs at St. Jude College & Jess & Pat's ✨

Huge thanks to everyone who showed up! Kita-kits ulit tayo sa susunod 🔥

📷: Noel, Ivan, & Alyxter of ACNM Media",,0,2/5/2025 20:15,N/A,https://www.facebook.com/thesugarcaneph/posts/pfbid0tpLckUcEEmHJUq5Uf84LRRZtZBv4hvosmBYutwAWbAxa5BWPrrYnjda8BfHrkDWjl,0,0,Photos,,,,,Lifetime,16911,8007,489,441,10,38,1086,379,707,,,,,
1184330339720640.00,100044310645639.00,SUGARCANE,You're the piece of my soul I didn't know was missing,You're the piece of my soul I didn't know was missing,35,2/5/2025 3:21,N/A,https://www.facebook.com/reel/620100030606596/,1,0,Reels,,,,,Lifetime,14322,13608,458,400,14,44,0,,,,89603.957,6.633,0,
1184207426399600.00,100044310645639.00,SUGARCANE,"Kita-kita tayo sa FEU Cavite, sa February 13! 

📅 Ticket Selling Period: 
February 1–13, 2025
📍 Locations: HED & BED Building Hallways
OR
🎟️ 𝐎𝐫𝐝𝐞𝐫 𝐎𝐧𝐥𝐢𝐧𝐞 𝐍𝐨𝐰: https://bit.ly/FEUCavite16ConcertTicket
🎟️ Ticket Prices:
🐦 Early Birds (Feb 1 to 11): ₱400
⏳ Late Buyers (Feb 12-13): ₱450

Got questions? Check out this file for FAQs:
https://docs.google.com/.../1x4S0-658UaCo4Lu.../edit...

𝐓𝐇𝐈𝐒 𝐂𝐎𝐍𝐂𝐄𝐑𝐓 𝐈𝐒 𝐎𝐏𝐄𝐍 𝐓𝐎 𝐓𝐇𝐄 𝐏𝐔𝐁𝐋𝐈𝐂!",,0,2/4/2025 22:33,N/A,https://www.facebook.com/thesugarcaneph/posts/pfbid037uTTimEQ4SkcPgm1Ds9CGQvgTHAcjA1RV5qzCFegmy4DPmySasvEopKfK5r62xnul,0,0,Photos,,,,,Lifetime,17277,8416,254,198,29,27,1181,385,787,9,,,,
1182986136521730.00,100044310645639.00,SUGARCANE,"ready na magpa-uto ulit 🥰 

""Tanging Ikaw"" Out Now!

stream here: sugarcane.lnk.to/tangingikaw","ready na magpa-uto ulit 🥰 

""Tanging Ikaw"" Out Now!

stream here: sugarcane.lnk.to/tangingikaw",45,2/3/2025 1:48,mixed,https://www.facebook.com/reel/484188771163079/,1,0,Reels,,,,,Lifetime,17110,16448,528,459,15,54,0,,,,139882.321,8.647,0,
1182384679915200.00,100044310645639.00,SUGARCANE,"𝐇𝐚𝐩𝐩𝐲 𝟏𝟎𝟎𝐊 #𝐓𝐚𝐧𝐠𝐢𝐧𝐠𝐈𝐤𝐚𝐰✨

Our fastest 100K yet, you all made it possible in less than 3 days! Kayo ang ""Tanging Ikaw"" namin palagi, folks. Can't wait to sing this song to all of you live. 🪢",,0,2/2/2025 3:56,N/A,https://www.facebook.com/thesugarcaneph/posts/pfbid02a7SkVxAvP1Q1cVHZkAqV5zBdvwDjH2X8PLf9294xbGgwhCZCQMVW7PcDkCzNEZH8l,0,0,Photos,,,,,Lifetime,12574,6529,651,564,36,51,393,281,112,,,,,
1182309649922710.00,100044310645639.00,SUGARCANE,"BAGONG KANTA! 

""Tanging Ikaw"" Out Now!

stream here: sugarcane.lnk.to/tangingikaw","BAGONG KANTA! 

""Tanging Ikaw"" Out Now!

stream here: sugarcane.lnk.to/tangingikaw",82,2/2/2025 1:32,N/A,https://www.facebook.com/reel/1087597346387928/,1,0,Reels,,,,,Lifetime,43300,39155,3075,2868,39,168,0,,,,1019602.995,26.129,0,
1181662263320780.00,100044310645639.00,SUGARCANE,SUGARCANE's Video,,40,2/1/2025 2:46,mixed,https://www.facebook.com/reel/942975857559893/,1,0,Reels,,,,,Lifetime,9428,8835,419,365,16,38,0,,,,82020.062,9.318,,
1180982580055410.00,100044310645639.00,SUGARCANE,"""Tanging Ikaw"" Out Now on Spotify!!

Stream here: sugarcane.lnk.to/tangingikaw","""Tanging Ikaw"" Out Now on Spotify!!

Stream here: sugarcane.lnk.to/tangingikaw",48,1/31/2025 2:35,mixed,https://www.facebook.com/reel/3039433216209704/,1,0,Reels,,,,,Lifetime,20802,19182,757,684,7,66,0,,,,228666.743,11.701,0,
1180484686771870.00,100044310645639.00,SUGARCANE,SUGARCANE updated their cover photo.,,0,1/30/2025 8:00,N/A,https://www.facebook.com/photo.php?fbid=1180484686771875&set=a.228682271952126&type=3,0,0,Photos,,,,,Lifetime,169,65,135,124,2,9,1,1,,,,,,
1180484406771900.00,100044310645639.00,SUGARCANE,"‘𝐓𝐚𝐧𝐠𝐢𝐧𝐠 𝐈𝐤𝐚𝐰’ 𝐨𝐮𝐭 𝐧𝐨𝐰 𝐨𝐧 𝐚𝐥𝐥 𝐝𝐢𝐠𝐢𝐭𝐚𝐥 𝐩𝐥𝐚𝐭𝐟𝐨𝐫𝐦𝐬 🪢 

https://tinyurl.com/tangingikaw

Composed by: Cedric Angeles, Froilan Bautista, Frain Reyes, Carl Guerzon
Produced by: Brian Lotho
Mixed by: Jay Dufour
Mastered by: João Carvalho

Warner Music Philippines 
Sarah Ismail
Kelley Mangahas 
Rem Brofar 
Celine Ferros",,0,1/30/2025 8:00,N/A,https://www.facebook.com/thesugarcaneph/posts/pfbid0X4xmMfRHZxRQbJ7UkaAUCGPCPsNC8DGJtV4KJLqyYeebXyfWGzi9J1qervoCYWAzl,0,0,Photos,,,,,Lifetime,18187,8845,902,721,35,146,604,412,170,22,,,,
1180329340120740.00,100044310645639.00,SUGARCANE,"mamayang 12mn na to! 🫶 Stream on Spotify

#tangingikaw","mamayang 12mn na to! 🫶 Stream on Spotify

#tangingikaw",41,1/30/2025 3:12,mixed,https://www.facebook.com/reel/1657049451833575/,1,0,Reels,,,,,Lifetime,14906,12517,857,705,27,125,0,,,,113280.004,8.353,0,
1180151813471820.00,100044310645639.00,SUGARCANE,"See you on Saturday at DON BOSCO Mabalacat's Youth Fest 2025! 🎆

📅: February 1, 2025, 4PM
📍: Don Bosco Academy Mabalacat, Pampanga
🎟️: Event is open for outsiders

𝐎𝐧𝐥𝐢𝐧𝐞 𝐭𝐢𝐜𝐤𝐞𝐭 𝐩𝐮𝐫𝐜𝐡𝐚𝐬𝐞𝐦𝐞𝐧𝐭: https://youthfest.helixpay.ph

𝐏𝐡𝐲𝐬𝐢𝐜𝐚𝐥 𝐭𝐢𝐜𝐤𝐞𝐭 𝐩𝐮𝐫𝐜𝐡𝐚𝐬𝐞𝐦𝐞𝐧𝐭 from 𝐃𝐁 𝐌𝐚𝐛𝐚𝐥𝐚𝐜𝐚𝐭'𝐬 𝐜𝐚𝐬𝐡𝐢𝐞𝐫 or through their 𝐬𝐞𝐥𝐞𝐜𝐭𝐞𝐝 𝐩𝐚𝐫𝐭𝐧𝐞𝐫 𝐬𝐜𝐡𝐨𝐨𝐥𝐬:
• 𝐃𝐨𝐧 𝐁𝐨𝐬𝐜𝐨 𝐀𝐜𝐚𝐝𝐞𝐦𝐲 𝐁𝐚𝐜𝐨𝐥𝐨𝐫 
• 𝐌𝐚𝐫𝐲 𝐇𝐞𝐥𝐩 𝐨𝐟 𝐂𝐡𝐫𝐢𝐬𝐭𝐢𝐚𝐧𝐬 𝐒𝐜𝐡𝐨𝐨𝐥 𝐨𝐟 𝐏𝐚𝐦𝐩𝐚𝐧𝐠𝐚 (𝐌𝐚𝐛𝐚𝐥𝐚𝐜𝐚𝐭) 
• 𝐇𝐨𝐥𝐲 𝐀𝐧𝐠𝐞𝐥 𝐔𝐧𝐢𝐯𝐞𝐫𝐬𝐢𝐭𝐲 (𝐀𝐧𝐠𝐞𝐥𝐞𝐬) 
• 𝐂𝐡𝐞𝐯𝐚𝐥𝐢𝐞𝐫 𝐒𝐜𝐡𝐨𝐨𝐥 (𝐀𝐧𝐠𝐞𝐥𝐞𝐬)

And from their 𝐩𝐚𝐫𝐭𝐧𝐞𝐫 𝐞𝐬𝐭𝐚𝐛𝐥𝐢𝐬𝐡𝐦𝐞𝐧𝐭𝐬:
• 𝐓𝐨𝐭𝐚𝐥 𝐆𝐚𝐬 𝐒𝐭𝐚𝐭𝐢𝐨𝐧 (𝐧𝐞𝐚𝐫 𝐌𝐚𝐫𝐪𝐮𝐞𝐞) 
• 𝐓𝐡𝐞 𝐕 𝐅𝐚𝐫𝐦 (𝐁𝐚𝐦𝐛𝐚𝐧) 
• 𝐁𝐫𝐞𝐰𝐩𝐨𝐢𝐧𝐭 𝐂𝐚𝐟𝐞 (𝐌𝐚𝐫𝐢𝐬𝐨𝐥) 
• 𝐂𝐮𝐚𝐭𝐫𝐨 𝐃𝐞𝐜𝐚 (𝐂𝐥𝐚𝐫𝐤) 
• 𝐂𝐮𝐚𝐭𝐫𝐨 (𝐀𝐧𝐠𝐞𝐥𝐞𝐬) 
• 𝐈𝐧𝐛𝐨𝐱 𝐏𝐇 (𝐒𝐌 𝐂𝐥𝐚𝐫𝐤)",,0,1/29/2025 20:14,N/A,https://www.facebook.com/thesugarcaneph/posts/pfbid023wF5fznkL5WnXwYyax5CD4zebAC67nBr1Nh1oQdDKiVEYKSMbkHopp9DsLksCXhKl,0,0,Photos,,,,,Lifetime,7917,3982,216,196,2,18,286,117,165,4,,,,
1179693396851000.00,100044310645639.00,SUGARCANE,"#TangingIkaw Out on January 31! ❤️‍🔥
Pre-save here: sugarcane.lnk.to/presavetangingikaw

Thank you palagi, Jess & Pat's! 
📹: Noel, Ivan, & Alyxter of ACNM Media","#TangingIkaw Out on January 31! ❤️‍🔥
Pre-save here: sugarcane.lnk.to/presavetangingikaw

Thank you palagi, @[100064883010295:2048:Jess & Pat's]! 
📹: Noel, Ivan, & Alyxter of @[100080065946395:2048:ACNM Media]",58,1/29/2025 4:17,mixed,https://www.facebook.com/reel/2433032833711486/,0,0,Reels,,,,,Lifetime,2748,1935,145,122,7,16,0,,,,19581.169,7.946,0,
1178327620320910.00,100044310645639.00,SUGARCANE,Wow happy 100th birthday po Lola Leonora 🎉❤️,,0,1/27/2025 7:11,N/A,https://www.facebook.com/thesugarcaneph/posts/pfbid023yY6iFe1ptH6bHreJQCxknMiANoWzGrz8EdHZPKhdQHT6imdhkrufw9v2gpRnhy6l,0,1,Videos,,,,,Lifetime,,1442,123,122,1,0,90,90,,,,,,
1178215980332070.00,100044310645639.00,SUGARCANE,#TangingIkaw Out on Friday 🫶,#TangingIkaw Out on Friday 🫶,64,1/27/2025 3:57,mixed,https://www.facebook.com/reel/661379052920855/,1,0,Reels,,,,,Lifetime,23956,21154,1077,967,28,82,0,,,,329328.54,14.911,0,
1176079543879050.00,100044310645639.00,SUGARCANE,Sayang ang tattoo 😒,Sayang ang tattoo 😒,35,1/24/2025 4:13,uploaded,https://www.facebook.com/reel/484698981032163/,1,0,Reels,,,,,Lifetime,20279,18486,643,554,24,65,0,,,,132832.479,6.983,0,
1175363857283950.00,100044310645639.00,SUGARCANE,"Happy 100M+ Streams “Leonora” 📜 Dahil diyan, storytime muna tayo","Happy 100M+ Streams “Leonora” 📜 Dahil diyan, storytime muna tayo",127,1/23/2025 3:34,mixed,https://www.facebook.com/thesugarcaneph/videos/964059049118460/,0,0,Videos,,,,,Lifetime,641578,640587,33649,30679,267,2703,46978,46947,,31,13824751,23.587,5.68,3
1175283923958610.00,100044310645639.00,SUGARCANE,Leonora x Lagi Na Lang - SUGARCANE at All-Out Sundays 💘✨,"𝐋𝐞𝐨𝐧𝐨𝐫𝐚 𝐱 𝐋𝐚𝐠𝐢 𝐍𝐚 𝐋𝐚𝐧𝐠 💘

Thank you, @[100067402864836:2048:All-Out Sundays], for having us! ✨",205,1/23/2025 0:38,mixed,https://www.facebook.com/thesugarcaneph/videos/1174156820998065/,0,0,Videos,,,,,Lifetime,264339,286059,16012,14799,92,1121,8548,8535,,13,2429698.909,9.617,1.43,
1175215440632130.00,100044310645639.00,SUGARCANE,"Kita kits tayo sa January 25, sa Salibanda Festival ng Paete Laguna! 

See you there Sugarfolks!!! 🫂✨",,0,1/22/2025 21:54,N/A,https://www.facebook.com/thesugarcaneph/posts/pfbid0373z6kBybMKtcVBBnZARUndRzjWaeEpHrYtE9BQKtH4EPngK9cf8t832gYS3Xihfvl,0,0,Photos,,,,,Lifetime,8125,5264,223,196,11,16,270,170,100,,,,,
1174692827351060.00,100044310645639.00,SUGARCANE,#TangingIkaw ang gustong Valentine's Date 🌹💘,#TangingIkaw ang gustong Valentine's Date 🌹💘,47,1/22/2025 3:34,mixed,https://www.facebook.com/reel/550151178013547/,1,0,Reels,,,,,Lifetime,499346,468151,11944,9651,321,1972,0,,,,4538285.272,9.553,0,
1173357917484550.00,100044310645639.00,SUGARCANE,#TangingIkaw OUT on Jan 31! 🫶,#TangingIkaw OUT on Jan 31! 🫶,55,1/20/2025 2:50,N/A,https://www.facebook.com/reel/609231058463885/,1,0,Reels,,,,,Lifetime,12474,9906,876,736,27,113,0,,,,121478.111,10.739,0,
1172677260885950.00,100044310645639.00,SUGARCANE,"sorry guys kausap ko si crush kayo muna magligpit dyan

#TangingIkaw out on Jan 31!","sorry guys kausap ko si crush kayo muna magligpit dyan

#TangingIkaw out on Jan 31!",42,1/19/2025 3:33,uploaded,https://www.facebook.com/reel/1343526520143160/,1,0,Reels,,,,,Lifetime,13683,11723,835,759,24,52,0,,,,112414.991,9.014,0,
1171886710965000.00,100044310645639.00,SUGARCANE,"Back to back gigs today, folks‼️

1️⃣ 𝐒𝐭. 𝐉𝐮𝐝𝐞 𝐂𝐨𝐥𝐥𝐞𝐠𝐞, 𝐃𝐚𝐬𝐦𝐚𝐫𝐢ñ𝐚𝐬
⏰: 4:15PM

2️⃣ 𝐉𝐞𝐬𝐬 & 𝐏𝐚𝐭’𝐬
⏰: Doors open at 6PM
@jessxpats 

We’ll be sharing the stage with @imkenaniah !!

🎟️: Walk-ins are accepted",,0,1/18/2025 0:11,N/A,https://www.facebook.com/thesugarcaneph/posts/pfbid0BWVEnMETfa3fkRZ6NMEREV4ArEamdqd1a4svdbQZ179W8oAbEKQX8Eab1J8rcTwzl,0,0,Photos,,,,,Lifetime,10318,6089,344,326,4,14,346,142,201,3,,,,
1171326431021030.00,100044310645639.00,SUGARCANE,"in love arc 🥹 Pre-save link on comsec!

#tangingikaw","in love arc 🥹 Pre-save link on comsec!

#tangingikaw",21,1/17/2025 4:31,uploaded,https://www.facebook.com/reel/1244214766676995/,1,0,Reels,,,,,Lifetime,13624,10296,720,610,35,75,0,,,,96189.302,8.45,0,
1170606157759720.00,100044310645639.00,SUGARCANE,"Kung may kanta ang tamang panahon, ito na siguro yun 💘  #TangingIkaw 

sugarcane.lnk.to/presavetangingikaw","Kung may kanta ang tamang panahon, ito na siguro yun 💘  #TangingIkaw 

sugarcane.lnk.to/presavetangingikaw",47,1/16/2025 3:00,uploaded,https://www.facebook.com/reel/494331710363742/,1,0,Reels,,,,,Lifetime,117977,105868,9374,8501,192,681,0,,,,1721316.981,16.327,0,
1170046077815730.00,100044310645639.00,SUGARCANE,"Congrats Cup of Joe!! Can’t wait for the album drop this Friday ❤️‍🔥 

#COJSilakboTheAlbum",,0,1/15/2025 6:17,N/A,https://www.facebook.com/thesugarcaneph/posts/pfbid0WNmnV5gDvmtwLqxQz2Euw7EXp1MB8jJoU5CewBFsquxDuHovHCSLJtxXJm89JWwal,0,1,Photos,,,,,Lifetime,7438,4307,262,254,0,8,458,207,251,,,,,
1169046394582370.00,100044310645639.00,SUGARCANE,"Kita-kita tayo sa 𝐩𝐚𝐡𝐮𝐰𝐚𝐲: 𝐭𝐡𝐞 𝐛𝐞𝐧𝐞𝐟𝐢𝐭 𝐠𝐢𝐠 ✨

📅 January 26, 2025 at 6PM-10PM
📍 Jess & Pat's Maginhawa, QC
🎟️ Regular ticket selling starts on January 15, 7PM 

Get LIMITED early bird tickets here!
https://bit.ly/pahuway-the-benefit-gig
https://bit.ly/pahuway-the-benefit-gig

📝 PS. Portion of the proceeds will go to CRIBS Foundation, Inc. 🤍

Project Mirasol",,0,1/13/2025 19:01,N/A,https://www.facebook.com/thesugarcaneph/posts/pfbid02C2xR7fuRFRo8xrgAxGTQxBath1ybcdESjBSpaaVp1F5dDcsCfexH3RP5gobnSc16l,0,0,Photos,,,,,Lifetime,7361,4332,151,137,3,11,371,123,232,16,,,,
1167873611366310.00,100044310645639.00,SUGARCANE,"Happy 100M+ Streams, ""Leonora"" 📜","𝐇𝐚𝐩𝐩𝐲 𝟏𝟎𝟎𝐌+ 𝐒𝐭𝐫𝐞𝐚𝐦𝐬, ""𝐋𝐞𝐨𝐧𝐨𝐫𝐚"" 📜

Congrats sa atin at maraming salamat sa walang sawang pakikinig sa mga kanta namin! Panalo nating lahat 'to, folks! ❤️‍🔥

@[100064878091978:2048:Warner Music Philippines]",33,1/12/2025 2:00,N/A,https://www.facebook.com/thesugarcaneph/videos/1772890253534041/,1,0,Videos,,,,,Lifetime,14836,13569,1342,1119,89,134,518,515,,3,69594.056,5.147,0.03,
1166622868158050.00,100044310645639.00,SUGARCANE,"Tanging Ikaw pa rin ang pipiliin ngayong taon 💘 

PS: Check our IG post for a surprise 👀

Game na ba ang lahat for new song?

Warner Music Philippines",,0,1/10/2025 4:07,N/A,https://www.facebook.com/thesugarcaneph/posts/pfbid0WM2SMqbq5A5t8qm8w3NNnoF7n31BKH7umEB1TaACqkj6tsBY7zq2jcM9hmGEXuJRl,0,0,Photos,,,,,Lifetime,31232,10604,1454,1221,84,149,938,854,84,,,,,
1165968444890160.00,100044310645639.00,SUGARCANE,Maskipaps Highlights 🫧,"@[100064870650205:2048:Maskipaps\: The Crossover] Highlights 🫧

📹: Noel, Ivan, & Alyxter of @[100080065946395:2048:ACNM Media]",186,1/9/2025 4:05,mixed,https://www.facebook.com/thesugarcaneph/videos/1763852981063935/,0,0,Videos,,,,,Lifetime,6153,5208,428,377,20,31,278,278,,,39805.952,7.158,0.02,
