"Post ID","Page ID","Page name",Title,Description,"Duration (sec)","Publish time","Caption type",Permalink,"Is crosspost","Is share","Post type",Languages,"Custom labels","Funded content status","Data comment",Date,Reach,"Reactions, Comments and Shares",Reactions,Comments,Shares,"Total clicks","Matched Audience Targeting Consumption (Photo Click)","Other Clicks","Link Clicks","Reach from Organic posts","Reach from Boosted posts","3-second video views","1-minute video views","3-Second viewers","1-minute viewers","3-second video views from Boosted posts","3-second video views from Organic posts","Seconds viewed","Average Seconds viewed","Estimated earnings (USD)","Negative feedback from users: Hide","Negative feedback from users: Hide all"
927239798763033,100044310645639,SUGARCANE,"Happy new year!! ✨

Stoked for what’s ahead. 2023 was definitely a special year for us! Andami naming nasubukan at na experience na never sumagi sa isip naming mararanasan namin. 

We used to record all our songs ourselves - no fancy equipment and no producers at all. Pero thank God, we got to experience all of these last year! 🫶🏻 

Sobrang surreal to have the chance to work with our mastercakes producers, Choi Padilla, Nikhil Amarnani & Shadiel Chan. (hihi stay tuned sa upcoming song namin with sir shad) 🥹

Special thanks to Warner Music Philippines for making all of these happen! Special thanks din always to Sir Kelley, Sir Rem, and to everyone behind the team ✨",,0,"01/01/2024 04:54",N/A,https://www.facebook.com/thesugarcaneph/posts/pfbid0xNsaUgtwQge11PhMHD12Krvi9Qz536Gk1yTGBFbNaz54oijZJWWpBFsCEZ9ab2w4l,0,0,Photos,,,,,Lifetime,18035,1321,1213,74,34,1805,1125,680,,18035,0,0,0,0,0,0,0,,,,,
979616886858657,100044310645639,SUGARCANE,"Ang dating tamis ng pagsasama, nahanap na 🥰","Ang dating tamis ng pagsasama, nahanap na 🥰

sugarcane.lnk.to/mariaclara",89,"04/01/2024 05:28",N/A,https://www.facebook.com/thesugarcaneph/videos/1905891403214443/,0,0,Videos,,,,,Lifetime,74970,7282,6287,143,852,4343,,4308,35,74970,0,37378,2610,34908,2395,0,37378,727311.684,10.246,0.07,,
976948690458810,100044310645639,SUGARCANE,"Thank you, Wish 107.5! 💃🏽

Watch here: https://www.youtube.com/watch?v=N1YO3panM80",,0,"03/27/2024 22:40",N/A,https://www.facebook.com/thesugarcaneph/posts/pfbid02apCR8WmkHgudXJetTk3uqsJzQ57qcZbb7U4dSo5qWbSnfGbdvaMBiU3SoQxEUioAl,0,1,Reels,,,,,Lifetime,,,0,0,0,0,,,,,,,,,,0,1430,,,,,
976483663838646,100044310645639,SUGARCANE,"Forever na raw kayo pag ni-remake niyo 'to 🤭","Forever na raw kayo pag ni-remake niyo 'to 🤭",15,"03/27/2024 04:25",N/A,https://www.facebook.com/thesugarcaneph/videos/972074524248519/,0,0,Videos,,,,,Lifetime,17935,1198,1031,110,57,1159,,1159,,17935,0,8456,0,7813,0,0,8456,114765.983,7.042,0.03,,
975919473895065,100044310645639,SUGARCANE,"Message Jess & Pat's to reserve tickets! 🎟️",,0,"03/26/2024 05:13",N/A,https://www.facebook.com/thesugarcaneph/posts/pfbid0E6864yJb9vmpwbDZGMXxeQwwu3ccwZEovC98yYNsLUANmVmFDBH9sKdPGTKE5tyEl,0,1,Photos,,,,,Lifetime,15958,885,812,23,50,949,317,632,,15958,0,0,0,0,0,0,0,,,,,
975890610564618,100044310645639,SUGARCANE,"Kaya niyo ba 'to? 💃🏽","Kaya niyo ba 'to? 💃🏽

sugarcane.lnk.to/mariaclara",48,"03/26/2024 04:10",N/A,https://www.facebook.com/thesugarcaneph/videos/1818158305314184/,0,0,Videos,,,,,Lifetime,31242,1685,1537,49,99,1246,,1235,11,31242,0,13805,0,13491,0,0,13805,239392.188,8.594,0.11,,
975318793955133,100044310645639,SUGARCANE,"Pano kung may chance pa pala? 🤔
youtu.be/e_my_QCalLI","Pano kung may chance pa pala? 🤔
youtu.be/e_my_QCalLI",52,"03/25/2024 04:49",N/A,https://www.facebook.com/thesugarcaneph/videos/929013875533087/,0,0,Videos,,,,,Lifetime,15318,1013,904,42,67,805,,788,17,15318,0,7201,0,6881,0,0,7201,168259.214,12.369,0.04,,
974701184016894,100044310645639,SUGARCANE,"Ikaw lamang ang hiling na makasama ❤️

Watch our Wishclusive performance of ""Maria Clara"" here: youtu.be/N1YO3panM80","Ikaw lamang ang hiling na makasama ❤️

Watch our Wishclusive performance of ""Maria Clara"" here: youtu.be/N1YO3panM80",80,"03/24/2024 04:24",N/A,https://www.facebook.com/thesugarcaneph/videos/994899702293986/,0,0,Videos,,,,,Lifetime,49864,4529,4040,119,370,2360,,2316,44,49864,0,23928,1689,21897,1507,0,23928,417873.968,8.571,0.13,,
973965484090464,100044310645639,SUGARCANE,"𝐓𝐈𝐏️: Watch ""Leonora"" MV first 🤭🎥
youtu.be/e_my_QCalLI

comment ""ackkk"" if napanood niyo na 🤌",,0,"03/22/2024 22:41",N/A,https://www.facebook.com/thesugarcaneph/posts/pfbid02byMwZ9w9EWdLg87jkafrWPk4iXBeRYEitZa2CMkRq7KhEboKgvgonqniRgTNCre9l,0,0,Photos,,,,,Lifetime,18747,1827,1619,100,108,873,138,637,98,18747,0,0,0,0,0,0,0,,,,,
973531234133889,100044310645639,SUGARCANE,"“𝐌𝐀𝐑𝐈𝐀 𝐂𝐋𝐀𝐑𝐀” 𝐌𝐔𝐒𝐈𝐂 𝐕𝐈𝐃𝐄𝐎, 𝐎𝐔𝐓 𝐍𝐎𝐖 𝐎𝐍 𝐘𝐎𝐔𝐓𝐔𝐁𝐄! 💃🏽

youtu.be/rehKbRxoxTo

Napanood niyo na bang lahat? Comment down below kung anong favorite part mo sa MV! 🤩","“𝐌𝐀𝐑𝐈𝐀 𝐂𝐋𝐀𝐑𝐀” 𝐌𝐔𝐒𝐈𝐂 𝐕𝐈𝐃𝐄𝐎, 𝐎𝐔𝐓 𝐍𝐎𝐖 𝐎𝐍 𝐘𝐎𝐔𝐓𝐔𝐁𝐄! 💃🏽

youtu.be/rehKbRxoxTo

Napanood niyo na bang lahat? Comment down below kung anong favorite part mo sa MV! 🤩",15,"03/22/2024 07:10",N/A,https://www.facebook.com/thesugarcaneph/videos/1148513049476196/,0,0,Videos,,,,,Lifetime,13274,2030,1750,98,182,628,,602,26,13274,0,6378,0,5400,0,0,6378,86594.699,5.563,0.03,,
972821137538232,100044310645639,SUGARCANE,"Pag nilabas ba namin to bukas, March 22 ng 10PM, papanoorin nyo? 🤭","Pag nilabas ba namin to bukas, March 22 ng 10PM, papanoorin nyo? 🤭

youtu.be/rehKbRxoxTo",18,"03/21/2024 04:00",N/A,https://www.facebook.com/thesugarcaneph/videos/795633369084423/,0,0,Videos,,,,,Lifetime,27638,4387,3720,292,375,2356,,2309,47,27638,0,14898,0,11682,0,0,14898,206717.167,6.429,0.09,,
972299270923752,100044310645639,SUGARCANE,"Join us on our first Jess & Pat's Gig 🤩

For tickets, kindly message Twenty13 Productions ✨",,0,"03/20/2024 04:41",N/A,https://www.facebook.com/thesugarcaneph/posts/pfbid02iEA7ERATHAf4WkR6ERsLcGrPxiBGDANg8pQQ6X6hm77HDngRLERA46d38KG6teWhl,0,1,Photos,,,,,Lifetime,8351,372,330,37,5,490,70,420,,8351,0,0,0,0,0,0,0,,,,,
972294004257612,100044310645639,SUGARCANE,"POV: ikaw ang pinakamagandang dalaga","POV: Ikaw ang pinakamagandang dalaga 💃🏽

sugarcane.lnk.to/mariaclara",42,"03/20/2024 04:27",N/A,https://www.facebook.com/thesugarcaneph/videos/439504358431033/,0,0,Videos,,,,,Lifetime,10970,1024,916,42,66,511,,510,1,10970,0,3995,0,3821,0,0,3995,57171.33,6.192,0.03,,
971254634361549,100044310645639,SUGARCANE,"Maraming salamat, Infant Jesus Academy! Hanggang sa muli! 💙

©️ Infant Jesus Academy - Marikina","Maraming salamat, @[100064546727752:2048:Infant Jesus Academy]! Hanggang sa muli! 💙

©️ Infant Jesus Academy - Marikina",106,"03/18/2024 06:01",auto,https://www.facebook.com/thesugarcaneph/videos/1860433644377146/,0,0,Videos,,,,,Lifetime,13032,1862,1756,42,64,1107,,1107,,13032,0,6705,523,5818,460,0,6705,136602.108,10.47,0.04,,
970637234423289,100044310645639,SUGARCANE,"MARIA CLARA CHOREO 💃🏽","MARIA CLARA CHOREO 💃🏽
WHAT IF I-REMAKE NYO NA? ✨

sugarcane.lnk.to/mariaclara",41,"03/17/2024 02:54",N/A,https://www.facebook.com/thesugarcaneph/videos/757285756378702/,0,0,Videos,,,,,Lifetime,14442,1295,1141,97,57,1080,,1075,5,14442,0,5599,0,4837,0,0,5599,122417.399,9.023,0.1,,
970077431145936,100044310645639,SUGARCANE,"Breaking down the production of ""Maria Clara"" 💃🏽

sugarcane.lnk.to/mariaclara","Breaking down the production of ""Maria Clara"" 💃🏽

sugarcane.lnk.to/mariaclara",87,"03/16/2024 02:55",N/A,https://www.facebook.com/thesugarcaneph/videos/1108058757065150/,0,0,Videos,,,,,Lifetime,8376,711,666,15,30,331,,329,2,8376,0,2647,630,2511,601,0,2647,79650.416,11.107,0.05,,1
969986311155048,100044310645639,SUGARCANE,"Thank you, Klasik! 💃🏽

Stream here: sugarcane.lnk.to/mariaclara",,0,"03/15/2024 22:43",N/A,https://www.facebook.com/thesugarcaneph/posts/pfbid02pZDHQMBsguPJdYG9qXwpMmoUdNkpQfYGvfZHBuovvMfpBLQ12uriJLeqtynEiW3ql,0,1,Photos,,,,,Lifetime,12890,967,888,4,75,941,430,505,6,12890,0,0,0,0,0,0,0,,,,,
969517834535229,100044310645639,SUGARCANE,"Grabe ka talaga, idol!

sugarcane.lnk.to/mariaclara","Grabe ka talaga, idol!

sugarcane.lnk.to/mariaclara",59,"03/15/2024 03:12",N/A,https://www.facebook.com/thesugarcaneph/videos/1478367379411034/,0,0,Videos,,,,,Lifetime,37231,2092,1902,28,162,1989,,1977,12,37231,0,14378,0,13754,0,0,14378,368507.29,11.407,0.19,,
968902761263403,100044310645639,SUGARCANE,"Thank you, Tiktok!","Huyyyy 🥹 Thank you, Tiktok!

sugarcane.lnk.to/mariaclara",25,"03/14/2024 03:02",N/A,https://www.facebook.com/thesugarcaneph/videos/448409520855355/,0,0,Videos,,,,,Lifetime,33418,2584,2400,98,86,1485,,1469,16,33418,0,14623,0,13714,0,0,14623,234462.914,8.074,0.17,,
968405684646444,100044310645639,SUGARCANE,"Know more about the journey that led to the creation of ""Maria Clara"" 💃🏽

sugarcane.lnk.to/mariaclara","Know more about the journey that led to the creation of ""Maria Clara"" 💃🏽

sugarcane.lnk.to/mariaclara",261,"03/13/2024 02:55",auto,https://www.facebook.com/thesugarcaneph/videos/437796945351994/,0,0,Videos,,,,,Lifetime,9735,1232,1146,34,52,518,,514,4,9735,0,4124,488,3589,481,0,4124,140169.654,16.323,0.03,,
967883494698663,100044310645639,SUGARCANE,"Send mo 'to sa pinakamagandang dalaga sa buhay mo 💃🏽","Send mo 'to sa pinakamagandang dalaga sa buhay mo 💃🏽

sugarcane.lnk.to/mariaclara",48,"03/12/2024 02:55",N/A,https://www.facebook.com/thesugarcaneph/videos/1054885068909285/,0,0,Videos,,,,,Lifetime,38063,2643,2212,224,207,1913,,1898,15,38063,0,16391,0,15073,0,0,16391,226520.677,6.587,0.11,,
967381388082207,100044310645639,SUGARCANE,"Bro… 🫵🏼🥹

STREAM “MARIA CLARA”: sugarcane.lnk.to/mariaclara","Bro… 🫵🏼🥹

STREAM “MARIA CLARA”: sugarcane.lnk.to/mariaclara",44,"03/11/2024 03:08",N/A,https://www.facebook.com/thesugarcaneph/videos/1454148481849075/,0,0,Videos,,,,,Lifetime,38239,2486,2211,94,181,2190,,2168,22,38239,0,17220,0,15949,0,0,17220,367639.34,9.914,0.14,,
966874834799529,100044310645639,SUGARCANE,"sa bowl lang pala kita matatagpuan 🥹

STREAM ""MARIA CLARA"": sugarcane.lnk.to/mariaclara","sa bowl lang pala kita matatagpuan 🥹

STREAM ""MARIA CLARA"": sugarcane.lnk.to/mariaclara",23,"03/10/2024 04:34",N/A,https://www.facebook.com/thesugarcaneph/videos/332126922653026/,0,0,Videos,,,,,Lifetime,27022,1438,1314,67,57,1483,,1478,5,27022,0,10576,0,9836,0,0,10576,175281.527,7.142,0.04,,
966689204818092,100044310645639,SUGARCANE,"Felt great to be back where we started! Maraming salamat, Infant Jesus Academy! ✨

📷: Adrienne Corales (IG: @yen.arw)",,0,"03/09/2024 20:04",N/A,https://www.facebook.com/thesugarcaneph/posts/pfbid02uMG9TaPBAAf99xmTdXbfC4gJGda67hdGWPxNKCzMJmBtsJBYTE2cXK71Z8hQVu21l,0,0,Photos,,,,,Lifetime,31905,2654,2436,61,157,6215,3452,2763,,31905,0,0,0,0,0,0,0,,,,,
966318014855211,100044310645639,SUGARCANE,"WHAT IF REMAKE NYO NA TONG VIDEO WITH YOUR FRIENDS 🤩

STREAM ""MARIA CLARA"": sugarcane.lnk.to/mariaclara","WHAT IF REMAKE NYO NA TONG VIDEO WITH YOUR FRIENDS 🤩

STREAM ""MARIA CLARA"": sugarcane.lnk.to/mariaclara",37,"03/09/2024 03:34",N/A,https://www.facebook.com/thesugarcaneph/videos/412460294664138/,0,0,Videos,,,,,Lifetime,34210,2710,2318,167,225,1922,,1917,5,34210,0,14272,0,12714,0,0,14272,242162.972,7.572,0.25,,
965734138246932,100044310645639,SUGARCANE,"Here's to celebrating Women's Day with our latest song, ""Maria Clara"" ❤️

Stream here: sugarcane.lnk.to/mariaclara","Here's to celebrating Women's Day with our latest song, ""Maria Clara"" ❤️

Stream here: sugarcane.lnk.to/mariaclara",79,"03/08/2024 03:21",N/A,https://www.facebook.com/thesugarcaneph/videos/720263390259811/,0,0,Videos,,,,,Lifetime,34531,2820,2449,84,287,1211,,1201,10,34531,0,13089,613,11649,547,0,13089,237147.938,7.622,0.07,,
965561598264186,100044310645639,SUGARCANE,"“𝑴𝑨𝑹𝑰𝑨 𝑪𝑳𝑨𝑹𝑨”, 𝑶𝑼𝑻 𝑵𝑶𝑾! 𝑺𝑻𝑹𝑬𝑨𝑴 𝑯𝑬𝑹𝑬:
sugarcane.lnk.to/mariaclara

""Maria Clara"" is a heartfelt track that beautifully captures the essence of appreciation for your special someone. With poetic lyrics, it elevates her to the standard of beauty, making every detail uniquely captivating. The melody becomes a serenade, weaving a musical escape where the presence of each other becomes a sanctuary, and a blissful refuge from the complexities of reality.

Performed by: Sugarcane, Cairo Peralta, Abner Badua, Jabez Lopez, Brad Coronel
Written by: Nijale Jizar T. Villa, Froilan Jerome DJ. Bautista, Cedric James A. Angeles
Produced by: Shadiel Chan
Mastered by: Jan Aries Agadier Fuertez
Art by: Felix Gasmen
Motion Graphics by: Rem Brofar

Warner Music Philippines:
Sarah Ismail
Kelley Mangahas 
Rem Brofar 
Nicole De Jesus 
Jam Rances 
Vicky Malong 
Patricia Paredes 
Neil Dimapilis 
Jeremy Yap
Celine Ferros 
Joey Valverde 
Nicka Lumalang",,0,"03/07/2024 20:09",N/A,https://www.facebook.com/thesugarcaneph/posts/pfbid0fEqpC1JHPMdQwBQxJxrje4cxMJnfhtHkn8HRhcHU3h9hZqMKBJbFauU5PhPgUy9bl,0,0,Photos,,,,,Lifetime,44992,3614,3189,157,268,1838,386,1303,149,44992,0,0,0,0,0,0,0,,,,,
965295108290835,100044310645639,SUGARCANE,"""MARIA CLARA"" IS OUT NOW EVERYWHERE!!
sugarcane.lnk.to/mariaclara",,0,"03/07/2024 08:03",N/A,https://www.facebook.com/photo.php?fbid=965295108290835&set=a.228682271952126&type=3,0,0,Photos,,,,,Lifetime,2231,1408,1313,6,89,97,26,66,5,2231,0,0,0,0,0,0,0,,,,,
965294941624185,100044310645639,SUGARCANE,"""MARIA CLARA"" IS NOW OUT EVERYWHERE!
sugarcane.lnk.to/mariaclara",,0,"03/07/2024 08:03",N/A,https://www.facebook.com/photo.php?fbid=965294941624185&set=a.228682278618792&type=3,0,0,Photos,,,,,Lifetime,68648,7929,7133,332,464,4921,1385,3159,377,68648,0,0,0,0,0,0,0,,,,,
875522794373964,100044310645639,SUGARCANE,"Stream “Maria Clara” here:
sugarcane.lnk.to/mariaclara","Stream “Maria Clara” here:
sugarcane.lnk.to/mariaclara",1930,"03/07/2024 07:29",N/A,https://www.facebook.com/thesugarcaneph/videos/875522794373964/,0,0,Live,,,,,Lifetime,21507,3835,2349,1403,83,2765,,2702,63,21507,0,13127,868,10885,788,0,13127,394721.729,14.519,0,2,
965113971642282,100044310645639,SUGARCANE,"look at you go, Leonora 🫵🏻🥹

""Maria Clara"", out later at 12am ❤️
Pre-save here: sugarcane.lnk.to/presave_mariaclara","look at you go, Leonora 🫵🏻🥹

""Maria Clara"", out later at 12am ❤️
Pre-save here: sugarcane.lnk.to/presave_mariaclara",17,"03/07/2024 00:57",N/A,https://www.facebook.com/thesugarcaneph/videos/761549505613465/,0,0,Videos,,,,,Lifetime,331117,44292,41961,377,1954,13628,,13531,97,331117,0,239599,0,231983,0,0,239599,3684317.957,11.239,0.54,,1
965016544985358,100044310645639,SUGARCANE,"IJAians & fellow alumni 📢

Join us tomorrow, 6PM, at Infant Jesus Academy - Marikina! ✨

PS. Event is exclusive for students of IJA and alumni only 🤝

🎟️: Students (200), Alumni (250) 
For Alumni, you can purchase your tickets at the business office or registration area on the day itself.",,0,"03/06/2024 20:15",N/A,https://www.facebook.com/thesugarcaneph/posts/pfbid02hkCZEXx9cazjdZXqRzZczbEop7FN7JyF9hvsnC2E9EbkYPUMPvu424XVFbuBrp5ol,0,0,Photos,,,,,Lifetime,21761,1585,1454,47,84,1662,447,1215,,21761,0,0,0,0,0,0,0,,,,,
962928078527538,100044310645639,SUGARCANE,"Pre-save here ✨
sugarcane.lnk.to/presave_mariaclara","Pre-save here ✨
sugarcane.lnk.to/presave_mariaclara",21,"03/03/2024 03:18",N/A,https://www.facebook.com/thesugarcaneph/videos/7277780518980835/,0,0,Videos,,,,,Lifetime,42526,4026,3277,263,486,2582,,2410,172,42526,0,13696,0,11603,0,0,13696,193179.941,4.585,0.02,,
961798858640460,100044310645639,SUGARCANE,🚶‍♂️🍽️,🚶‍♂️🍽️,16,"03/01/2024 03:38",N/A,https://www.facebook.com/thesugarcaneph/videos/3659155284327601/,0,0,Videos,,,,,Lifetime,224877,17057,16442,152,463,9146,,9123,23,224877,0,66631,0,63823,0,0,66631,848444.223,4.574,0.11,,
961728841980795,100044310645639,SUGARCANE,"Maraming salamat, Camarines Norte & La Consolacion College Daet! Sa uulitin! 🫶🏻✨",,0,"03/01/2024 00:30",N/A,https://www.facebook.com/thesugarcaneph/posts/pfbid025SJScVQ1sF8e2yU27ZHtVGPSTTEL3xhKxpb8Ya5xb9UAESAHhM32apcXMPqaNwWPl,0,0,Photos,,,,,Lifetime,46616,3096,2720,146,230,6323,3148,3175,,46616,0,0,0,0,0,0,0,,,,,
959042038916142,100044310645639,SUGARCANE,"📢 CamNor folks! 

Kita-kits tayo sa February 28 sa La Consolacion College Daet! 🫶🏻✨

PS. Event is open for outsiders! 🤝",,0,"02/25/2024 02:00",N/A,https://www.facebook.com/thesugarcaneph/posts/pfbid021K2DTD8hyD8Xmo65SHpjsGT6VLDsrvRR8T7Unmjbfb2yAm4Uxg4DYiWUb1vxiEMMl,0,0,Photos,,,,,Lifetime,50592,2961,2141,416,404,5162,1153,4009,,50592,0,0,0,0,0,0,0,,,,,
957960685690944,100044310645639,SUGARCANE,"See you sa February 28, Consolites and CamNorteños!! 🤝",,0,"02/23/2024 02:27",N/A,https://www.facebook.com/thesugarcaneph/posts/pfbid02gRkehuH1bY69U9g3Nv7Jw4K1TXAWhg6HdTQkMjZhuvFrdgTbR4PGzZLvEDmhXoA1l,0,1,Videos,,,,,Lifetime,7576,482,462,20,0,298,,298,,7576,0,3129,0,2912,0,0,3129,,,,,
956445712509108,100044310645639,SUGARCANE,"Thank you MYX Global & VJ Samm! ❣️",,0,"02/20/2024 06:02",N/A,https://www.facebook.com/thesugarcaneph/posts/pfbid02mxioLJoYEanVsFAApqEXwmB23yuNn1xpjBzNjjRdLNtiNb9tyKahRdeQz5ybSix4l,0,1,Videos,,,,,Lifetime,5248,187,184,3,0,107,,107,,5248,0,1212,98,1124,95,0,1212,,,,,
955243329296013,100044310645639,SUGARCANE,"""Kung Maging Akin Ka"" has hit 10M streams, while ""Set You Free"" reached 1M streams on Spotify. We deeply appreciate your unwavering support, more songs to be released this year! Thank you, SugarFolks!♥",,0,"02/18/2024 02:06",N/A,https://www.facebook.com/thesugarcaneph/posts/pfbid025dYs3N8oVLuMPf8yJBT4edY8N39L8wcQ9GM3AFGc1ZwciqEZhXqpJh4t52XYFcvgl,0,0,Photos,,,,,Lifetime,26626,2477,2158,141,178,854,205,649,,26626,0,0,0,0,0,0,0,,,,,
951852266301786,100044310645639,SUGARCANE,"📢 Centralians and QC folks !

Join us on February 16 at Central Colleges of the Philippines’ 70th anniversary! See you there! 🫶🏻✨

🎟️: Tickets are available at CCP’s Admission Office or via http://bit.ly/CCPConcertFinale for online purchase

PS. Event is open for outsiders! 🤝",,0,"02/13/2024 02:00",N/A,https://www.facebook.com/thesugarcaneph/posts/pfbid02o2eHPDjkd5GcKDDZP2P1YEEnbVvcAbax4AGQdSyKH3uan6zYHeCgPmpkWBLgmmXtl,0,0,Photos,,,,,Lifetime,21860,778,695,39,44,1309,736,565,8,21860,0,0,0,0,0,0,0,,,,,
950434313110248,100044310645639,SUGARCANE,"𝐇𝐚𝐩𝐩𝐲 𝟏𝐌 𝐬𝐭𝐫𝐞𝐚𝐦𝐬 “𝐒𝐞𝐭 𝐘𝐨𝐮 𝐅𝐫𝐞𝐞” ✨

As a token of gratitude for the support, the instrumental/karaoke version of our rendition is now available on our Youtube channel: https://youtu.be/hT3NbsHW8Pk

A big thanks as well to Side A for this wonderful song, and to Warner Music Philippines! 🫶🏻",,0,"02/10/2024 03:00",N/A,https://www.facebook.com/thesugarcaneph/posts/pfbid08jdzknbKoKQVLRwppdAaSoKN7YBbjgX5BA6kUpJyzmem7N8NuDfBUVLmT9VeyJE2l,0,0,Links,,,,,Lifetime,6957,705,624,39,42,186,,155,31,6957,0,0,0,0,0,0,0,,,,,
947328380087508,100044310645639,SUGARCANE,"Leonora, Set You Free, Sinehan, Gabi",,0,"02/04/2024 23:01",N/A,https://www.facebook.com/thesugarcaneph/posts/pfbid0nkNYpFBVj9xGi2ydDnA8XZLz8Vepscr71QizZ7BKWSfAqBiRVF14TpEyDN3W4F7Ul,0,0,Text,,,,,Lifetime,57781,4285,3428,454,403,8732,,8732,,57781,0,0,0,0,0,0,0,,,,,
946807816806231,100044310645639,SUGARCANE,"Maraming salamat, Don Bosco Tarlac! Sa uulitin! ✨",,0,"02/04/2024 02:23",N/A,https://www.facebook.com/thesugarcaneph/posts/pfbid02pBv9C4evVnDkKJEbxzgHK2CBRSznHeEHCTcok3YbysxvWrBZ9j8BhnWjj3BUcnwcl,0,0,Photos,,,,,Lifetime,85790,2591,2426,64,101,3410,1523,1887,,85790,0,0,0,0,0,0,0,,,,,
946115740208772,100044310645639,SUGARCANE,"Just give me alone 😪💔",,0,"02/02/2024 22:39",N/A,https://www.facebook.com/thesugarcaneph/posts/pfbid037v2AuyjGAjShJD2XcfRvrZY8ftQ57NehsZ8CTVq9kSC3nVsF334WT8wmNXCqFvGdl,0,1,Videos,,,,,Lifetime,8899,1008,970,38,0,857,,857,,8899,0,4718,0,4655,0,0,4718,,,,,
945050433648636,100044310645639,SUGARCANE,"#NoToJeepneyPhaseout 
 
Kita kits tayo sa February 4, sa Street Kohi Mayaman! All proceeds will be donated to the chosen beneficiaries. 🤝

📍 Street Kohi Mayaman. QC
      February 4, 2023

Registration link:
🔗: http://bit.ly/PSBRegForm

Gates open: 10AM
Gig starts at: 4PM

PS. 7 SLOTS REMAINING‼️",,0,"02/01/2024 02:16",N/A,https://www.facebook.com/thesugarcaneph/posts/pfbid028MuS7EW1d4o3UVj4pTN6XMPX6nqBdxrSYy16Sr6cSVHzjtade2o4Y3isCZ2EVjG1l,0,0,Photos,,,,,Lifetime,28624,1242,1112,56,74,1264,602,600,62,28624,0,0,0,0,0,0,0,,,,,
943934740426872,100044310645639,SUGARCANE,"📢 Tarlac folks !

Join us on February 2 at Don Bosco Tarlac’s Youth Fest 2024! See you there! 🫶🏻✨

Tickets are available at CLDH-EI, and the Don Bosco Tarlac Cashier for only PHP 500! Tickets will also be available for walk-in.

PS. Event is open for outsiders! 🤝",,0,"01/30/2024 02:24",N/A,https://www.facebook.com/thesugarcaneph/posts/pfbid024aPifsV1buAQ3BJuhNK5Pw79NoGfifTM3x5v2qSL4BoxWVogDM42TAUEKbu1atjNl,0,0,Photos,,,,,Lifetime,36831,1135,932,110,93,2071,902,1169,,36831,0,0,0,0,0,0,0,,,,,
943350223818657,100044310645639,SUGARCANE,"Maraming salamat, Dinalan Coffee! ☕️✨",,0,"01/29/2024 02:21",N/A,https://www.facebook.com/thesugarcaneph/posts/pfbid02n6oXfJerwGJkVYpp2AhruzAtgdKA7xnRA9jvnZS6Lud2zWqVCN49Pt2GBKMXuDNYl,0,0,Photos,,,,,Lifetime,27657,1262,1175,55,32,1203,616,587,,27657,0,0,0,0,0,0,0,,,,,
942802807206732,100044310645639,SUGARCANE,"Leonora & Set You Free | Live at TV5","Leonora & Set You Free | Live at TV5 @[61550845871259:2048:Gud Morning Kapatid] ☀️ 

Stream here!! 🎧

Leonora: sugarcane.lnk.to/leonora 
Set You Free: wmp.lnk.to/setyoufree",67,"01/28/2024 03:52",N/A,https://www.facebook.com/thesugarcaneph/videos/1347376002579987/,0,0,Videos,,,,,Lifetime,29491,4562,4195,156,211,2170,,2146,24,29491,0,17841,1214,15448,1136,0,17841,317676.165,10.026,0.25,,
941053484048331,100044310645639,SUGARCANE,"Kita kits tayo bukas mga kapatid! ❤️

#GudMorningKapatid",,0,"01/25/2024 05:59",N/A,https://www.facebook.com/thesugarcaneph/posts/pfbid0t9hL5hWuDapYvSTsgurWW5Z75fFSZu4gqRPZVW1jj2ELRMiFogLRUQrZjppiMhDdl,0,1,Photos,,,,,Lifetime,10243,436,404,22,10,269,93,176,,10243,0,0,0,0,0,0,0,,,,,
940366904116989,100044310645639,SUGARCANE,"Ang wish namin? Wish 107.5! ✨

📷: Adrienne Corales & Mella Bernabe",,0,"01/24/2024 02:43",N/A,https://www.facebook.com/thesugarcaneph/posts/pfbid026aUwA58LcjD7MnmpYwM6RL1uAMgs95RyDSRmE8ZmJ88EHnB6wUsTQiJ7n8YuyuSzl,0,0,Photos,,,,,Lifetime,34199,1751,1582,63,106,3044,1854,1190,,34199,0,0,0,0,0,0,0,,,,,
939635187523494,100044310645639,SUGARCANE,"Kita kits tayo mamaya sa Eton Centris, 6PM! ✨",,0,"01/22/2024 19:57",N/A,https://www.facebook.com/thesugarcaneph/posts/pfbid02mG6Uvv3Nt7c1fMLHdsn6qr69GikkWN7DhoQZUFNBM2SXAe3hLpMNRdxTWz98S6hXl,0,1,Photos,,,,,Lifetime,9168,342,320,9,13,356,100,256,,9168,0,0,0,0,0,0,0,,,,,
939150730905273,100044310645639,SUGARCANE,"Dalangin, oh aking dalangin ay makita ka sa Dinalan Coffee gig on 𝗝𝗮𝗻𝘂𝗮𝗿𝘆 𝟮𝟳 🫵

- Door Fee
* 400 php for Early birds
* 500 php for Walk ins

Early Bird rates until January 26 ✨

Dm angelee quiray (@/angeleequiray) on instagram for Reservations 🫶🫶",,0,"01/22/2024 01:27",N/A,https://www.facebook.com/thesugarcaneph/posts/pfbid028dCF8qoZS53fa9ujVW32jcJDyGZFB6mUqmpMkpDkYzz9fsstedwdQWQbd4qq3GaRl,0,0,Photos,,,,,Lifetime,29418,1079,958,60,61,2004,1060,944,,29418,0,0,0,0,0,0,0,,,,,
936792731141073,100044310645639,SUGARCANE,"📢 Announcement! 

Dinalan Coffee gig that was supposedly on 𝐉𝐚𝐧𝐮𝐚𝐫𝐲 𝟐𝟎, has been rescheduled to 𝐉𝐚𝐧𝐮𝐚𝐫𝐲 𝟐𝟕
due to unforeseen circumstances. 

𝐄𝐚𝐫𝐥𝐲 𝐛𝐢𝐫𝐝 𝐫𝐚𝐭𝐞𝐬 𝐡𝐚𝐯𝐞 𝐛𝐞𝐞𝐧 𝐞𝐱𝐭𝐞𝐧𝐝𝐞𝐝 𝐮𝐧𝐭𝐢𝐥 𝐉𝐚𝐧𝐮𝐚𝐫𝐲 𝟐𝟔. ✨

We apologize for any inconvenience caused and appreciate your understanding. 

Friendly reminders:
- Door opens at 7:30 pm
- Floor seats only
- No parking available
- Door Fee
* 400 php for Early birds (‘Till Jan. 26)
* 500 php for Walk ins

Dm angelee quiray (@angeleequiray) on instagram for Reservations 🫶🏻

We look forward to seeing you at the event 💗

📷: Subject: Troubadour",,0,"01/18/2024 03:57",N/A,https://www.facebook.com/thesugarcaneph/posts/pfbid0ciHMuG5qMfpjKACGKcMPjfShP8p4xwfZiGPHNYJDSxXMUS9Uaab1eX9FJvSdTBwbl,0,0,Photos,,,,,Lifetime,24660,763,706,25,32,1284,639,644,1,24660,0,0,0,0,0,0,0,,,,,
935048094648870,100044310645639,SUGARCANE,"See you SugarFolks at Dinalan Coffee! We will be playing a stripped-down version of our songs with you guys. 💓

Friendly reminders:
- Door opens at 7:30 pm
- Floor seats only
- No parking available

Dm angelee quiray (@angeleequiray) on instagram for
Reservations 🙂 

Ang tangi naming hiling ay makita kayo muli! Takits! ✨🤍",,0,"01/15/2024 02:32",N/A,https://www.facebook.com/thesugarcaneph/posts/pfbid02vonnKCudshyZTiNcgNRQnJ9rBaXJmp6ufbputm3GM1vw2i5dXeWsz5yW4KwCbzbxl,0,0,Photos,,,,,Lifetime,24633,871,812,21,38,1023,170,853,,24633,0,0,0,0,0,0,0,,,,,
934896647997348,100044310645639,SUGARCANE,,,0,"01/14/2024 19:47",N/A,https://www.facebook.com/thesugarcaneph/posts/pfbid02ELkqL9BKxyiDiLVz5AhKe7MNdTkdecRyAjxBWyAgco2fvvFubS2a9tztfTQnxWA5l,0,1,Photos,,,,,Lifetime,10594,594,568,11,15,519,258,261,,10594,0,0,0,0,0,0,0,,,,,
933312998155713,100044310645639,SUGARCANE,"“Leonora” has reached 50 Million Streams on Spotify! 

Grabe, we are more than grateful to everyone who supported us to reach this milestone! 🥹

sugarcane.lnk.to/leonora","“Leonora” has reached 50 Million Streams on Spotify! 

Grabe, we are more than grateful to everyone who supported us to reach this milestone! 🥹

sugarcane.lnk.to/leonora",45,"01/12/2024 02:14",N/A,https://www.facebook.com/thesugarcaneph/videos/688126509972383/,0,0,Videos,,,,,Lifetime,68352,6710,6022,295,393,2648,,2640,8,68352,0,22821,0,20456,0,0,22821,365167.643,5.74,0.24,,
932762798210733,100044310645639,SUGARCANE,"See you, Manila Science High School! ✨ 

We’ll be sharing the stage with HEY JUNE！

🚨: Exclusive for Manila Science High School students only",,0,"01/11/2024 03:09",N/A,https://www.facebook.com/thesugarcaneph/posts/pfbid029ShbDmURSGUT9hxYDCRwJtj4Uz6SwM63kA75cZgUB4hANbeqtrudVXAtku2FMghol,0,1,Photos,,,,,Lifetime,14241,612,504,75,33,1032,199,832,1,14241,0,0,0,0,0,0,0,,,,,
928764935277186,100044310645639,SUGARCANE,"Grateful to receive the Wishclusive Contemporary Folk Performance of the Year nomination plaque from Wish 107.5  for ‘Leonora’! ✨

Huge thanks to our amazing fans for the unwavering support. If you haven't cast your vote yet, please take a moment to support us through this link: www.wish1075.com/wishawards

Your votes mean the world to us! Love you, SugarFolks 🫶🏻

📷: Erin Estillore",,0,"01/04/2024 02:40",N/A,https://www.facebook.com/thesugarcaneph/posts/pfbid02HaVGwHvozbgmTc5GDoSV55dotvgr24sKDpFZNTT6LSkUurM9NFu2iZGquZE5fAXzl,0,0,Photos,,,,,Lifetime,30012,2374,2158,97,119,2629,1624,940,65,30012,0,0,0,0,0,0,0,,,,,
928277738659239,100044310645639,SUGARCANE,"Thank youuu, Wish 107.5! ✨",,0,"01/03/2024 04:45",N/A,https://www.facebook.com/thesugarcaneph/posts/pfbid0wtUgwzfY2nRtNFfYS1aV2AuVcvYFbPipd5zpbTH6bgLZBq2RJtap763d48zzA2qAl,0,1,Photos,,,,,Lifetime,17104,1229,1139,38,52,1643,855,788,,17104,0,0,0,0,0,0,0,,,,,
928066162013730,100044310645639,SUGARCANE,"See you later sa Arcovia City!! ✨",,0,"01/02/2024 19:19",N/A,https://www.facebook.com/thesugarcaneph/posts/pfbid02QSZMpnJE4WYGyQFdnyye69gt8mYSFLcXEgywgdK9wd1RbkmfQYqgo3wGnmAWTwjxl,0,1,Photos,,,,,Lifetime,5285,209,194,10,5,191,53,138,,5285,0,0,0,0,0,0,0,,,,,
