Post ID,Page ID,Page name,Title,Description,Duration sec,Publish time,Caption type,Permalink,Is crosspost,Is share,Post type,Languages,Custom labels,Funded content status,Data comment,Date,Views,Reach,"Reactions, Comments and Shares",Reactions,Comments,Shares,Total clicks,Other Clicks,Matched Audience Targeting Consumption Photo Click,Link Clicks,Seconds viewed,Average Seconds viewed,Estimated earnings (USD),Negative feedback from users: Hide all
1096263115194030.00,100044310645639.00,SUGARCANE,"First Circus Music Festival! Wild crowd, sobrang unforgettable nito! Maraming salamat 🤘❤️‍🔥

📷: Noel Macadangdang & Ivan Aguillon of ACNM Media",,0,10/1/2024 3:30,N/A,https://www.facebook.com/thesugarcaneph/posts/pfbid02VDiWYBjLdutM4K4xsNpwgNxAMTT3uceqKy9653xrTo7XxTYjTwhkCPXs4zUNHzdzl,0,0,Photos,,,,,Lifetime,26752,11483,773,683,40,50,1246,379,867,,,,,
1155632662590410.00,100044310645639.00,SUGARCANE,"Merry Christmas & Happy Holidays, SugarFolks! ❄️",,0,12/25/2024 0:49,N/A,https://www.facebook.com/thesugarcaneph/posts/pfbid02XFLUgvrpAw7d3fx33bSpEJsYbfcu4gXw7BcknurQVqoL5SjuGKfMgWL6QEVCwRSel,0,0,Photos,,,,,Lifetime,21857,12499,1247,1143,59,45,697,506,191,,,,,
1153448299475510.00,100044310645639.00,SUGARCANE,"Thank you, Maskipaps: The Crossover! 🫧 First time namin 'to pero grabe yung init ng pagtanggap niyo. Perfect way to cap off the year! 🌟

📷: Noel, Ivan, & Alyxter of ACNM Media",,0,12/21/2024 20:32,N/A,https://www.facebook.com/thesugarcaneph/posts/pfbid02WHK3JxgRv68WTtx9rqUFJDpnCoMPjDXou3G7yVqsmnEkqGjxazoTzqN4RPfDEax4l,0,0,Photos,,,,,Lifetime,21372,10463,629,569,11,49,1097,391,705,1,,,,
1152646472889030.00,100044310645639.00,SUGARCANE,"See you later sa Pangil Laguna, folks!! 🫂✨",,0,12/20/2024 16:18,N/A,https://www.facebook.com/thesugarcaneph/posts/pfbid06Z9zd8XR8Da3dEmDdzzFpEcMCYnQ6TSysBuhetzC1HaJp5Be8DoBFEDwyBAHpCfBl,0,0,Photos,,,,,Lifetime,17200,9395,431,341,43,47,962,697,265,,,,,
1152075502946120.00,100044310645639.00,SUGARCANE,See you later sa Maskipaps!! ❤️‍🔥,,0,12/19/2024 20:25,N/A,https://www.facebook.com/thesugarcaneph/posts/pfbid0huTyxnHAVkneFzHt518e1Yi2HC8FhohRM65yTcjYHvomy4Q15qAB9tXJaNTbdYF9l,0,1,Photos,,,,,Lifetime,8935,5920,179,163,9,7,196,137,55,4,,,,
1150887536398250.00,100044310645639.00,SUGARCANE,"Final Episode of ""Ano Ang Lagi Na Lang Niyo?"" 🎙️

Watch the full episode here: https://youtu.be/C7MtYT6bTQU

In this mini podcast series, SUGARCANE will be joined by some of their amazing fans who share their stories as we dive into the theme: “Ano ang lagi nalang sa buhay niyo?” In this EP's topic - career. 🫂

Stream ""Lagi Na Lang"": sugarcane.lnk.to/laginalang","Final Episode of ""Ano Ang Lagi Na Lang Niyo?"" 🎙️

Watch the full episode here: https://youtu.be/C7MtYT6bTQU

In this mini podcast series, SUGARCANE will be joined by some of their amazing fans who share their stories as we dive into the theme: “Ano ang lagi nalang sa buhay niyo?” In this EP's topic - career. 🫂

Stream ""Lagi Na Lang"": sugarcane.lnk.to/laginalang",60,12/18/2024 3:13,mixed,https://www.facebook.com/reel/1161004735447112/,0,0,Reels,,,,,Lifetime,3792,3745,134,120,4,10,0,,,,26863.154,7.723,0,
1149501569870180.00,100044310645639.00,SUGARCANE,"Some takeaways from the 1st episode of our mini podcast series. 🎙️ Ikaw? Anong kwentong “Lagi Na Lang” mo? 🫂

watch the full episode on our Youtube channel!","Some takeaways from the 1st episode of our mini podcast series. 🎙️ Ikaw? Anong kwentong “Lagi Na Lang” mo? 🫂

watch the full episode on our Youtube channel!",31,12/16/2024 1:45,mixed,https://www.facebook.com/reel/1279661986487514/,1,0,Reels,,,,,Lifetime,4343,4340,112,99,6,7,0,,,,19712.206,4.907,0,
1146308913522780.00,100044310645639.00,SUGARCANE,"2nd Episode of ""Ano Ang Lagi Na Lang Niyo?"" 🎙️

Watch the full episode here: https://youtu.be/krGw2A5HAyU

In this mini podcast series, SUGARCANE will be joined by some of their amazing fans who share their stories, insights, and laughs as we dive into the theme: “Ano ang lagi nalang sa buhay niyo?”

In today's episode, we'll be tackling something that’s relatable to us all — the wonders and pain of relationships. 🫂

Stream ""Lagi Na Lang"": sugarcane.lnk.to/laginalang","2nd Episode of ""Ano Ang Lagi Na Lang Niyo?"" 🎙️

Watch the full episode here: https://youtu.be/krGw2A5HAyU

In this mini podcast series, SUGARCANE will be joined by some of their amazing fans who share their stories, insights, and laughs as we dive into the theme: “Ano ang lagi nalang sa buhay niyo?”

In today's episode, we'll be tackling something that’s relatable to us all — the wonders and pain of relationships. 🫂

Stream ""Lagi Na Lang"": sugarcane.lnk.to/laginalang",60,12/11/2024 3:00,auto,https://www.facebook.com/reel/2066886960419729/,1,0,Reels,,,,,Lifetime,4345,3887,158,137,11,10,0,,,,25957.557,6.482,0,
1143465237140480.00,100044310645639.00,SUGARCANE,"Back to back gigs this weekend, Laguna & Baguio folks‼️

1️⃣ University of Perpetual Help System Laguna

📆 Date: December 7, 2024 (Saturday)
📍 Venue: UPHSL Oval
🎟️: Walk-ins and outsiders are allowed

UPH-Dr. Jose G. Tamayo Medical University Supreme Student Council

2️⃣ Valley Bread

📆 Date: December 8, 2024 (Sunday) 
📍 Venue: Malcom Square, Baguio City
🎟️: Event is open to the public; Free admission 

See you around!! ❤️‍🔥",,0,12/6/2024 21:08,N/A,https://www.facebook.com/thesugarcaneph/posts/pfbid02AZLQznC7QW9xCHAAUT6UmUB3Cmfyuu5mZBHFKMQzw6VGNVzTcXKgDydngEvkbutXl,0,0,Photos,,,,,Lifetime,17243,8825,424,358,30,36,632,344,288,,,,,
1142815033872170.00,100044310645639.00,SUGARCANE,"See you tomorrow, Perpetualites! ✨ 

📆Date: December 7, 2024 (Saturday)
📍 Venue: UPHSL Oval
🎟️: Walk-ins and outsiders are allowed 

Can't wait to see all of you!! ❤

#Perpskuhan2024",,0,12/5/2024 23:20,N/A,https://www.facebook.com/thesugarcaneph/posts/pfbid02AtStzFGfsZ8cJtretrqDRLyD1CFhRCLBRhQxX866cTicbGJwwbXbDNYy2mjG97zxl,0,1,Photos,,,,,Lifetime,8152,4816,121,111,3,7,173,140,33,,,,,
1142215817265420.00,100044310645639.00,SUGARCANE,"(っ◔◡◔)っ 𝐇𝐮𝐠𝐨𝐭 𝐇𝐚𝐧𝐠𝐨𝐮𝐭 𝐇𝐢𝐠𝐡𝐥𝐢𝐠𝐡𝐭𝐬

Still can’t get over how amazing the ""Hugot Hangouts"" turned out! 🫶 Hindi namin makakalimutan lahat ng napagkwentuhan at masasayang alaala natin from this event. Hanggang sa susunod na hangout ulit, folks! 🥹💖

📷: ARK Productions",,0,12/5/2024 3:00,N/A,https://www.facebook.com/thesugarcaneph/posts/pfbid023R6r24Ux6i9QYZDrzoeyLKb6T47BeNXprQEphQ3Ss1vPZ11b5CnjBngHXgfriTYxl,0,0,Photos,,,,,Lifetime,22296,10641,365,296,7,62,896,319,577,,,,,
1141992383954430.00,100044310645639.00,SUGARCANE,"Maraming salamat sa walang sawang suporta at pagmamahal, SugarFolks! Sobrang na-appreciate namin kayong lahat. Here’s to creating more music and memories together next year! 🪢✨ #SpotifyWrapped2024",,0,12/4/2024 20:00,N/A,https://www.facebook.com/thesugarcaneph/posts/pfbid028mNGZqgfbetaF8UtQsv2iKkERLPMros7dQ2FmCjVvpb7AY45v1ggJbrocGw3LoNGl,0,0,Photos,,,,,Lifetime,20417,11353,924,843,37,44,1022,465,557,,,,,
1141940813959590.00,100044310645639.00,SUGARCANE,"See you later, knollers! 💙💛

Miriam College Nuvali

📅: December 5
📍: Miriam College Nuvali, Laguna
🎟️: Event is open for outsiders 

We can't wait to see you all! ✨",,0,12/4/2024 18:00,N/A,https://www.facebook.com/thesugarcaneph/posts/pfbid05Qs9G7QDbw6AG2M7JKfCRX2mFiuXHL7gCseThYE2jiFrgWvxwm8PfHTrKULbRUKnl,0,0,Photos,,,,,Lifetime,7840,4235,176,166,5,5,228,134,94,,,,,
1141521677334840.00,100044310645639.00,SUGARCANE,"🎙️ First Episode of ""Ano Ang Lagi Na Lang Niyo?"" 

Watch the full video here: https://youtu.be/QGkJr301sA0

In this mini podcast series, SUGARCANE will be joined by some of their amazing fans who share their stories, insights, and laughs as we dive into the theme: “Ano ang lagi nalang sa buhay niyo?” 

In today's first episode, we’re kicking things off with something close to everyone’s heart — friendship. 🫂

Stream ""Lagi Na Lang"": sugarcane.lnk.to/laginalang","🎙️ First Episode of ""Ano Ang Lagi Na Lang Niyo?"" 

Watch the full video here: https://youtu.be/QGkJr301sA0

In this mini podcast series, SUGARCANE will be joined by some of their amazing fans who share their stories, insights, and laughs as we dive into the theme: “Ano ang lagi nalang sa buhay niyo?” 

In today's first episode, we’re kicking things off with something close to everyone’s heart — friendship. 🫂

Stream ""Lagi Na Lang"": sugarcane.lnk.to/laginalang",60,12/4/2024 3:01,auto,https://www.facebook.com/reel/2052436061896442/,1,0,Reels,,,,,Lifetime,5794,4704,202,186,8,8,0,,,,47106.728,9.205,0,
1141064977380510.00,100044310645639.00,SUGARCANE,malapit ko na maubos amoy mo,"malapit ko na maubos amoy mo

sugarcane.lnk.to/laginalang",19,12/3/2024 9:49,N/A,https://www.facebook.com/thesugarcaneph/videos/1286238425729596/,0,0,Videos,,,,,Lifetime,17376,13698,1262,1089,69,104,1324,1319,,5,91241.531,5.964,0.16,
1140722684081400.00,100044310645639.00,SUGARCANE,"Maraming salamat sa lahat ng pumunta sa ating 𝑯𝒖𝒈𝒐𝒕 𝑯𝒂𝒏𝒈𝒐𝒖𝒕𝒔! 💌🥹

Join our SugarFolks community page for more exclusive announcements: SugarFolks

Special thanks to:
SugarFolks
Warner Music Philippines
ARK Productions
UNWND Boutique Hotel Makati",,0,12/3/2024 0:10,N/A,https://www.facebook.com/thesugarcaneph/posts/pfbid02qPFLRnpvPNF8TEBrtMHKPcjGa7Y6wTaUak4gupS1Pei5hVqWjArZa8sXEVeuh8SLl,0,1,Photos,,,,,Lifetime,6112,4112,114,107,4,3,131,84,47,,,,,
1136721984481470.00,100044310645639.00,SUGARCANE,"Finally sharing moments from the Isetann_Official Mall Show! Huge thanks to everyone who showed up and made it such a special time! ❤️‍🔥

📹: Noel, Alyxter, and Jeus of ACNM Media","Finally sharing moments from the @[100069429872109:2048:Isetann_Official] Mall Show! Huge thanks to everyone who showed up and made it such a special time! ❤️‍🔥

📹: Noel, Alyxter, and Jeus of @[100080065946395:2048:ACNM Media]",53,11/27/2024 2:51,mixed,https://www.facebook.com/thesugarcaneph/videos/955496923278537/,0,0,Videos,,,,,Lifetime,3285,2261,211,188,9,14,86,86,,,22621.651,7.704,0.04,
1136062131214130.00,100044310645639.00,SUGARCANE,"Hi folks! May super special na event kami this Saturday, November 30, sa Makati, and there are only a few slots left! Gusto niyo bang sumama? Madali lang, just post 3 photos with us and tag us in your stories - first 10 to do it gets in! 💌 

‼️10 SLOTS LEFT",,0,11/26/2024 3:14,N/A,https://www.facebook.com/thesugarcaneph/posts/pfbid0DDegNNXpd5fovXbzpcQSkMvFptfHUsYokZUjDGGKkutjDMeyqSzMXmEBPBknCEVpl,0,0,Photos,,,,,Lifetime,8888,5256,287,256,16,15,429,362,67,,,,,
1134039021416440.00,100044310645639.00,SUGARCANE,"FOLLOW THE RED STRING P2!! 📢 

Free ba kayo tonight? Tara sa Jess and Pats for Kenaniah and Janine Teñoso intimate gig! 🥰

Also!! Look out for envelopes scattered around Jess & Pat's! Hints for the locations can be seen at the photos below 💌🔍

These envelopes will serve as your invitation for a 𝐯𝐞𝐫𝐲 𝐬𝐩𝐞𝐜𝐢𝐚𝐥 𝐞𝐯𝐞𝐧𝐭.

⚠️: Kapag isa kayo sa mga mapalad na makakuha ng envelopes, tag us on all of our social media platforms, @thesugarcaneph — scan the QR code to register and know more about the details!

Warner Music Philippines",,0,11/23/2024 2:39,N/A,https://www.facebook.com/thesugarcaneph/posts/pfbid0BdNHu7nG9h29VGS3N9WaWosCqGCZGZ3uMeU2p4kno3wPx6PxCsCtvRj5VKvFZgWsl,0,0,Photos,,,,,Lifetime,4470,2855,59,58,0,1,142,33,109,,,,,
1134017354751940.00,100044310645639.00,SUGARCANE,"Tara mamaya for Kenaniah and Janine Teñoso's intimate gig! 🥰

Since Jess & Pat's is very close to our hearts for being not just our go-to gig place but also a place were we get to hang out with you, folks, we will be scattering envelopes around the vicinity for you to find. 💌🔍

These envelopes will serve as your invitation for a 𝐯𝐞𝐫𝐲 𝐬𝐩𝐞𝐜𝐢𝐚𝐥 𝐞𝐯𝐞𝐧𝐭.

⚠️: Stay tuned on our socials — we will be posting clues later, paunahan na lang makahanap ng envelopes! 

PS. Kapag isa kayo sa mga mapalad na makakuha ng envelope mamaya, scan the QR code to register and know more about the details!

Warner Music Philippines",,0,11/23/2024 1:55,N/A,https://www.facebook.com/thesugarcaneph/posts/pfbid0UR5sYsMjf21of8xUfN2yVfp9GEcU2WTD4inxV6SeBVSEq9tfUhtSSL1o1EWUb6Val,0,0,Photos,,,,,Lifetime,8921,5229,180,172,0,8,210,105,104,1,,,,
1133348374818840.00,100044310645639.00,SUGARCANE,"THOMASIANS!! 🐯📢 

Look out for envelopes scattered around the UST Campus! Hints for the locations can be seen at the photos below 💌🔍: 

These envelopes will serve as your invitation for a 𝐯𝐞𝐫𝐲 𝐬𝐩𝐞𝐜𝐢𝐚𝐥 𝐞𝐯𝐞𝐧𝐭.

⚠️: Kapag isa kayo sa mga mapalad na makakuha ng envelopes, tag us on all of our social media platforms, @thesugarcaneph — scan the QR code to register and know more about the details!

Warner Music Philippines
UST CFAD Student Council",,0,11/22/2024 2:38,N/A,https://www.facebook.com/thesugarcaneph/posts/pfbid0Ax3z6A5PwVUE3GU86JkV6dtPeg5ssKLRA9Z73oQpeRSPtpCtXBdX9aRtJpCbJWdyl,0,0,Photos,,,,,Lifetime,14889,9209,214,193,16,5,1767,773,993,1,,,,
1132612441559100.00,100044310645639.00,SUGARCANE,"Who's ready for #WePlayHereSchoolTour in UST? 🐯

Thomasians, be sure to not miss this out, kasi sa mismong araw ng We Play Here sa UST-CFAD, we will be scattering envelopes around the campus for you to find. 💌🔍

These envelopes will serve as your invitation for a 𝐯𝐞𝐫𝐲 𝐬𝐩𝐞𝐜𝐢𝐚𝐥 𝐞𝐯𝐞𝐧𝐭.

⚠️: Stay tuned on our socials — we will be posting clues tomorrow, basta paunahan na lang makahanap ng envelopes bukas sa UST, g?!

PS. Kapag isa kayo sa mga mapalad na makakuha ng envelope sa Friday, scan the QR code to register and know more about the details!

Warner Music Philippines
UST CFAD Student Council",,0,11/21/2024 1:01,N/A,https://www.facebook.com/thesugarcaneph/posts/pfbid023mXLbxcohmMqtgd2FQUvNxGzBQQ8RvYnTGWGG9Rncticr1Ht2s8o9ZEsDKxwJQ1al,0,0,Photos,,,,,Lifetime,17710,8195,445,377,37,31,1190,841,349,,,,,
1132505444903130.00,100044310645639.00,SUGARCANE,"#WePlayHereSchoolTour in UST? 👀

See you tomorrow, Thomasians!

And aside from that, we’ve prepared something exciting just for you. Stay tuned for our post on our socials — you won’t want to miss it! 💌🔍

📅: November 22
🎟️: Event is open to UST students only

UST CFAD Student Council
Warner Music Philippines
We Play Here",,0,11/20/2024 22:03,N/A,https://www.facebook.com/thesugarcaneph/posts/pfbid04pFBUdWZUKHSZ8S3YShW22cri6vxmMW3gxdUmE2zGxETAvi7xgeh5s3S6hP5yFVol,0,1,Videos,,,,,Lifetime,,1995,85,83,2,0,158,158,,,,,,
1131831908303820.00,100044310645639.00,SUGARCANE,"Naiyak siguro sya kaya ganyan lang reply nya 

Stream Lagi Na Lang
sugarcane.lnk.to/laginalang","Naiyak siguro sya kaya ganyan lang reply nya 

Stream Lagi Na Lang
sugarcane.lnk.to/laginalang",18,11/19/2024 22:36,N/A,https://www.facebook.com/reel/3333068213495967/,1,0,Reels,,,,,Lifetime,3223299,2342103,171444,133933,9607,27904,0,,,,26352871.06,10.389,0,
1131177018369300.00,100044310645639.00,SUGARCANE,"Pano naman yung pangarap ko? 

Stream Lagi Na Lang here: sugarcane.lnk.to/laginalang","Pano naman yung pangarap ko? 

Stream Lagi Na Lang here: sugarcane.lnk.to/laginalang",18,11/18/2024 23:15,N/A,https://www.facebook.com/reel/466936732629709/,1,0,Reels,,,,,Lifetime,16080,15131,205,177,11,17,0,,,,91567.537,6.261,0,
1130570628429940.00,100044310645639.00,SUGARCANE,"Uy may bagong kanta Sugarcane stream nyo na 🤩
sugarcane.lnk.to/laginalang","Uy may bagong kanta Sugarcane stream nyo na 🤩
sugarcane.lnk.to/laginalang",18,11/18/2024 2:08,mixed,https://www.facebook.com/reel/1210833206690798/,1,0,Reels,,,,,Lifetime,4898,4243,159,146,4,9,0,,,,26498.527,6.477,0,
1130503968436610.00,100044310645639.00,SUGARCANE,"Edi enjoy 🥲

Stream Lagi Na Lang here: sugarcane.lnk.to/laginalang","Edi enjoy 🥲

Stream Lagi Na Lang here: sugarcane.lnk.to/laginalang",20,11/17/2024 23:38,N/A,https://www.facebook.com/reel/1270339707553091/,1,0,Reels,,,,,Lifetime,20033,17466,428,366,20,42,0,,,,143686.237,7.962,0,
1129861435167530.00,100044310645639.00,SUGARCANE,"Ako 'di niyo kakamustahin? 

Stream ""Lagi Na Lang"" here: sugarcane.lnk.to/laginalang","Ako 'di niyo kakamustahin? 

Stream ""Lagi Na Lang"" here: sugarcane.lnk.to/laginalang",18,11/17/2024 0:09,N/A,https://www.facebook.com/reel/540533498826890/,1,0,Reels,,,,,Lifetime,74228,71602,2411,1844,168,399,0,,,,391152.001,5.77,0,
1128503275303350.00,100044310645639.00,SUGARCANE,"Bakit ganon 😭

Stream ""Lagi Na Lang"" here: sugarcane.lnk.to/laginalang","Bakit ganon 😭

Stream ""Lagi Na Lang"" here: sugarcane.lnk.to/laginalang",19,11/14/2024 23:52,N/A,https://www.facebook.com/reel/586866907057832/,1,0,Reels,,,,,Lifetime,49988,46914,2435,1967,141,327,0,,,,196153.972,4.233,0,
1128383241982020.00,100044310645639.00,SUGARCANE,"Manila peeps!! Free gig tomorrow, g? 📢

🗓️: November 16, 1PM 
📍: Isetann_Official Mall Recto 
‼️ Get the chance to also win a 𝐁𝐞𝐚𝐭𝐬 𝐒𝐭𝐮𝐝𝐢𝐨 𝐏𝐫𝐨 𝐖𝐢𝐫𝐞𝐥𝐞𝐬𝐬 𝐇𝐞𝐚𝐝𝐩𝐡𝐨𝐧𝐞𝐬 and 𝐒𝐮𝐠𝐚𝐫𝐜𝐚𝐧𝐞 𝐨𝐟𝐟𝐢𝐜𝐢𝐚𝐥 𝐩𝐨𝐬𝐭𝐞𝐫 𝐚𝐧𝐝 𝐬𝐭𝐢𝐜𝐤𝐞𝐫𝐬! 🎧

PS. You can 𝐆𝐞𝐭 𝐏𝟒𝟎 𝐜𝐚𝐬𝐡𝐛𝐚𝐜𝐤 on every P1,000 single-receipt purchase at Isetann Dept Store and Isetann Supermarket from November 15-17, 2024. Find the perfect gifts for your loved ones with 𝐮𝐩 𝐭𝐨 𝟓𝟎% 𝐨𝐟𝐟 on selected department store items and a chance to be one of the 𝟑 𝐥𝐮𝐜𝐤𝐲 𝐰𝐢𝐧𝐧𝐞𝐫𝐬 𝐨𝐟 𝐁𝐞𝐚𝐭𝐬 𝐒𝐭𝐮𝐝𝐢𝐨 𝐏𝐫𝐨 𝐖𝐢𝐫𝐞𝐥𝐞𝐬𝐬 𝐇𝐞𝐚𝐝𝐩𝐡𝐨𝐧𝐞𝐬! 🎧",,0,11/14/2024 19:23,N/A,https://www.facebook.com/thesugarcaneph/posts/pfbid0KXwYJ7uvNmrPR94LzgVESBJw6XRYSHFnhoVMtq9XpkHiXHwgM2PAfiq4Sy3sY4uvl,0,0,Photos,,,,,Lifetime,12823,6638,343,308,14,21,479,238,241,,,,,
1127982658688740.00,100044310645639.00,SUGARCANE,"LAST CALL!! 📢📣

Sa mga walang gagawin sa sat, tara sa Isetann, 1pm! Haranahin namin kayo ❤️",,0,11/14/2024 5:05,N/A,https://www.facebook.com/thesugarcaneph/posts/pfbid0KDNjDfcEYyWpasZdod3cRmj3CycHS5ey26e4BhkoTMRCT8V2Tp7dvefnACNGLj4Vl,0,1,Videos,,,,,Lifetime,,1897,96,87,9,0,96,96,,,,,,
1127786342041710.00,100044310645639.00,SUGARCANE,"Sana madapa ka :(

Stream ""Lagi Na Lang"" here: sugarcane.lnk.to/laginalang","Sana madapa ka :(

Stream ""Lagi Na Lang"" here: sugarcane.lnk.to/laginalang",16,11/13/2024 22:03,N/A,https://www.facebook.com/reel/890630676532054/,1,0,Reels,,,,,Lifetime,20852,18609,466,418,8,40,0,,,,136774.295,7.578,0,
1127324422087900.00,100044310645639.00,SUGARCANE,"#WePlayHereSchoolTour in Ateneo was a blast ❤️‍🔥

Thank you SugarFolks for showing up and making it a day to remember! 🪢

Stream “Lagi Na Lang” here:  
https://sugarcane.lnk.to/laginalang

Warner Music Philippines
We Play Here",,0,11/13/2024 4:43,N/A,https://www.facebook.com/thesugarcaneph/posts/pfbid0bcbVSuMEesMovtEoag2K2ii1TzBaxz4J8GcUW4QmDk2SHoywnpijeUsRW4fDwyXzl,0,0,Photos,,,,,Lifetime,7765,4053,229,204,9,16,288,119,168,1,,,,
1127275185426150.00,100044310645639.00,SUGARCANE,"See you sa November 16, 1PM, sa Isetann_Official!! 🪢",,0,11/13/2024 3:17,N/A,https://www.facebook.com/thesugarcaneph/posts/pfbid02CtRn6FADxdxznXE2fuuUFZ1JCmQQYDi8E4arrdFC7TJA8arcA75XwT8vtqWr3rtel,0,1,Photos,,,,,Lifetime,4020,2645,79,71,4,4,145,85,60,,,,,
1127092748777730.00,100044310645639.00,SUGARCANE,"""Lagi Na Lang"" OUT NOW!!

Stream here: sugarcane.lnk.to/laginalang","""Lagi Na Lang"" OUT NOW!!

Stream here: sugarcane.lnk.to/laginalang",26,11/12/2024 20:38,N/A,https://www.facebook.com/reel/607079935086115/,1,0,Reels,,,,,Lifetime,7374,6899,261,245,5,11,0,,,,59913.275,8.914,0,
1126593288827680.00,100044310645639.00,SUGARCANE,"Diyan ka magaling eh, umiwas 🫵😂 

Stream Lagi Na Lang!
sugarcane.lnk.to/laginalang","Diyan ka magaling eh, umiwas 🫵😂 

Stream Lagi Na Lang!
sugarcane.lnk.to/laginalang",18,11/12/2024 3:12,N/A,https://www.facebook.com/reel/1359957942078468/,1,0,Reels,,,,,Lifetime,63771,62516,1116,878,73,165,0,,,,360732.374,6.152,0,
1126419138845090.00,100044310645639.00,SUGARCANE,"Ikaw pa rin ang peyborit kong gawa ni tita 🥰

Stream ""Lagi Na Lang"" here: sugarcane.lnk.to/laginalang","Ikaw pa rin ang peyborit kong gawa ni tita 🥰

Stream ""Lagi Na Lang"" here: sugarcane.lnk.to/laginalang",18,11/11/2024 21:00,N/A,https://www.facebook.com/reel/1112258523838423/,1,0,Reels,,,,,Lifetime,7301,6927,116,109,2,5,0,,,,41025.905,6.224,0,
1125891592231180.00,100044310645639.00,SUGARCANE,"☑️ We Play Here Ateneo Stop 

Maraming salamat sa lahat ng pumunta at nakisaya! Sobrang sarap sa feeling tugtugin sa inyo mga bagong kanta na nilalabas namin ❤️‍🔥 

Stream “Lagi Na Lang” here: https://sugarcane.lnk.to/laginalang

Warner Music Philippines","☑️ @[100092286526361:2048:We Play Here] Ateneo Stop 

Maraming salamat sa lahat ng pumunta at nakisaya! Sobrang sarap sa feeling tugtugin sa inyo mga bagong kanta na nilalabas namin ❤️‍🔥 

Stream “Lagi Na Lang” here: https://sugarcane.lnk.to/laginalang

@[100064878091978:2048:Warner Music Philippines]",28,11/11/2024 3:33,N/A,https://www.facebook.com/reel/2036297623466692/,0,0,Reels,,,,,Lifetime,3260,2144,265,233,7,25,0,,,,17298.14,5.954,0,
1125842778902730.00,100044310645639.00,SUGARCANE,"Pang-30th playlist ko na to para sa kanya, ano ba kami 🥴?   Stream Lagi Na Lang! https://sugarcane.lnk.to/laginalang","Pang-30th playlist ko na to para sa kanya, ano ba kami 🥴? 

Stream Lagi Na Lang! https://sugarcane.lnk.to/laginalang",17,11/11/2024 2:00,N/A,https://www.facebook.com/thesugarcaneph/videos/1347190853105014/,0,0,Videos,,,,,Lifetime,2639,2255,162,141,4,17,76,74,,2,13276.759,5.937,0.02,
1125737705579900.00,100044310645639.00,SUGARCANE,"Kita kits tayo sa Isetann_Official sa November 16, 1PM! 

Let’s also enjoy their 3 Day Sale from Nov 15, 16, and 17 at may pa-P40 cashback pa kapag namili kayo worth P1000 sa lahat ng Isetann Department Store and Supermarket. 

🗓 November 16, 2024
📍Isetann Recto","Kita kits tayo sa @[100069429872109:2048:Isetann_Official] sa November 16, 1PM! 

Let’s also enjoy their 3 Day Sale from Nov 15, 16, and 17 at may pa-P40 cashback pa kapag namili kayo worth P1000 sa lahat ng Isetann Department Store and Supermarket. 

🗓 November 16, 2024
📍Isetann Recto",32,11/10/2024 22:16,mixed,https://www.facebook.com/thesugarcaneph/videos/1081363773689494/,0,0,Videos,,,,,Lifetime,5268,3045,322,261,30,31,424,424,,,29551.599,6.502,0.04,
1125704602249880.00,100044310645639.00,SUGARCANE,lactose into-you pa naman ako 😡,"lactose into-you pa naman ako 😡

Stream Lagi Na Lang! sugarcane.lnk.to/laginalang",18,11/10/2024 21:04,uploaded,https://www.facebook.com/thesugarcaneph/videos/466766872558024/,0,0,Videos,,,,,Lifetime,6368,5766,216,204,2,10,105,104,,1,37705.754,6.703,0.07,
1125134635640210.00,100044310645639.00,SUGARCANE,"Pano kung may OPM song na inspired ng Fireflies by Owl City

Stream Lagi Na Lang! sugarcane.lnk.to/laginalang","Pano kung may OPM song na inspired ng Fireflies by Owl City

Stream Lagi Na Lang! sugarcane.lnk.to/laginalang",69,11/10/2024 2:14,uploaded,https://www.facebook.com/reel/1704410897071187/,1,0,Reels,,,,,Lifetime,33079,27472,1124,1016,21,87,0,,,,473242.095,15.852,0,
1125031355650540.00,100044310645639.00,SUGARCANE,"Huhu bye guys see you ulit next year 😞

Stream our new song Lagi Na Lang 🫢:
sugarcane.link.to/laginalang","Huhu bye guys see you ulit next year 😞

Stream our new song Lagi Na Lang 🫢:
sugarcane.link.to/laginalang",8,11/9/2024 22:44,N/A,https://www.facebook.com/reel/596704789688721/,1,0,Reels,,,,,Lifetime,82743,51485,1072,996,26,50,0,,,,377558.724,7.322,0,
1124290322391310.00,100044310645639.00,SUGARCANE,"Suko na po ako boss

Stream the song here: sugarcane.lnk.to/laginalang","Suko na po ako boss

Stream the song here: sugarcane.lnk.to/laginalang",19,11/8/2024 22:12,N/A,https://www.facebook.com/reel/956836469595230/,1,0,Reels,,,,,Lifetime,79403,74047,3759,3213,73,473,0,,,,523948.369,7.236,0,
1124287562391580.00,100044310645639.00,SUGARCANE,"Ilang taon narin ang siyang nagdaan,
Nangangapa parin kung san nagkulang...",,0,11/8/2024 22:06,N/A,https://www.facebook.com/thesugarcaneph/posts/pfbid02RuqPpZwXArNtwf8epF2uyJVURvHVzMnV9ZX5cFsi1oiScDhzB1MqY4GtynFZxESGl,0,0,Text,,,,,Lifetime,20131,10433,627,556,26,45,606,606,,,,,,
1123594135794260.00,100044310645639.00,SUGARCANE,"We got nominated on AWIT AWARDS 😭

Appreciate the support, see you around folks! 🧎🏻‍♀️",,0,11/7/2024 22:58,N/A,https://www.facebook.com/thesugarcaneph/posts/pfbid0aQGGvPJNnPu5KhuWPkjecTSdJ9tnQjQAMymLXB7edVLWg7Aeumf65YWgxw7j55eWl,0,0,Photos,,,,,Lifetime,5335,2900,235,203,13,19,250,110,140,,,,,
1123494589137550.00,100044310645639.00,SUGARCANE,Lagi Na Lang (Official Lyric Visualizer),"Watch ""Lagi Na Lang"" (Official Lyric Visualizer) here: youtu.be/Ej63qEIRnpU

Brought to you by Ten Thirty Two Lab

Production Team:
• Director: Karlo Calingao x Louis Anthony Duran
• Creative Directors: Iana Cris Forbes & Louis Anthony Duran
• Executive Producer: Iana Cris Forbes
• Director of Photography & Camera Operator: Karlo Calingao
• Photographer: Louis Anthony Duran
• Production Manager: Angelu Jane Santiago-Lagazo
• Gaffer & Camera Operator: Garren Bustarde
• Editor & Colorist: Alanshii M. Ante
• Animators: Iana Cris Forbes, Louis Anthony Duran, Karlo Calingao, Garren Bustarde, Alanshii M. Ante
• Production Design: Angelu Santiago-Lagazo
• Wardrobe & Styling: Ranque Mark
• Hairstylist: Rudolf Davilos
• Makeup: Dorothy Mamalio
• Production Assistants: Jaybert Oliman Rima, Salvador Harold, Lorenzo Markus Bolaños
• Location Manager: Markus Bolaños

Special Thanks to Billy Bolanos, Maricel Lorenzo Bolanos, and their family for their warm hospitality.

Overall Direction by Rem Brofar",22,11/7/2024 19:28,N/A,https://www.facebook.com/thesugarcaneph/videos/557470216878713/,0,0,Videos,,,,,Lifetime,10614,9605,635,521,20,94,250,237,,13,46471.688,5.104,0.07,
1123179749169030.00,100044310645639.00,SUGARCANE,"‘𝐋𝐚𝐠𝐢 𝐍𝐚 𝐋𝐚𝐧𝐠’ 𝐨𝐮𝐭 𝐧𝐨𝐰 𝐨𝐧 𝐚𝐥𝐥 𝐝𝐢𝐠𝐢𝐭𝐚𝐥 𝐩𝐥𝐚𝐭𝐟𝐨𝐫𝐦𝐬 🪢 
Stream here: sugarcane.lnk.to/laginalang",,0,11/7/2024 8:10,N/A,https://www.facebook.com/photo.php?fbid=1123179749169036&set=a.228682271952126&type=3,0,0,Photos,,,,,Lifetime,1016,509,241,209,9,23,11,7,4,,,,,
1123178815835790.00,100044310645639.00,SUGARCANE,"‘𝐋𝐚𝐠𝐢 𝐍𝐚 𝐋𝐚𝐧𝐠’ 𝐨𝐮𝐭 𝐧𝐨𝐰 𝐨𝐧 𝐚𝐥𝐥 𝐝𝐢𝐠𝐢𝐭𝐚𝐥 𝐩𝐥𝐚𝐭𝐟𝐨𝐫𝐦𝐬 🪢 
Stream here: sugarcane.lnk.to/laginalang",,0,11/7/2024 8:08,N/A,https://www.facebook.com/photo.php?fbid=1123178815835796&set=a.228682278618792&type=3,0,0,Photos,,,,,Lifetime,31356,18765,2038,1849,79,110,1114,660,421,33,,,,
1123178429169160.00,100044310645639.00,SUGARCANE,"‘𝐋𝐚𝐠𝐢 𝐍𝐚 𝐋𝐚𝐧𝐠’ 𝐨𝐮𝐭 𝐧𝐨𝐰 𝐨𝐧 𝐚𝐥𝐥 𝐝𝐢𝐠𝐢𝐭𝐚𝐥 𝐩𝐥𝐚𝐭𝐟𝐨𝐫𝐦𝐬 🪢 

sugarcane.lnk.to/laginalang

Composed by: Carl Guerzon, Froilan Bautista, Luis Beato, Cedric Angeles
Produced by: Brian Lotho, Xerxes Bakker 
Mixed by: Jay Dufour
Mastered by: João Carvalho

Warner Music Philippines 
Sarah Ismail
Kelley Mangahas 
Rem Brofar 
Celine Ferros",,0,11/7/2024 8:07,N/A,https://www.facebook.com/thesugarcaneph/posts/pfbid0Gv2gpD5R1pxJ3xvuFnsymdAM56HwNmz16oUVNjvjbhFwtq8MNfvUuT2psHfoo1qWl,0,0,Photos,,,,,Lifetime,26082,12207,1007,845,50,112,702,530,154,18,,,,
1122975632522780.00,100044310645639.00,SUGARCANE,"As we count down to the release of our latest single, “Lagi Na Lang,” coming out at midnight tonight, enjoy this one final treat for our previous single, “Pagbigyan” featuring Gian Bernardino from Cup of Joe – LIVE!

⏳ Just 6 hours to go!

Presave the song here
https://sugarcane.lnk.to/presavelaginalang","As we count down to the release of our latest single, “Lagi Na Lang,” coming out at midnight tonight, enjoy this one final treat for our previous single, “Pagbigyan” featuring Gian Bernardino from Cup of Joe – LIVE!

⏳ Just 6 hours to go!

Presave the song here
https://sugarcane.lnk.to/presavelaginalang",77,11/7/2024 2:05,mixed,https://www.facebook.com/reel/572054542073688/,1,0,Reels,,,,,Lifetime,13332,9905,721,601,14,106,0,,,,108779.895,8.916,0,
1122931942527150.00,100044310645639.00,SUGARCANE,"Back to back gigs tomorrow, folks‼️

1️⃣ School of Saint Anthony Lagro, Quezon City
SSA Student Government

We’ll be sharing the stage with Over October! 

🎟️: 500 php, walk-ins are allowed 

2️⃣ Dinalan Coffee

Stripped sessions with 
*   12th Street 
*   Dave Sison

Friendly reminders:
-   Door opens at 5:30pm
-   Floor seats and standing only
-   No parking available
-   Door Fee
*   350 php for Early birds (limited slots only)
*   450 php for Regular / Walk ins

🎟️: Dm Angel (@wruangel_ ) on instagram for inquiries and ticket reservations

PS. Isa kayo sa mga unang makakarinig live ng i-rerelease namin mamayang 12AM na single kapag pumunta kayo bukas. See you around! ❤️‍🔥",,0,11/7/2024 0:27,N/A,https://www.facebook.com/thesugarcaneph/posts/pfbid02YVk244cHqbJKvyeiWTdAbE1n5rH8dUt3e5TLvCzHiDenuVUarhV4ttCKKabSm7VGl,0,0,Photos,,,,,Lifetime,10746,4417,312,273,8,31,590,303,287,,,,,
1122380995915570.00,100044310645639.00,SUGARCANE,"Song has been stuck in our heads that we decided to make a video ourselves! 😜💥

Stream “APT”: tinyurl.com/APTBrunoMars

@warnermusicph","Song has been stuck in our heads that we decided to make a video ourselves! 😜💥

Stream “APT”: tinyurl.com/APTBrunoMars

@warnermusicph",13,11/6/2024 4:36,N/A,https://www.facebook.com/reel/874465828232779/,1,0,Reels,,,,,Lifetime,22884,16269,636,586,20,30,0,,,,127986.896,7.378,0,
1122300889256920.00,100044310645639.00,SUGARCANE,"Self-love ka naman muna, dok 

Pre-save the song here
sugarcane.lnk.to/presavelaginalang","Self-love ka naman muna, dok 

Pre-save the song here
sugarcane.lnk.to/presavelaginalang",18,11/6/2024 2:00,N/A,https://www.facebook.com/reel/1264264918062162/,1,0,Reels,,,,,Lifetime,84640,77032,3459,2848,145,466,0,,,,484728.202,6.314,0,
1121605509326460.00,100044310645639.00,SUGARCANE,"Haha okay lang naman 🙂👍

Presave the song here
https://sugarcane.lnk.to/presavelaginalang","Haha okay lang naman 🙂👍

Presave the song here
https://sugarcane.lnk.to/presavelaginalang",16,11/5/2024 1:14,N/A,https://www.facebook.com/reel/543779495025034/,1,0,Reels,,,,,Lifetime,35464,33845,1291,981,50,260,0,,,,175800.699,5.432,0,
1120942692726070.00,100044310645639.00,SUGARCANE,"Bakit lagi syang nakangiti pag tumatawag shopee 😭

Pre-save the song here
https://sugarcane.lnk.to/presavelaginalang","Bakit lagi syang nakangiti pag tumatawag shopee 😭

Pre-save the song here
https://sugarcane.lnk.to/presavelaginalang",18,11/4/2024 1:54,N/A,https://www.facebook.com/reel/8454296358014054/,1,0,Reels,,,,,Lifetime,124848,110283,3598,3356,34,208,0,,,,982125.652,9.341,0,
1120807579406250.00,100044310645639.00,SUGARCANE,"Palitan mo na battery mo 😤

Pre-save the song here: sugarcane.lnk.to/presavelaginalang","Palitan mo na battery mo 😤

Pre-save the song here: sugarcane.lnk.to/presavelaginalang",18,11/3/2024 20:35,N/A,https://www.facebook.com/reel/3398758747094976/,1,0,Reels,,,,,Lifetime,5848,5769,219,195,10,14,0,,,,26729.374,4.956,0,
1120268692793470.00,100044310645639.00,SUGARCANE,"Huling sulyap mo manlang beh pantanggal angas lang 😎

Pre-save here: sugarcane.lnk.to/presavelaginalang","Huling sulyap mo manlang beh pantanggal angas lang 😎

Pre-save here: sugarcane.lnk.to/presavelaginalang",20,11/3/2024 1:44,N/A,https://www.facebook.com/reel/539531415519994/,1,0,Reels,,,,,Lifetime,7668,7567,298,266,9,23,0,,,,41955.671,6.066,0,
1120180436135630.00,100044310645639.00,SUGARCANE,Big thanks to All-Out Sundays for having “Leonora” on the show! Loved seeing it performed by such amazing actors. Appreciate the love! ❤️‍🔥,Big thanks to @[100067402864836:2048:All-Out Sundays] for having “Leonora” on the show! Loved seeing it performed by such amazing actors. Appreciate the love! ❤️‍🔥,223,11/2/2024 23:27,N/A,https://www.facebook.com/thesugarcaneph/videos/1761520918011206/,0,0,Videos,,,,,Lifetime,22017,23128,865,803,28,34,1138,1137,,1,217140.67,10.749,0.08,
1120079952812340.00,100044310645639.00,SUGARCANE,"Babalikan ka raw niya pag na pre-save mo na new single namin 🤭

Presave now through the link in our bio!","Babalikan ka raw niya pag na pre-save mo na new single namin 🤭

Presave now through the link in our bio!",29,11/2/2024 19:50,mixed,https://www.facebook.com/reel/527288036965146/,1,0,Reels,,,,,Lifetime,6162,5828,368,332,17,19,0,,,,39333.693,6.988,0,
1119630226190650.00,100044310645639.00,SUGARCANE,"""Lagi Na Lang"" drops next Friday, November 8, at 12AM! 🎶

Presave now: 
https://sugarcane.lnk.to/presavelaginalang",,0,11/2/2024 4:37,N/A,https://www.facebook.com/thesugarcaneph/posts/pfbid032b3igRrrLw2S3inEHL9Yjz3WLf6EkY5V28Kof5SSMZbvqeN5pJBerPSTRhQYLJ5Vl,0,0,Photos,,,,,Lifetime,35175,20298,1409,1170,72,167,933,683,225,25,,,,
1118778112942530.00,100044310645639.00,SUGARCANE,"Coffee date tayo, g? ☕️

🗓 November 8, 2024
📍Dinalan Coffee
🎟 DM @wruangel_ on Instagram 

See you there, folks!!",,0,11/1/2024 0:29,N/A,https://www.facebook.com/thesugarcaneph/posts/pfbid043aXLyTqc6JYj9ueTGhSuk3Yvg7qYyBv7k3dgSPXrFFyC9BypBaDY1FrDi4yEXnnl,0,0,Photos,,,,,Lifetime,8393,4010,252,226,11,15,400,323,77,,,,,
1118269329660070.00,100044310645639.00,SUGARCANE,"Happy Birthday to our lead guitarist and brother, we are always grateful to have you! We labyu brodie! ❤️

(insert carl and rona)",,0,10/31/2024 7:21,N/A,https://www.facebook.com/thesugarcaneph/posts/pfbid0qEHzWPqZhCUSX1g8qCWHc9EKV31nxS3aNP2PDSfsR4hh2LUueJKjiTDGaVvTkh1Ml,0,0,Photos,,,,,Lifetime,10018,6314,694,600,80,14,443,354,89,,,,,
1118189926334680.00,100044310645639.00,SUGARCANE,"Happy Halloween, folks!! 🎃👻

Sakto, sa November 8 magkakaroon ka na ng soundtrip para sa mga “lagi na lang” mo sa buhay 💥

Pre-save mo na puhleaze
sugarcane.lnk.to/presavelaginalang",,0,10/31/2024 5:09,N/A,https://www.facebook.com/thesugarcaneph/posts/pfbid0esJxw7XnscGd1Uxezj4D8XFUTzCqECbJnKVmpsqqtQNuWSUAkyuxwY9vsFy2xFSql,0,0,Photos,,,,,Lifetime,30278,15024,1406,1259,53,94,975,652,292,31,,,,
1114703890016620.00,100044310645639.00,SUGARCANE,"Hinding hindi na namin kayo papakawalan kapag pumunta kayo sa Maskipaps: The Crossover!! See you there, folks 🪢 

Get your tickets at https://maskipaps.helixpay.ph/ 🎧",,0,10/26/2024 6:03,N/A,https://www.facebook.com/thesugarcaneph/posts/pfbid02CWFxpLb5LnzX7c5TSef1s1g1L56hJXMTuWwPUgEzUjFDWUoZjqJpXGfPbVCoBcvgl,0,1,Photos,,,,,Lifetime,11147,7207,403,364,20,19,638,460,138,40,,,,
1112304343589910.00,100044310645639.00,SUGARCANE,"Next stop of #WePlayHereSchoolTour : Ateneo De Manila University 💙✨

🗓 November 9, 2024
📍Ateneo JHS Covered Courts, Ateneo De Manila University
🎟 Scan QR code on poster

See you there, folks!!

Warner Music Philippines
We Play Here",,0,10/22/2024 21:09,N/A,https://www.facebook.com/thesugarcaneph/posts/pfbid04KXKEZew9aUNoMufs5xgPgVjARKm7PeJn2FoRNUvRcoGRiqMvpxpsbRwunMk3DyGl,0,0,Photos,,,,,Lifetime,19468,11846,425,380,16,29,516,304,212,,,,,
1111604030326600.00,100044310645639.00,SUGARCANE,at least hindi ako useless,at least hindi ako useless,18,10/21/2024 21:00,uploaded,https://www.facebook.com/thesugarcaneph/videos/540402961919036/,0,0,Videos,,,,,Lifetime,3764,3036,210,184,7,19,160,160,,,20779.675,6.679,0.04,
1111173783702960.00,100044310645639.00,SUGARCANE,Hala siya si delulu nanaman…,Hala siya si delulu nanaman…,11,10/21/2024 5:56,N/A,https://www.facebook.com/reel/861468582804314/,0,0,Reels,,,,,Lifetime,69165,59889,1266,1061,25,180,0,,,,374236.402,6.723,0,
1111059203714420.00,100044310645639.00,SUGARCANE,"Napanood mo na ba ang ""Pagbigyan"" sa Wish 107.5? 🪢

Watch full video here: https://www.youtube.com/watch?v=UpAVv4xRVeI","Napanood mo na ba ang ""Pagbigyan"" sa @[100068759755012:2048:Wish 107.5]? 🪢

Watch full video here: https://www.youtube.com/watch?v=UpAVv4xRVeI",83,10/21/2024 2:19,N/A,https://www.facebook.com/thesugarcaneph/videos/554981986934942/,0,0,Videos,,,,,Lifetime,4862,5361,339,319,6,14,218,209,,9,46185.42,10.229,0.05,
1110964507057220.00,100044310645639.00,SUGARCANE,"Ah panis takot ka raw masaktan, payag ka nun? Pakitaan mo nga kung gaano ka parin katapang kahit mag-isa ka nalang lumalaban! 

Eme see you sa October 26, sa Jess & Pat's! 👻",,0,10/20/2024 22:51,N/A,https://www.facebook.com/thesugarcaneph/posts/pfbid0cPvBK1ZhvcweJtF3BC7t2URUiVCJwZ5k53ZQGXvtfiLXRJGMeJWRUMVou3iLcofYl,0,1,Photos,,,,,Lifetime,9053,6359,166,156,6,4,258,202,56,,,,,
1110346770452330.00,100044310645639.00,SUGARCANE,Hirap naman ng ganito 😮‍💨,Hirap naman ng ganito 😮‍💨,18,10/20/2024 2:09,N/A,https://www.facebook.com/reel/2358209871203749/,1,0,Reels,,,,,Lifetime,176397,173480,12204,8809,921,2474,0,,,,714892.225,4.385,0,
1110196997133970.00,100044310645639.00,SUGARCANE,Magrereply pa kaya to guys?,Magrereply pa kaya to guys?,18,10/19/2024 21:04,N/A,https://www.facebook.com/reel/1373375266956646/,0,0,Reels,,,,,Lifetime,3927,3461,212,192,9,11,0,,,,23194.581,6.758,0,
1109795350507470.00,100044310645639.00,SUGARCANE,Huling sulyap mo manlang sanaaaaaa,Huling sulyap mo manlang sanaaaaaa,20,10/19/2024 7:34,N/A,https://www.facebook.com/reel/591961626488544/,0,0,Reels,,,,,Lifetime,10892,10607,509,435,27,47,0,,,,52720.081,5.343,0,
1109004150586590.00,100044310645639.00,SUGARCANE,"Feel mo babalik pa siya? ito, ginawan ka namin ng kanta 😝","Feel mo babalik pa siya? ito, ginawan ka namin ng kanta 😝",51,10/18/2024 5:39,uploaded,https://www.facebook.com/thesugarcaneph/videos/1059443655416233/,0,0,Videos,,,,,Lifetime,8527,8367,604,500,42,62,551,549,,2,64530.47,8.474,0.08,
1108939830593020.00,100044310645639.00,SUGARCANE,👀,We recently wrote a song para sa mga bilanggo ng nakaraan. Anong tingin nyo? Release na ba namin? 👀,65,10/18/2024 3:41,N/A,https://www.facebook.com/thesugarcaneph/videos/1057424222374814/,0,0,Videos,,,,,Lifetime,10544,10711,655,548,31,76,421,418,,3,77652.725,8.131,0.06,
1103704027783270.00,100044310645639.00,SUGARCANE,"IVOS was really an inspiration for us as a band, especially when we were starting palang. Kaya we wanted to congratulate them for “Come Inside of My Heart”,  surpassing 200M streams on Spotify!! ❤️‍🔥","IVOS was really an inspiration for us as a band, especially when we were starting palang. Kaya we wanted to congratulate them for “Come Inside of My Heart”,  surpassing 200M streams on Spotify!! ❤️‍🔥

@[100064878091978:2048:Warner Music Philippines]",68,10/11/2024 5:54,mixed,https://www.facebook.com/thesugarcaneph/videos/8438030399647884/,0,0,Videos,,,,,Lifetime,12787,13430,745,665,19,61,765,761,,4,94386.866,8.007,0.07,
1102925937861080.00,100044310645639.00,SUGARCANE,We’ll be live tomorrow on Nestlé’s TikTok account at 3:30PM. See you all there! ☕️,We’ll be live tomorrow on Nestlé’s TikTok account at 3:30PM. See you all there! ☕️,18,10/10/2024 6:11,N/A,https://www.facebook.com/thesugarcaneph/videos/495766376619655/,0,0,Videos,,,,,Lifetime,2673,2796,128,117,2,9,33,33,,,7051.413,2.977,0,1
1100650138088660.00,100044310645639.00,SUGARCANE,"Salamat sa lahat ng pumunta at nakisaya sa Circus Music Festival!! Sana nag enjoy kayo sa ating zumba session eme 🤣 

📹: Noel Macadangdang & Ivan Aguillon of ACNM Media","Salamat sa lahat ng pumunta at nakisaya sa @[100086305240138:2048:Circus Music Festival]!! Sana nag enjoy kayo sa ating zumba session eme 🤣 

📹: @[1848451282:2048:Noel Macadangdang] & @[1795655190:2048:Ivan Aguillon] of @[100080065946395:2048:ACNM Media]",98,10/7/2024 3:01,N/A,https://www.facebook.com/thesugarcaneph/videos/560327703006057/,1,0,Videos,,,,,Lifetime,4753,4097,360,323,13,24,160,160,,,35140.695,8.266,0.01,
1097880448365630.00,100044310645639.00,SUGARCANE,"Live performance of ""Pagbigyan"" on Wish 107.5 Bus","PAGBIGYAN ANG DINARAMDAM!

Live performance of ""Pagbigyan"" on Wish 107.5 Bus 🪢

Watch full video here: https://youtu.be/UpAVv4xRVeI?si=HkeGzuhZwO6bW097",46,10/3/2024 6:14,N/A,https://www.facebook.com/thesugarcaneph/videos/903316918362040/,0,0,Videos,,,,,Lifetime,10436,8022,999,879,27,93,605,581,,24,79807.312,8.811,0.05,
1097699331717070.00,100044310645639.00,SUGARCANE,“Pagbigyan” on Wish 107.5 premieres later at 9PM 🪢,,0,10/3/2024 0:48,N/A,https://www.facebook.com/thesugarcaneph/posts/pfbid02y5hVLJBbZSdjJdNREhGrNkuW2HpZyYCAXnWaXAbhAnngj2fFZV5VLbf1oYMBzKp3l,0,1,Photos,,,,,Lifetime,9667,6893,260,246,5,9,199,136,63,,,,,
1097082075112130.00,100044310645639.00,SUGARCANE,Wishing the happiest of birthdays to our drummer & one-and-only wordsmith! 🥁📝,,0,10/2/2024 5:10,N/A,https://www.facebook.com/thesugarcaneph/posts/pfbid02S2pktJbzkMUEJ6dvYSRB2M9LF2Aat6LQQHXL92JeDtwQ98v4L57AhWbdZNMmDJ7ql,0,0,Photos,,,,,Lifetime,18325,12623,810,692,96,22,596,508,88,,,,,
