Content,Video title,Video publish time,Duration,Impressions,Impressions click-through rate (%),Average views per viewer,New viewers,Subscribers gained,Subscribers lost,Likes,Shares,Comments added,Views,Watch time (hours),Average view duration,Average view duration (sec),Year,Month,Day,Day_of_Week,Hour,Cluster,Performance Label
hOf7m31ZvgQ,SUGARCANE - Leonora (Official Lyric Video),2023-03-30,235.0,191598507,8.14,,,50642,1166,139365,226724,2817,36513253,1985592.122,0 days 00:03:15,195.0,2023,3,30,Thursday,0,1,High Performance
e_my_QCalLI,SUGARCANE - Leonora (Official Music Video),2023-04-14,298.0,122648350,5.85,,,45223,869,121705,46044,2462,13935088,797371.135,0 days 00:03:25,205.0,2023,4,14,Friday,0,2,Medium Performance
GsU4LYHeoUU,"SUGARCANE - Paalam, Leonora (Official Lyric Visualizer)",2023-04-27,264.0,18724150,7.62,,,10067,177,32034,22462,773,2956969,160882.5557,0 days 00:03:15,195.0,2023,4,27,Thursday,0,0,Low Performance
gsYQX9lDkBw,SUGARCANE - Kung Maging Akin Ka (Official Lyric Video),2021-02-13,254.0,14740985,7.95,,,6879,111,19155,27744,837,2891517,167984.1115,0 days 00:03:29,209.0,2021,2,13,Saturday,0,0,Low Performance
JmwJUB5TEbo,SUGARCANE - Leonora (Lyrics),2023-12-13,232.0,13724747,9.45,,,0,0,7160,14949,177,2733533,140982.2018,0 days 00:03:05,185.0,2023,12,13,Wednesday,0,0,Low Performance
Rw8x2trAZZ0,SUGARCANE - Dalangin (Official Lyrics & Chords),2021-07-31,343.0,12141725,8.0,,,7210,113,17089,19228,552,2149921,152970.1698,0 days 00:04:16,256.0,2021,7,31,Saturday,0,0,Low Performance
EBqRQKbJA9g,"SUGARCANE, JC Herrero - Paruparo (Official Lyrics & Chords)",2022-07-07,297.0,9399638,8.68,,,5045,66,11520,19674,368,1578276,98156.315,0 days 00:03:43,223.0,2022,7,7,Thursday,0,0,Low Performance
xQDZ4SjYVkk,SUGARCANE - Gunita (Official Lyric Video),2020-07-05,332.0,8400601,8.22,,,5201,71,13738,15330,645,1518975,105761.6888,0 days 00:04:10,250.0,2020,7,5,Sunday,0,0,Low Performance
MrDnh6CACCk,"SUGARCANE, JC Herrero - Paruparo (Official Music Video)",2022-07-16,304.0,7434792,7.74,,,6128,87,18570,7476,703,930504,44966.6751,0 days 00:02:53,173.0,2022,7,16,Saturday,0,0,Low Performance
_pOmGWTmuek,Leonora,2023-03-30,235.0,6141837,5.91,,,23,0,47236,13223,181,6793812,327186.5992,0 days 00:02:53,173.0,2023,3,30,Thursday,0,0,Low Performance
BUxdzinLdLM,"SUGARCANE, Angelica Gantang - Sinehan (Official Music Video)",2023-09-24,217.0,4850453,7.0,,,3282,42,15270,3466,594,508718,17953.5511,0 days 00:02:07,127.0,2023,9,24,Sunday,0,0,Low Performance
fZOMwXxQmqs,SUGARCANE - Maria Clara (Official Lyric Video),2024-03-07,274.0,4201973,7.52,,,2302,37,9596,8385,353,643878,35279.3764,0 days 00:03:17,197.0,2024,3,7,Thursday,0,0,Low Performance
rehKbRxoxTo,SUGARCANE - Maria Clara (Official Music Video),2024-03-22,278.0,3237013,7.04,,,2305,60,8651,3298,247,571957,27261.3604,0 days 00:02:51,171.0,2024,3,22,Friday,0,0,Low Performance
akq03K3qGPQ,Leonora (Lyrics) - Sugarcane,2023-07-24,232.0,3049213,7.39,,,0,0,1518,2117,24,434551,20379.7328,0 days 00:02:48,168.0,2023,7,24,Monday,0,0,Low Performance
zUI2DdV2anI,Kung Maging Akin Ka,2022-03-10,254.0,2962120,6.41,,,243,9,14095,6947,138,1562428,79761.7871,0 days 00:03:03,183.0,2022,3,10,Thursday,0,0,Low Performance
YkKJclV7viE,Dalangin,2022-03-10,342.0,2950673,6.17,,,28,1,8108,3736,100,862218,55651.9026,0 days 00:03:52,232.0,2022,3,10,Thursday,0,0,Low Performance
0OxubinizpE,Sugarcane - Leonora - We Play Here Live,2023-06-09,250.0,2711367,4.96,,,0,0,2737,696,70,321412,17475.7877,0 days 00:03:15,195.0,2023,6,9,Friday,0,0,Low Performance
keG9p9k3Ff8,SUGARCANE - Leonora (Official Instrumental/Karaoke),2023-04-22,231.0,2689812,15.76,,,1877,36,7430,32137,121,520963,17611.9389,0 days 00:02:01,121.0,2023,4,22,Saturday,0,0,Low Performance
vkHm5QbiocA,SUGARCANE - Tanging Ikaw (Official Lyric Visualizer),2025-01-30,183.0,2479415,9.06,,,2167,40,11611,9041,482,1046360,33298.5018,0 days 00:01:54,114.0,2025,1,30,Thursday,0,0,Low Performance
k6KDDSfzNlY,SUGARCANE - Gabi (Official Lyric Video),2020-02-01,226.0,2467952,9.6,,,1987,49,5747,6749,310,506952,23024.7431,0 days 00:02:43,163.0,2020,2,1,Saturday,0,0,Low Performance
_GdOhSZNlMU,Paruparo,2022-07-07,297.0,1868958,6.6,,,166,5,11731,4299,108,1123899,64292.4667,0 days 00:03:25,205.0,2022,7,7,Thursday,0,0,Low Performance
GP3nyBDsQaI,Leonora   Sugarcane (Lyrics),2023-08-04,233.0,1849688,6.97,,,0,0,720,1057,11,287623,13885.2159,0 days 00:02:53,173.0,2023,8,4,Friday,0,0,Low Performance
KFG4be-m_LU,"Paalam, Leonora",2023-04-27,260.0,1441793,6.9,,,0,0,13265,3439,130,1330500,67389.1874,0 days 00:03:02,182.0,2023,4,27,Thursday,0,0,Low Performance
bOfg_TvuqqY,Leonora (Live at The Cozy Cove) https://youtu.be/bgGNtj2ubcM,2023-06-22,58.0,1403036,1.74,,,181,7,2495,114,26,42165,414.2707,0 days 00:00:36,36.0,2023,6,22,Thursday,0,0,Low Performance
AjgbJeYUEhU,SUGARCANE - Bituin (Official Lyric Video),2019-07-25,199.0,1370555,8.92,,,1067,24,3700,4371,182,286235,12584.3035,0 days 00:02:38,158.0,2019,7,25,Thursday,0,0,Low Performance
AQF2wFy8cVc,SUGARCANE - Leonora (Official Guitar Chords),2023-04-20,237.0,1367001,12.68,,,1137,24,4149,1452,118,212293,6079.2824,0 days 00:01:43,103.0,2023,4,20,Thursday,0,0,Low Performance
EQxz6zL9RFI,SUGARCANE - Leonora (Official Flute Notes),2023-04-30,231.0,1234495,9.64,,,1372,26,4721,1855,172,172297,5333.5095,0 days 00:01:51,111.0,2023,4,30,Sunday,0,0,Low Performance
2QMGl988H1s,Leonora - Sugarcane (karaoke version),2023-08-01,239.0,1207186,14.74,,,0,0,592,770,11,206782,8328.5863,0 days 00:02:24,144.0,2023,8,1,Tuesday,0,0,Low Performance
a3J1bDtNyU8,SUGARCANE - Reside [ft. Angel] (Official Lyric Video),2020-12-20,279.0,1001055,8.49,,,616,8,3016,3086,260,192352,11057.3563,0 days 00:03:26,206.0,2020,12,20,Sunday,0,0,Low Performance
2AB-Jmon_mQ,"SUGARCANE, Angelica Gantang - Sinehan (Official Lyric Video)",2023-09-21,197.0,984922,7.4,,,569,7,2911,2644,207,145193,6614.5254,0 days 00:02:44,164.0,2023,9,21,Thursday,0,0,Low Performance
Ej63qEIRnpU,SUGARCANE - Lagi Na Lang (Official Lyric Visualizer),2024-11-07,250.0,895088,6.31,,,559,7,2765,1873,182,154630,8203.7028,0 days 00:03:10,190.0,2024,11,7,Thursday,0,0,Low Performance
ipnJvVYChjI,Gunita,2022-03-10,329.0,824046,4.69,,,4,0,3514,1595,25,404991,25948.7142,0 days 00:03:50,230.0,2022,3,10,Thursday,0,0,Low Performance
1cnvopHH5vo,"SUGARCANE - Paalam, Leonora (Official Guitar Chords)",2023-06-23,260.0,698877,6.87,,,303,8,1446,558,54,64511,2276.2483,0 days 00:02:07,127.0,2023,6,23,Friday,0,0,Low Performance
2gztejvb-YQ,SUGARCANE - Set You Free (Official Audio),2023-11-23,278.0,643974,5.45,,,182,2,969,853,66,87679,5162.3259,0 days 00:03:31,211.0,2023,11,23,Thursday,0,0,Low Performance
Mlx4aXDEXBg,SUGARCANE- LEONORA (LYRICS),2023-10-02,230.0,616322,7.9,,,0,0,220,522,2,100724,4662.3782,0 days 00:02:46,166.0,2023,10,2,Monday,0,0,Low Performance
NvLyyyuB8Yc,Sugarcane - Pagbigyan (Official Music Video),2024-07-26,290.0,580889,5.21,,,275,2,1912,776,154,68870,3376.0135,0 days 00:02:56,176.0,2024,7,26,Friday,0,0,Low Performance
Ni8gOu4a7Yg,Leonora,2023-04-27,235.0,558871,3.92,,,0,0,3420,562,12,598851,27425.8537,0 days 00:02:44,164.0,2023,4,27,Thursday,0,0,Low Performance
HxwXU6WTUDQ,Leonora üî• #shorts #leonora #davecarlos,2023-09-08,46.0,541701,1.31,,,0,0,642,25,25,12722,83.5028,0 days 00:00:25,25.0,2023,9,8,Friday,0,0,Low Performance
WBKEoCpr33o,SUGARCANE - Paruparo (Official Instrumental/Karaoke),2022-07-23,297.0,538605,9.1,,,229,4,685,1045,19,61184,2399.3196,0 days 00:02:21,141.0,2022,7,23,Saturday,0,0,Low Performance
NQBRpBlCzvE,SUGARCANE feat. Jikamarie - Aking Maria Clara (Official Lyric Visualizer),2024-05-23,251.0,527646,4.99,,,275,5,1588,851,115,70718,3160.3273,0 days 00:02:40,160.0,2024,5,23,Thursday,0,0,Low Performance
8ypKTFiLoXY,SUGARCANE/LEONORA,2023-08-28,232.0,496763,5.4,,,0,0,100,146,0,46429,2092.1378,0 days 00:02:42,162.0,2023,8,28,Monday,0,0,Low Performance
HrlouUIBk2M,SUGARCANE - Leonora (starring Klay and Fidel of Maria Clara at Ibarra) FMV,2023-06-24,240.0,413429,6.54,,,0,0,552,149,15,43548,1753.1321,0 days 00:02:24,144.0,2023,6,24,Saturday,0,0,Low Performance
mu9D2TJG7C8,SUGARCANE - Dalangin (Official Instrumental/Karaoke),2021-08-01,342.0,395120,8.39,,,239,8,734,716,23,55162,1884.8859,0 days 00:02:03,123.0,2021,8,1,Sunday,0,0,Low Performance
SPe1-l05MlE,Gunita - Sugarcane (lyrics) | MALyrics,2021-09-18,330.0,388460,11.85,,,0,0,408,1025,11,77577,4502.5036,0 days 00:03:28,208.0,2021,9,18,Saturday,0,0,Low Performance
_PnBjv7uv3s,SUGARCANE - Kung Maging Akin Ka (Official Instrumental/Karaoke),2021-07-30,254.0,387588,10.21,,,253,4,966,931,39,50237,1942.8811,0 days 00:02:19,139.0,2021,7,30,Friday,0,0,Low Performance
vY9G3NbEyLU,#song #leonora #musica,2023-06-09,61.0,368921,3.9,,,0,0,637,116,6,22225,265.2373,0 days 00:00:48,48.0,2023,6,9,Friday,0,0,Low Performance
uT7VxKrKTi0,SUGARCANE - Paruparo (Official Guitar Chords),2022-07-20,299.0,348412,5.79,,,130,2,629,168,19,27155,1249.1702,0 days 00:02:45,165.0,2022,7,20,Wednesday,0,0,Low Performance
5sDcsv9PzBk,Leonora - Sugarcane (Lyrics) #leonora #lyrics #sugarcane  #opm,2023-07-16,230.0,343002,9.98,,,0,0,187,289,10,61951,3038.0771,0 days 00:02:56,176.0,2023,7,16,Sunday,0,0,Low Performance
gYj6SadNK8Y,SUGARCANE - Leonora (Lead Guitar Playthrough),2023-05-03,42.0,337099,6.5,,,78,1,503,133,28,25735,219.6676,0 days 00:00:30,30.0,2023,5,3,Wednesday,0,0,Low Performance
lUIQWNk_djg,Uhaw - Dilaw #fypmusic #dilaw #uhaw #uhawtayonglahat,2023-03-13,61.0,308849,3.14,,,76,2,776,54,11,24261,251.2039,0 days 00:00:37,37.0,2023,3,13,Monday,0,0,Low Performance
p36OA968Z9M,Ang pagbabalik ng SUGARCANE sa Youtube Shorts,2023-09-10,31.0,294045,1.42,,,23,0,445,6,8,7145,38.6863,0 days 00:00:19,19.0,2023,9,10,Sunday,0,0,Low Performance
MJPyA1rAqPc,LOOK HOW GENTLE ANDRES WHEN IT COMES TO HIS GIRLFRIEND ü§≠üëÄ#ashdres,2025-04-27,29.0,293702,11.05,,,0,0,6104,161,18,186005,649.3638,0 days 00:00:22,22.0,2025,4,27,Sunday,0,0,Low Performance
u5gecXDsigg,SUGARCANE - Leonora (Keyboard Playthrough),2023-05-20,149.0,285515,4.13,,,53,1,404,106,13,17183,270.3575,0 days 00:00:56,56.0,2023,5,20,Saturday,0,0,Low Performance
5Jp6BaWEYD8,Sugarcane - Pagbigyan (Official Lyric Video),2024-09-07,285.0,272582,5.81,,,82,1,696,528,43,34418,1906.738,0 days 00:03:19,199.0,2024,9,7,Saturday,0,0,Low Performance
5yzQnL0cDk0,SUGARCANE - Gunita (Official Instrumental/Karaoke),2020-07-25,329.0,263184,9.06,,,109,2,530,814,116,29664,1245.3503,0 days 00:02:31,151.0,2020,7,25,Saturday,0,0,Low Performance
oTr3uOMrZQo,SUGARCANE - Paruparo (Official Lead Guitar Tabs),2022-08-01,299.0,252412,3.44,,,71,2,272,76,13,11064,293.9868,0 days 00:01:35,95.0,2022,8,1,Monday,0,0,Low Performance
-t2aDu8oExI,Sugarcane - Pagbigyan (Official Audio),2024-07-25,285.0,234171,4.06,,,108,1,859,406,106,17819,950.4944,0 days 00:03:12,192.0,2024,7,25,Thursday,0,0,Low Performance
OEhfXE359To,Leonora Solo | Sugarcane #shorts,2023-05-13,44.0,223759,1.23,,,0,0,205,8,3,6243,36.7662,0 days 00:00:22,22.0,2023,5,13,Saturday,0,0,Low Performance
LAo4KBYreu4,Kung maging akin ka (lyrics) - Sugarcane,2022-12-11,255.0,221457,7.77,,,0,0,191,439,5,29104,1416.6198,0 days 00:02:55,175.0,2022,12,11,Sunday,0,0,Low Performance
SdwZbxVGteY,Leonora (Lyrics) | By: Sugarcane,2023-12-21,235.0,220109,5.58,,,0,0,52,47,1,23538,1075.5919,0 days 00:02:44,164.0,2023,12,21,Thursday,0,0,Low Performance
ian-_SiH3-o,FranSeth super comfy na talaga sa isa't isa üíô Francine Diaz | Seth Fedelin,2023-10-03,16.0,215884,6.71,,,0,0,4468,32,42,56065,274.2765,0 days 00:00:18,18.0,2023,10,3,Tuesday,0,0,Low Performance
y-oFGpW0lGo,Oo - UDD | Garden Sessions,2023-05-17,61.0,212688,1.7,,,23,0,310,8,5,6430,44.4813,0 days 00:00:25,25.0,2023,5,17,Wednesday,0,0,Low Performance
g1cFcSarLRA,Leonora/Sugarcane,2023-06-20,39.0,212103,1.43,,,0,0,97,7,0,5944,32.8793,0 days 00:00:22,22.0,2023,6,20,Tuesday,0,0,Low Performance
tm7fRlt0jt8,SUGARCANE - Maria Clara (Official Instrumental/Karaoke),2024-05-10,275.0,197643,6.51,,,43,0,334,856,15,17952,451.7383,0 days 00:01:30,90.0,2024,5,10,Friday,0,0,Low Performance
vgwU-nIBQaQ,Sugarcane - Pagbigyan feat. Gian of Cup of Joe (Live at We Play Here UP),2024-11-07,335.0,193731,5.04,,,75,1,551,177,23,17555,1116.9123,0 days 00:03:49,229.0,2024,11,7,Thursday,0,0,Low Performance
zkINZkApD24,SUGARCANE - Rainbow | ¬© South Border,2021-10-18,311.0,189090,4.07,,,90,4,520,53,48,10920,326.5281,0 days 00:01:47,107.0,2021,10,18,Monday,0,0,Low Performance
4e6Qqx7aQQ4,SUGARCANE - Maria Clara (Official Music Video - BTS),2024-04-13,129.0,187580,4.24,,,30,1,282,54,15,12682,161.8094,0 days 00:00:45,45.0,2024,4,13,Saturday,0,0,Low Performance
1Pyj2p9OK8k,OUT NOW! https://youtu.be/BUxdzinLdLM?si=xcF3fdqgpx5Vs2R_,2023-09-24,29.0,182009,0.82,,,9,0,158,3,1,2150,8.9071,0 days 00:00:15,15.0,2023,9,24,Sunday,0,0,Low Performance
8KRTmSyW0sI,Paruparo (lyrics) Sugarcane & JC Herrero,2022-11-26,302.0,179264,10.74,,,0,0,165,284,0,30431,1709.5536,0 days 00:03:22,202.0,2022,11,26,Saturday,0,0,Low Performance
hMS4Z6Z1wAo,Sugarcane - Kwentong Sinehan Ft. Francine Diaz,2023-10-10,452.0,178255,4.2,,,99,3,726,59,45,10065,417.1819,0 days 00:02:29,149.0,2023,10,10,Tuesday,0,0,Low Performance
NALK8z36zYg,Maria Clara At Ibarra - Leonora | Clarisostomo FMV,2023-07-03,223.0,178007,10.03,,,0,0,529,656,13,25658,739.9821,0 days 00:01:43,103.0,2023,7,3,Monday,0,0,Low Performance
5QMcl3nktj4,Bituin (Live) | from UP Fair: Cosmic Clash 2021 (Stand with Farmers),2021-02-11,204.0,173626,4.18,,,89,4,467,64,53,12620,450.1431,0 days 00:02:08,128.0,2021,2,11,Thursday,0,0,Low Performance
fTA4-h8c0Qk,SUGARCANE - Sinehan (Official Instrumental/Karaoke),2023-10-07,200.0,171588,4.44,,,35,3,182,144,12,9782,271.8273,0 days 00:01:40,100.0,2023,10,7,Saturday,0,0,Low Performance
zEipacYBckY,"Paalam, Leonora | Sugarcane (Lyrics)",2023-07-20,266.0,159666,12.88,,,0,0,170,491,5,30553,1585.5557,0 days 00:03:06,186.0,2023,7,20,Thursday,0,0,Low Performance
CRsgJrc-6eg,SUGARCANE - Reside [ft. Angel] (Official Instrumental/Karaoke),2021-02-10,279.0,153339,4.64,,,37,3,218,212,20,9090,270.0874,0 days 00:01:46,106.0,2021,2,10,Wednesday,0,0,Low Performance
_67ogpekd-4,Leonora (MV) | Official Trailer | 04-14-23 | 8PM,2023-04-12,16.0,146813,4.14,,,71,0,415,83,23,24324,77.9692,0 days 00:00:11,11.0,2023,4,12,Wednesday,0,0,Low Performance
5wHB2p5wUDM,Leonora - SUGARCANE üòçüíñ #shorts #leonora #sugarcane #opmcover  #shortscoversong #shortscover #opm,2023-05-01,40.0,146332,1.41,,,0,0,104,3,1,4314,18.1408,0 days 00:00:15,15.0,2023,5,1,Monday,0,0,Low Performance
HgYJOkwiFRQ,Horses in Kalesa üáµüá≠ #travel #kabayo #kalesa #manila #philippines #fyp #fyp„Ç∑ #trees,2023-09-17,16.0,146233,2.05,,,0,0,225,10,3,18396,59.5602,0 days 00:00:16,16.0,2023,9,17,Sunday,0,0,Low Performance
Fxyaqk9E_RE,SUGARCANE - Sinehan (Flute Playthrough),2023-11-11,75.0,140977,3.44,,,18,3,82,22,3,5762,41.85,0 days 00:00:26,26.0,2023,11,11,Saturday,0,0,Low Performance
xcWC_TIm_ms,SUGARCANE - leonora (lyrics),2023-12-30,223.0,139108,4.73,,,0,0,29,41,1,12221,502.3811,0 days 00:02:27,147.0,2023,12,30,Saturday,0,0,Low Performance
hCWcY5f2fHk,"‚ÄúùêåùêÄùêëùêàùêÄ ùêÇùêãùêÄùêëùêÄ‚Äù ùêåùêîùêíùêàùêÇ ùêïùêàùêÉùêÑùêé, ùêéùêîùêì ùêçùêéùêñ! üíÉüèΩ youtu.be/rehKbRxoxTo",2024-03-25,15.0,138854,1.36,,,12,0,162,5,7,3403,12.2157,0 days 00:00:13,13.0,2024,3,25,Monday,0,0,Low Performance
zVSZpoDnXVo,SUGARCANE - Gabi (Official Instrumental/Karaoke),2020-03-01,228.0,138398,6.89,,,47,1,244,193,2,12231,349.7782,0 days 00:01:42,102.0,2020,3,1,Sunday,0,0,Low Performance
lN-FoVNuV0I,SUGARCANE - Sinehan (Piano Playthrough),2023-10-15,176.0,133187,2.03,,,17,4,112,32,9,4360,89.8971,0 days 00:01:14,74.0,2023,10,15,Sunday,0,0,Low Performance
-EOOEaKRudw,Sugarcane - Leonora (Lyric Video),2023-07-29,235.0,132802,7.05,,,0,0,46,73,1,15177,707.0073,0 days 00:02:47,167.0,2023,7,29,Saturday,0,0,Low Performance
hmR2BC8ciaA,SUGARCANE - Tanging Ikaw (Harana Ver.),2025-07-03,181.0,123373,6.11,,,53,3,549,225,46,17060,600.1416,0 days 00:02:06,126.0,2025,7,3,Thursday,0,0,Low Performance
l5Rlvnye568,SUGARCANE - Maria Clara (MV Teaser),2024-03-21,18.0,121891,1.22,,,12,0,306,6,7,3495,15.4852,0 days 00:00:16,16.0,2024,3,21,Thursday,0,0,Low Performance
qHUOfwmStII,DALANGIN || Sugarcane (Lyrics),2023-07-05,343.0,116265,8.67,,,0,0,85,185,0,15180,783.1279,0 days 00:03:05,185.0,2023,7,5,Wednesday,0,0,Low Performance
TuicCKwBZSQ,my loveeeüíõüíõ #runcavmanagement @runcavmanagement5845 @rhajalanelabuanan9816,2024-01-14,17.0,113790,0.86,,,0,0,936,2,11,10613,22.7378,0 days 00:00:07,7.0,2024,1,14,Sunday,0,0,Low Performance
E_VtfIWJPoo,Sugarcane - Set You Free (Warner 30th),2023-11-27,278.0,113092,6.95,,,0,0,136,158,8,14741,837.301,0 days 00:03:24,204.0,2023,11,27,Monday,0,0,Low Performance
vyaYwQYntNM,SUGARCANE - Maria Clara (Guitar Playthrough),2024-04-05,274.0,112740,3.51,,,17,1,123,30,9,5120,115.6499,0 days 00:01:21,81.0,2024,4,5,Friday,0,0,Low Performance
hT3NbsHW8Pk,SUGARCANE - Set You Free (Official Instrumental/Karaoke),2024-02-10,277.0,112377,2.5,,,13,0,74,33,6,3853,122.9455,0 days 00:01:54,114.0,2024,2,10,Saturday,0,0,Low Performance
lzycDgyWj2U,SUGARCANE - Sinehan (Acoustic Guitar Playthrough),2023-10-29,135.0,111877,3.0,,,14,4,130,14,3,4860,102.4088,0 days 00:01:15,75.0,2023,10,29,Sunday,0,0,Low Performance
lpSkJrNR4BY,Dalangin (lyrics) - Sugarcane,2022-12-03,343.0,111665,7.35,,,0,0,101,156,4,13017,749.1349,0 days 00:03:27,207.0,2022,12,3,Saturday,0,0,Low Performance
ESqBzVZc8rk,Leonora flute coverüéß SUGARCANE Instrumental: https://youtu.be/keG9p9k3Ff8?si=l6a6hFIkXnJSaj0J,2024-07-10,229.0,110041,8.61,,,0,0,401,346,27,12539,360.5232,0 days 00:01:43,103.0,2024,7,10,Wednesday,0,0,Low Performance
iCwRkxNURP4,Leonora by Sugarcane,2023-12-18,235.0,110021,7.39,,,0,0,40,69,0,16703,751.9094,0 days 00:02:42,162.0,2023,12,18,Monday,0,0,Low Performance
fqVpq1OweWg,SUGARCANE feat. Jikamarie - Aking Maria Clara (Official Instrumental/Karaoke),2024-07-02,268.0,109119,2.16,,,10,1,78,32,7,3212,43.8877,0 days 00:00:49,49.0,2024,7,2,Tuesday,0,0,Low Performance
di6fRrTF0Is,Leonora - Sugarcane (A cover),2023-10-07,235.0,106690,7.84,,,0,0,232,156,20,11358,385.4795,0 days 00:02:02,122.0,2023,10,7,Saturday,0,0,Low Performance
vsk-wCBjhmY,"Reside (Live) | from UP Political Society‚Äôs ‚ÄúDiwa ng Pasko: Handog sa Pilipino""",2020-12-27,281.0,101934,2.36,,,12,2,161,22,22,3528,109.6692,0 days 00:01:51,111.0,2020,12,27,Sunday,0,0,Low Performance
xCvmrcDSqqI,SUGARCANE - Bituin (Official Instrumental/Karaoke),2020-03-14,199.0,101465,6.09,,,35,0,187,130,11,8215,211.3568,0 days 00:01:32,92.0,2020,3,14,Saturday,0,0,Low Performance
Kxt1HfT3H2w,Leonora by @thesugarcaneph #live #music #opmsong #leonora #cover #opmsong,2023-07-18,61.0,97326,1.51,,,0,0,121,16,5,3886,28.272,0 days 00:00:28,28.0,2023,7,18,Tuesday,0,0,Low Performance
IUtnxcLKt-k,Leonora - Sugarcane #edit #lyrics,2023-05-19,31.0,93560,0.9,,,0,0,87,23,3,2612,15.7293,0 days 00:00:25,25.0,2023,5,19,Friday,0,0,Low Performance
CS7q0VYV07s,Bituin,2022-03-10,200.0,93166,6.71,,,3,0,1401,512,9,178865,6996.0544,0 days 00:02:20,140.0,2022,3,10,Thursday,0,0,Low Performance
2wI4PVr_xE8,Kung Maging Akin Ka - Sugarcane (Guitar Cover),2021-02-15,251.0,87669,10.27,,,0,0,431,80,48,12088,483.051,0 days 00:02:23,143.0,2021,2,15,Monday,0,0,Low Performance
ewakdo_NcXo,Leonora - Sugarcane (Lyrics),2023-08-15,233.0,86817,8.4,,,0,0,32,59,3,13652,647.3689,0 days 00:02:50,170.0,2023,8,15,Tuesday,0,0,Low Performance
0-I8wry1dyA,SUGARCANE - Kung Maging Akin Ka [Lyrics],2023-01-31,254.0,86063,9.64,,,0,0,70,173,6,14211,690.8688,0 days 00:02:55,175.0,2023,1,31,Tuesday,0,0,Low Performance
02VmufsqSck,Reside,2022-03-10,279.0,85096,5.81,,,1,0,899,345,5,91043,4877.8493,0 days 00:03:12,192.0,2022,3,10,Thursday,0,0,Low Performance
qdiCjYX4HYk,SUGARCANE - Sinehan (Lead Playthrough),2024-02-12,108.0,85040,2.26,,,7,1,54,11,3,2674,29.8254,0 days 00:00:40,40.0,2024,2,12,Monday,0,0,Low Performance
Zgq88-A0tuk,Sugarcane - Leonora ( Lyrics ),2023-07-24,229.0,83221,7.91,,,0,0,23,28,1,10229,462.5342,0 days 00:02:42,162.0,2023,7,24,Monday,0,0,Low Performance
saae8_uzfho,Bituin - Sugarcane (Lyric Video),2022-08-27,199.0,83128,7.83,,,0,0,96,102,4,8837,247.9627,0 days 00:01:41,101.0,2022,8,27,Saturday,0,0,Low Performance
qFEUS_FiZMc,[Karaoke Version] Leonora - Sugarcane,2023-10-23,250.0,82652,3.58,,,0,0,13,18,0,3347,95.3094,0 days 00:01:42,102.0,2023,10,23,Monday,0,0,Low Performance
orQyVLrwweg,Sugarcane - Leonora (Lyrics),2023-07-20,237.0,80757,7.83,,,0,0,56,32,4,10060,471.5845,0 days 00:02:48,168.0,2023,7,20,Thursday,0,0,Low Performance
JOZI6Hjbo7Y,Leonora by Sugarcane | Eb Alto Saxophone Sheet Music | Arranged by Ranz Bautista,2023-08-31,238.0,79395,14.75,,,0,0,128,218,4,15050,474.9623,0 days 00:01:53,113.0,2023,8,31,Thursday,0,0,Low Performance
8ttDJfERKlM,SUGARCANE - Dalangin (Teaser),2021-07-30,27.0,79022,2.41,,,6,3,169,24,51,2492,10.9723,0 days 00:00:15,15.0,2021,7,30,Friday,0,0,Low Performance
6Lg4_YYoi_8,Leonora,2023-07-25,31.0,78736,2.55,,,0,0,76,4,0,3649,17.7534,0 days 00:00:17,17.0,2023,7,25,Tuesday,0,0,Low Performance
sbOHaxeyrAw,SUGARCANE - Leonora (Guitar Cover),2024-05-07,34.0,78037,0.7,,,0,0,47,1,1,1512,6.8376,0 days 00:00:18,18.0,2024,5,7,Tuesday,0,0,Low Performance
0aHejc51-cU,I LOVE THIS OFF CAM MOMENTS OF ASHDRESü§≠ü´∂üëÄTHEY ARE SO NATURAL AND REAL‚ÄºÔ∏è#ashdres,2025-04-06,36.0,77648,8.65,,,0,0,3948,90,9,78805,298.843,0 days 00:00:23,23.0,2025,4,6,Sunday,0,0,Low Performance
PafWH2lNXmM,LEONORA | SUGARCANE (LYRICS) Ang Dating Tamis ng Pagsasama Nasan na?,2023-07-19,239.0,77125,10.43,,,0,0,91,130,0,13569,614.207,0 days 00:02:42,162.0,2023,7,19,Wednesday,0,0,Low Performance
s2HcyTz-WyM,Kayo lamang ang hiling na makasama,2024-04-17,53.0,76485,2.93,,,10,1,183,7,8,3287,23.2054,0 days 00:00:25,25.0,2024,4,17,Wednesday,0,0,Low Performance
ahJpLfpEX3k,SUGARCANE - Sinehan (Bass Playthrough),2024-02-11,115.0,75624,1.31,,,1,0,37,2,4,1235,16.695,0 days 00:00:48,48.0,2024,2,11,Sunday,0,0,Low Performance
ikUEtz1B8uI,Gunita (Live) | from Project I-Give: An FB Live Event for COVID-19 Efforts,2020-07-11,360.0,75016,6.23,,,121,2,376,85,47,7351,425.037,0 days 00:03:28,208.0,2020,7,11,Saturday,0,0,Low Performance
5rJkF6S8HsU,kung maging akin ka // sugarcane üéµ ( slowed + reverb ),2021-02-18,309.0,74961,7.34,,,0,0,154,124,17,10613,601.1452,0 days 00:03:23,203.0,2021,2,18,Thursday,0,0,Low Performance
5NasKMAsRGs,Leonora (Unofficial) Music Video - School Project,2023-12-18,241.0,72683,10.05,,,0,0,132,348,3,9178,208.3024,0 days 00:01:21,81.0,2023,12,18,Monday,0,0,Low Performance
79rc7OQVjjE,LEONORA- Sugarcane (lyrics),2023-10-01,235.0,72596,4.71,,,0,0,20,20,0,4452,159.2184,0 days 00:02:08,128.0,2023,10,1,Sunday,0,0,Low Performance
Kxj_unUJA7U,JANELLA SALVADOR | I Love You Since 1892 #janellasalvador #kapamilyachannel #marnella #ilys1892,2024-02-29,28.0,70125,1.36,,,0,0,95,0,0,2193,11.0354,0 days 00:00:19,19.0,2024,2,29,Thursday,0,0,Low Performance
xnCMG6TMnNQ,Gabi,2022-03-10,226.0,68877,6.5,,,1,0,1070,380,8,148101,6463.0752,0 days 00:02:37,157.0,2022,3,10,Thursday,0,0,Low Performance
_3LGqHhI0pM,Leonora - Sugarcane (Lyrics),2023-08-08,235.0,68111,6.57,,,0,0,15,21,0,7886,360.2914,0 days 00:02:44,164.0,2023,8,8,Tuesday,0,0,Low Performance
SudnpqFwtT8,SUGARCANE || LEONORA || Lyrics Video,2023-07-25,233.0,67577,7.18,,,0,0,33,36,0,7213,279.7704,0 days 00:02:19,139.0,2023,7,25,Tuesday,0,0,Low Performance
-NQ1r7KQ04c,leonora - sugarcane // slowed & reverb,2023-08-19,277.0,62832,12.12,,,0,0,109,128,5,14174,769.0585,0 days 00:03:15,195.0,2023,8,19,Saturday,0,0,Low Performance
XC1zekZvJu8,bituin - sugarcane (slowed+reverb),2020-08-15,227.0,62013,3.13,,,0,0,43,31,2,4657,162.557,0 days 00:02:05,125.0,2020,8,15,Saturday,0,0,Low Performance
JklwPguCg6M,Leonora lyrics By Sugarcane,2023-07-10,228.0,60298,8.23,,,0,0,29,28,0,8325,381.6533,0 days 00:02:45,165.0,2023,7,10,Monday,0,0,Low Performance
_xJNh1wwK9w,ang sakitüò≠ #90s #stefanomori #camilleprats #gimik,2024-03-10,22.0,60205,0.7,,,0,0,81,0,0,2360,10.9439,0 days 00:00:16,16.0,2024,3,10,Sunday,0,0,Low Performance
IARU1Mzn4g8,Padre Salvi | Alexei Jabez,2023-06-28,14.0,59982,1.48,,,0,0,26,0,1,1962,6.0722,0 days 00:00:12,12.0,2023,6,28,Wednesday,0,0,Low Performance
-57OVjteEQw,Maria Clara,2024-03-07,274.0,59583,4.41,,,0,0,3289,822,29,406438,20127.9815,0 days 00:02:58,178.0,2024,3,7,Thursday,0,0,Low Performance
IeKZeYvbFC4,"""MARIA CLARA"" IS OUT NOW EVERYWHERE! STREAM ON SPOTIFY!!",2024-03-07,15.0,57825,0.96,,,4,0,109,5,6,1575,5.9925,0 days 00:00:14,14.0,2024,3,7,Thursday,0,0,Low Performance
C7MtYT6bTQU,"""Ano ang Lagi Nalang Niyo"" Episode 3: Career",2024-12-18,1007.0,57495,1.34,,,5,1,34,4,3,1482,36.5401,0 days 00:01:28,88.0,2024,12,18,Wednesday,0,0,Low Performance
2UliMTgqCjE,SUGARCANE - Maria Clara (Bass Playthrough),2024-04-05,213.0,56310,1.72,,,5,0,63,12,3,1377,37.3506,0 days 00:01:37,97.0,2024,4,5,Friday,0,0,Low Performance
WsMMBL_vxhk,Tanging Ikaw - Sugarcane [LYRICS],2025-02-14,184.0,55913,19.99,,,0,0,81,514,0,19824,755.4053,0 days 00:02:17,137.0,2025,2,14,Friday,0,0,Low Performance
OPSZXVlfDk4,Leonora - SUGARCANE (Cover by Dennis Licup),2023-04-30,251.0,54640,6.82,,,0,0,146,38,18,4638,120.2572,0 days 00:01:33,93.0,2023,4,30,Sunday,0,0,Low Performance
pjj7g0kUVnE,SUGARCANE - Maria Clara (Lead Guitar Playthrough),2024-04-05,84.0,53695,2.95,,,8,0,58,15,4,2000,28.5897,0 days 00:00:51,51.0,2024,4,5,Friday,0,0,Low Performance
vb4SnYSNVP0,07/26/24,2024-07-19,40.0,53652,1.46,,,11,1,159,7,27,1403,10.392,0 days 00:00:26,26.0,2024,7,19,Friday,0,0,Low Performance
6ANXCyWg8gY,Sugarcane | Gabi | Lyrics,2020-03-17,238.0,52850,6.61,,,0,0,65,109,2,5584,206.3573,0 days 00:02:13,133.0,2020,3,17,Tuesday,0,0,Low Performance
3MI9YEos8as,[COVER] Leonora - Sugarcane,2023-10-25,231.0,52568,3.73,,,0,0,23,16,1,2258,44.4147,0 days 00:01:10,70.0,2023,10,25,Wednesday,0,0,Low Performance
vT_RjNVrWBg,SUGARCANE - Kung Maging Akin Ka (Lyrics) || Wala nang hahanapin pang iba,2021-02-28,256.0,52253,9.4,,,0,0,94,140,3,8335,394.7393,0 days 00:02:50,170.0,2021,2,28,Sunday,0,0,Low Performance
BfOui_0s2Eg,Francine Diaz MV Sugarcane Sinehan üé¶üòç #fractured #franseth #abscbn #dirtylinen #trending #viral,2023-09-22,17.0,52039,2.5,,,0,0,422,2,5,4339,19.9076,0 days 00:00:16,16.0,2023,9,22,Friday,0,0,Low Performance
QGkJr301sA0,"""Ano ang Lagi Nalang Niyo"" Episode 1: Friendship",2024-12-04,760.0,51906,1.17,,,11,1,61,16,5,979,41.7295,0 days 00:02:33,153.0,2024,12,4,Wednesday,0,0,Low Performance
SlQqiXE5aJg,SUGARCANE is live!,2024-03-08,1767.0,51900,2.42,,,10,1,58,4,2,1922,51.4452,0 days 00:01:36,96.0,2024,3,8,Friday,0,0,Low Performance
98KhJjr1zSI,Yow and Tyang Venice # #teampayaman,2024-07-10,57.0,51238,4.44,,,0,0,57,3,0,4808,36.3554,0 days 00:00:33,33.0,2024,7,10,Wednesday,0,0,Low Performance
NrYdEJbfBGI,"Happy 1st anniversary, langga ü•∞",2025-03-12,5.0,51094,5.5,,,0,0,4679,35,165,24981,84.1823,0 days 00:00:12,12.0,2025,3,12,Wednesday,0,0,Low Performance
Tj2Q4ENdaGM,Rob Deniel - Ang Pag-ibig #gardensessions #opm #fypmusic,2023-04-22,61.0,51025,3.47,,,8,0,101,0,2,3808,39.5565,0 days 00:00:37,37.0,2023,4,22,Saturday,0,0,Low Performance
Z3yoC_hqxfo,SUGARCANE is live!,2024-05-24,2635.0,50560,2.79,,,24,1,55,6,6,2853,81.2419,0 days 00:01:42,102.0,2024,5,24,Friday,0,0,Low Performance
O4s64rJGMHM,[SONG COVER] SUGARCANE - LEONORA,2023-04-29,229.0,50423,5.89,,,0,0,78,55,4,3766,95.1668,0 days 00:01:30,90.0,2023,4,29,Saturday,0,0,Low Performance
qYz_LeSevrI,SUGARCANE - Maria Clara (Flute Playthrough),2024-04-05,97.0,48400,3.63,,,11,1,110,28,6,2500,30.2829,0 days 00:00:43,43.0,2024,4,5,Friday,0,0,Low Performance
sSIhh7O4yOc,Leonora - SUGARCANE | YUHI COVER,2023-07-18,231.0,47673,14.04,,,0,0,177,119,10,9059,312.0977,0 days 00:02:04,124.0,2023,7,18,Tuesday,0,0,Low Performance
wg7Pt1v7-cM,Pre-save here ‚ú®sugarcane.lnk.to/presave_mariaclara,2024-03-03,21.0,47197,0.54,,,2,0,62,6,3,959,3.7611,0 days 00:00:14,14.0,2024,3,3,Sunday,0,0,Low Performance
RL1KUyJVJRc,|| Leonora - sped up || w/ Lyrics || (Read Desc.) ||,2023-06-20,194.0,47112,9.27,,,0,0,67,75,3,7035,294.198,0 days 00:02:30,150.0,2023,6,20,Tuesday,0,0,Low Performance
HdC56cGYJBc,Leonora - SUGARCANE,2023-04-07,16.0,46324,2.77,,,1,0,94,6,2,2215,9.2447,0 days 00:00:15,15.0,2023,4,7,Friday,0,0,Low Performance
JGck6s0PLP8,Gabi,2020-01-27,226.0,45276,9.77,,,1,0,173,72,5,12246,559.3468,0 days 00:02:44,164.0,2020,1,27,Monday,0,0,Low Performance
k8_mP5Amjgc,DAMING PAGSUBOK PERO NANATILING MATATAG PARIN ü•∞,2025-03-13,10.0,45151,6.22,,,0,0,3613,37,92,18632,97.6346,0 days 00:00:19,19.0,2025,3,13,Thursday,0,0,Low Performance
_bE6_QsgYVw,I Love You Since 1892 feels üòç Leonora by Sugarcane #MarloMortel #JanellaSalvador #MarNella #AbsCbn,2023-08-21,32.0,43287,1.01,,,0,0,50,2,1,1141,5.4141,0 days 00:00:17,17.0,2023,8,21,Monday,0,0,Low Performance
JZvoQgs65SE,SUGARCANE is going live!,2023-09-22,3586.0,43063,3.51,,,45,4,79,12,4,2961,108.9062,0 days 00:02:12,132.0,2023,9,22,Friday,0,0,Low Performance
daF8sdKw9PI,"PAALAM, LEONORA - Sugarcane (Lyrics)",2023-12-21,234.0,42338,2.36,,,0,0,4,31,0,1275,33.968,0 days 00:01:35,95.0,2023,12,21,Thursday,0,0,Low Performance
UXDEWdrxkT0,Sugarcane - Set You Free (Lyrics),2023-11-25,278.0,42159,8.41,,,0,0,36,76,1,6575,369.1157,0 days 00:03:22,202.0,2023,11,25,Saturday,0,0,Low Performance
Zbmd0G4Rvv0,"Hi Donny and Belle, ingat sa taping lagi #DonBelle #DonnyPangilinan  #BelleMariano #cantbuymelove",2023-10-06,10.0,41991,3.65,,,0,0,524,5,2,6508,28.6274,0 days 00:00:15,15.0,2023,10,6,Friday,0,0,Low Performance
CJz11QmVzIE,Gunita (lyrics) - Sugarcane,2022-11-27,334.0,41718,10.65,,,0,0,53,70,0,7644,458.8372,0 days 00:03:36,216.0,2022,11,27,Sunday,0,0,Low Performance
41B8yFFn3pY,MY FOREVER LANGGA ü•∞,2025-03-20,4.0,41583,10.73,,,0,0,4611,52,184,30771,136.256,0 days 00:00:22,22.0,2025,3,20,Thursday,0,0,Low Performance
YdQJJ_boUyQ,Dalangin Live Countdown,2021-08-01,3816.0,41231,2.32,,,9,1,75,13,2,1231,62.6492,0 days 00:03:03,183.0,2021,8,1,Sunday,0,0,Low Performance
Sm9z_ylc6Uw,163rd Birth of Jose Rizal,2024-06-19,46.0,39807,2.44,,,0,0,77,2,6,8671,33.8769,0 days 00:00:15,15.0,2024,6,19,Wednesday,0,0,Low Performance
krGw2A5HAyU,"""Ano ang Lagi Nalang Niyo"" Episode 2: Relationships",2024-12-11,1068.0,38173,1.23,,,0,0,38,8,4,738,42.2625,0 days 00:03:26,206.0,2024,12,11,Wednesday,0,0,Low Performance
MUfNvOeZ-B4,"""ùêèùêÄùêÜùêÅùêàùêÜùêòùêÄùêç"" ùêåùêîùêíùêàùêÇ ùêïùêàùêÉùêÑùêé, ùêéùêîùêì ùêçùêéùêñ",2024-07-26,37.0,37743,0.76,,,1,0,49,2,1,636,2.7707,0 days 00:00:17,17.0,2024,7,26,Friday,0,0,Low Performance
y7Z6Y3ml2Pw,"""Leonora"" is out now on Spotify and Apple Music ü´∂",2023-04-13,26.0,37666,2.69,,,3,0,109,10,5,2025,10.9437,0 days 00:00:19,19.0,2023,4,13,Thursday,0,0,Low Performance
O-JAsd-bbpk,Sinehan,2023-09-21,198.0,37347,5.41,,,0,0,1183,400,13,166426,6468.6499,0 days 00:02:19,139.0,2023,9,21,Thursday,0,0,Low Performance
4HtFklkUtvI,POV: hinaharana ka namin  #leonora #leonorabysugarcane #OPM #joserizzal #leonorrivera,2023-04-20,42.0,36722,1.44,,,2,0,78,5,4,1233,9.1264,0 days 00:00:26,26.0,2023,4,20,Thursday,0,0,Low Performance
5AGKZN097WA,leonora - sugarcane (cover),2024-02-02,232.0,36336,3.09,,,0,0,16,13,0,1411,42.0862,0 days 00:01:47,107.0,2024,2,2,Friday,0,0,Low Performance
C9Idf-KZZHY,Bituin (lyrics) - Sugarcane,2022-12-12,205.0,35219,3.32,,,0,0,14,11,0,1529,29.2156,0 days 00:01:08,68.0,2022,12,12,Monday,0,0,Low Performance
DY6Gs6xkxgs,ASHDRES SPOTTED TODAYüò±üôàüëÄü§≠ #ashdres,2025-04-28,22.0,33180,15.27,,,0,0,639,8,3,14205,38.7679,0 days 00:00:13,13.0,2025,4,28,Monday,0,0,Low Performance
5ISkx2Oo6vU,Leonora Intro Flute Version ‚ú® Ep1 (?) #shorts #flute #tiktok #music,2025-01-30,16.0,33153,1.03,,,0,0,29,2,2,2188,5.5628,0 days 00:00:13,13.0,2025,1,30,Thursday,0,0,Low Performance
acS5CAOtgN4,Leonora by Sugarcane | Official Music Video,2025-03-13,266.0,32257,1.73,,,0,0,5,2,1,785,23.6494,0 days 00:01:48,108.0,2025,3,13,Thursday,0,0,Low Performance
UJeZWvtjB-A,Leonora (Sugarcane) - Saxophone Cover,2023-08-25,242.0,32123,13.75,,,0,0,136,192,8,5609,137.0177,0 days 00:01:27,87.0,2023,8,25,Friday,0,0,Low Performance
ncZ1Rlj0j2M,MV LIVE COUNTDOWN!,2022-07-17,3681.0,32025,1.93,,,5,0,56,7,3,865,34.4648,0 days 00:02:23,143.0,2022,7,17,Sunday,0,0,Low Performance
WMLYgs_Av_k,"""Leonora"" is out now on Spotify and Apple music!! ü´∂",2023-04-14,24.0,31755,2.59,,,6,0,69,3,0,1518,7.0559,0 days 00:00:16,16.0,2023,4,14,Friday,0,0,Low Performance
9QL1LkbFbUM,Refreshing Sugarcane Mojito to kick-start your summers & #BeatTheHeat! #youtubeshorts,2024-05-14,15.0,31006,1.57,,,0,0,114,21,3,2922,11.5318,0 days 00:00:14,14.0,2024,5,14,Tuesday,0,0,Low Performance
BFVf8lOryck,Leonora - Sugarcane | AM¬∞,2023-05-14,32.0,30960,1.51,,,0,0,60,5,0,2041,14.3537,0 days 00:00:35,35.0,2023,5,14,Sunday,0,0,Low Performance
Vxbw_SQO4L4,Leonora-sugarcane typography edit,2023-07-30,22.0,30500,1.84,,,0,0,82,14,4,2073,16.0113,0 days 00:00:32,32.0,2023,7,30,Sunday,0,0,Low Performance
JQqisD1suzA,Leonora MV - BSIT1A,2023-06-09,279.0,30102,10.04,,,0,0,52,114,0,3629,76.2462,0 days 00:01:15,75.0,2023,6,9,Friday,0,0,Low Performance
ak-xy7Vf6Ag,Sugarcane - Leonora (lyrics),2023-08-07,235.0,29543,7.11,,,0,0,13,6,0,3437,159.0684,0 days 00:02:46,166.0,2023,8,7,Monday,0,0,Low Performance
4-tklW56QdE,Gunita (Live) | from Mattaradday Ittam: A Fundraising Project for Typhoon Ulysses Victims in Cagayan,2020-11-28,338.0,29505,3.64,,,6,2,139,13,34,1846,87.44,0 days 00:02:50,170.0,2020,11,28,Saturday,0,0,Low Performance
ujGGEZuc8ck,"Leonora""Sugarcane""Lyrics Video Please subcribe and likeüíìüíê",2023-06-07,37.0,29261,0.66,,,0,0,26,1,1,588,3.8452,0 days 00:00:23,23.0,2023,6,7,Wednesday,0,0,Low Performance
yl6_h2PU5zE,SUGARCANE - LEONORA,2023-08-14,228.0,28834,3.23,,,0,0,6,7,0,1111,34.3202,0 days 00:01:51,111.0,2023,8,14,Monday,0,0,Low Performance
7jM0SpmKVUs,"Salamat sa 1.5M views sa Tiktok ü•∫ Dahil , ‚ÄúLeonora‚Äù Official MV is now out on our YT channel",2023-04-15,57.0,28520,2.17,,,9,0,75,3,2,1338,11.1261,0 days 00:00:29,29.0,2023,4,15,Saturday,0,0,Low Performance
OOWNBYF1TLg,MarNella For I Love You Since 1892 | Marlo Mortel and Janella Salvador #MarNella #ABSCBN #Kapamilya,2024-09-17,44.0,28442,2.09,,,0,0,89,0,0,1653,10.2563,0 days 00:00:25,25.0,2024,9,17,Tuesday,0,0,Low Performance
QJwvcxLo82w,Tanging Ikaw,2025-01-30,177.0,28288,3.95,,,0,0,3042,810,28,342291,11804.0312,0 days 00:02:04,124.0,2025,1,30,Thursday,0,0,Low Performance
q8Z77lqSiw8,Leonora by sugarcane bass cover/TABS #leonora #sugarcane #leonorabasscovertabs,2023-12-31,269.0,28279,10.59,,,0,0,71,38,4,3878,204.0891,0 days 00:03:09,189.0,2023,12,31,Sunday,0,0,Low Performance
9yvoFkiSfiI,Gunita,2020-07-03,329.0,27901,7.71,,,0,0,100,68,5,5269,334.0304,0 days 00:03:48,228.0,2020,7,3,Friday,0,0,Low Performance
ey9LG_ZV5KQ,Leonora - Sugarcane (Lyrics),2023-08-14,235.0,27700,4.13,,,0,0,8,5,0,1753,68.2614,0 days 00:02:20,140.0,2023,8,14,Monday,0,0,Low Performance
A0yzwnuYgFk,Pano kaya kung may kanta si Jose Rizal para sa first love niya? #fyp #fyp„Ç∑ #fypmusic #leonora,2023-04-10,61.0,26376,3.44,,,10,0,109,7,3,1908,22.605,0 days 00:00:42,42.0,2023,4,10,Monday,0,0,Low Performance
njT7ZHs1B4Y,üö∂‚Äç‚ôÇÔ∏èüçΩÔ∏è #newmusic,2024-03-01,16.0,26297,0.36,,,1,0,70,1,5,913,3.3043,0 days 00:00:13,13.0,2024,3,1,Friday,0,0,Low Performance
u7FaalynS8s,Leonora - Sugarcane Real drum cover,2023-06-16,60.0,25723,1.17,,,0,0,34,0,1,905,8.4765,0 days 00:00:36,36.0,2023,6,16,Friday,0,0,Low Performance
X_ZBlcCMF8I,HAPPY BIRTHDAY KALINGAP EDU. WE LOVE YOU EDCY ‚ù§Ô∏è,2025-02-07,16.0,25647,4.91,,,0,0,331,2,1,4375,16.7484,0 days 00:00:21,21.0,2025,2,7,Friday,0,0,Low Performance
l91T-bLPMaM,Jose Rizz-al üòé,2023-04-05,61.0,25604,5.81,,,15,0,109,6,0,2251,22.6233,0 days 00:00:36,36.0,2023,4,5,Wednesday,0,0,Low Performance
Zw5dILw7Z2c,A tribute to Rizal & Leonor‚Äôs tragic tale #fypmusic #leonora #opm #fyp„Ç∑ #sugarcane,2023-04-16,16.0,25204,1.81,,,1,0,53,2,1,903,3.7165,0 days 00:00:14,14.0,2023,4,16,Sunday,0,0,Low Performance
rHF1yUUaZ5U,Sugarcane - Leonora (Unofficial Music Video),2025-03-08,241.0,24893,2.42,,,0,0,18,22,2,919,28.1093,0 days 00:01:50,110.0,2025,3,8,Saturday,0,0,Low Performance
GSVKGfAJ84k,DALANGIN - Sugarcane(Lyrics),2022-12-15,340.0,24435,5.82,,,0,0,19,12,0,1968,84.4384,0 days 00:02:34,154.0,2022,12,15,Thursday,0,0,Low Performance
kG7vFUpFa4M,Leonora - Sugarcane (Lyrics),2023-07-24,230.0,23887,2.64,,,0,0,6,8,0,823,30.7747,0 days 00:02:14,134.0,2023,7,24,Monday,0,0,Low Performance
YNhgbmZ5Cr0,Kung maging akin ka Sugarcane Bass cover with TABS #sugarcane  #kungmagingakinka,2024-04-29,271.0,23185,5.22,,,0,0,36,15,6,1741,93.6692,0 days 00:03:13,193.0,2024,4,29,Monday,0,0,Low Performance
WEaC88xt5B0,Leonora by Sugarcane #music #musiclover #musiclyrics #fyp,2023-05-03,34.0,22828,1.35,,,0,0,29,9,0,773,5.9324,0 days 00:00:28,28.0,2023,5,3,Wednesday,0,0,Low Performance
ylBS3sPg0yk,Kissing scene with Paolo Avelino #linlang #julianalualhati #kimchiu,2023-11-17,11.0,22785,4.86,,,0,0,32,0,0,2051,6.4798,0 days 00:00:11,11.0,2023,11,17,Friday,0,0,Low Performance
ugvsxqTYZQk,Perfect first kiss song?? üíò #TangingIkaw out now on all platforms,2025-02-21,47.0,22759,1.99,,,4,0,83,6,3,1732,10.495,0 days 00:00:24,24.0,2025,2,21,Friday,0,0,Low Performance
NUhXLp27WRY,Leonora - Sugarcane (Lyrics Video),2023-11-18,228.0,22335,2.17,,,0,0,8,2,0,649,20.6398,0 days 00:01:54,114.0,2023,11,18,Saturday,0,0,Low Performance
2paWnK2TWfs,"SUGARCANE, JC Herrero - Paruparo (Lyrics)",2023-05-24,296.0,21974,8.09,,,0,0,13,53,0,2692,118.5809,0 days 00:02:38,158.0,2023,5,24,Wednesday,0,0,Low Performance
aDL9y1dggZo,LEONORA by Sugarcane | Bandurria Cover by Eben,2023-11-05,232.0,21532,14.27,,,0,0,87,49,7,3844,81.9261,0 days 00:01:16,76.0,2023,11,5,Sunday,0,0,Low Performance
9edB5P1VvqU,[SONG COVER] SUGARCANE - KUNG MAGING AKIN KA,2023-05-10,248.0,21337,2.83,,,0,0,17,4,1,846,25.018,0 days 00:01:46,106.0,2023,5,10,Wednesday,0,0,Low Performance
EW0GQZssyJY,Maria Clara - Sugarcane (Cover),2024-05-19,275.0,20816,2.69,,,0,0,40,8,10,920,23.5475,0 days 00:01:32,92.0,2024,5,19,Sunday,0,0,Low Performance
Q8xuSebKC00,Sugarcane - Leonora (lyrics),2025-01-05,233.0,20455,2.78,,,0,0,11,4,3,784,8.2181,0 days 00:00:37,37.0,2025,1,5,Sunday,0,0,Low Performance
rEeokA0P66U,Leonora - Sugarcane -Lyrics-,2023-11-22,235.0,19906,2.39,,,0,0,1,2,0,598,19.2939,0 days 00:01:56,116.0,2023,11,22,Wednesday,0,0,Low Performance
9E7W7HyCllQ,Pagbigyan,2024-07-25,285.0,19505,4.72,,,0,0,511,162,11,72836,3997.7163,0 days 00:03:17,197.0,2024,7,25,Thursday,0,0,Low Performance
cqcYn-Ev5Y8,Leonora - Sugarcane,2023-09-02,30.0,19478,1.04,,,0,0,18,2,1,575,3.9018,0 days 00:00:27,27.0,2023,9,2,Saturday,0,0,Low Performance
PgC6PZ2ZYKo,"July 31, 2021",2021-07-31,25.0,19176,0.81,,,1,0,40,0,2,328,0.9984,0 days 00:00:10,10.0,2021,7,31,Saturday,0,0,Low Performance
GH9h-_Mplfg,#runcavmanagement,2024-10-22,19.0,19071,0.86,,,0,0,216,1,0,2994,11.7103,0 days 00:00:14,14.0,2024,10,22,Tuesday,0,0,Low Performance
fQt5DC5v2Ug,Leonora Lyrics -  Sugarcane,2024-01-08,233.0,18728,8.69,,,0,0,6,17,0,2278,81.0797,0 days 00:02:08,128.0,2024,1,8,Monday,0,0,Low Performance
IokZ2xr1cq0,Gabi (Live) | from Puhon by Ben&Ben: An FB Live Event For The COVID-19 Efforts,2020-04-07,224.0,18429,6.54,,,13,1,87,7,6,1657,50.0511,0 days 00:01:48,108.0,2020,4,7,Tuesday,0,0,Low Performance
aLgOZ8BITj8,SUGARCANE - Leonora [Lyrics],2024-01-31,232.0,18157,2.76,,,0,0,2,7,3,671,16.354,0 days 00:01:27,87.0,2024,1,31,Wednesday,0,0,Low Performance
ZwYwtpi79Ok,Group 2 - Leonora by SUGARCANE (Music Video),2023-06-26,271.0,17540,14.21,,,0,0,23,95,1,2993,62.7253,0 days 00:01:15,75.0,2023,6,26,Monday,0,0,Low Performance
qr0328PpRGQ,Set You Free,2023-11-23,278.0,17521,4.01,,,0,0,1009,133,7,158386,8822.1426,0 days 00:03:20,200.0,2023,11,23,Thursday,0,0,Low Performance
WlfRHQyMpMw,Leonora Lyrics - SUGARCANE,2023-11-21,235.0,16854,3.23,,,0,0,15,11,0,2326,71.4261,0 days 00:01:50,110.0,2023,11,21,Tuesday,0,0,Low Performance
2Pbbe4YT90w,Sugarcane - Kung Maging Akin Ka lyrics,2021-02-22,254.0,16635,6.53,,,0,0,17,32,0,2276,94.915,0 days 00:02:30,150.0,2021,2,22,Monday,0,0,Low Performance
VCZePIivnbQ,Happy Valentines Day!,2025-02-13,61.0,16590,1.76,,,0,0,45,0,6,4688,8.3213,0 days 00:00:14,14.0,2025,2,13,Thursday,0,0,Low Performance
RFHtbG9O2wQ,Yung thumbs up ni Juanito üòç #MarloMortel #JuanitoAlfonso #JanellaSalvador #MarNella,2023-08-15,53.0,16551,0.86,,,0,0,21,0,0,480,3.0438,0 days 00:00:23,23.0,2023,8,15,Tuesday,0,0,Low Performance
5IlfB3bjZ24,Leonora- Sugarcane #lyrical #sugarcane #edit #fyp,2023-06-27,39.0,16207,0.93,,,0,0,21,6,0,653,5.5853,0 days 00:00:35,35.0,2023,6,27,Tuesday,0,0,Low Performance
FL8xI9gmREw,Dalangin - Sugarcane (Lyrics),2023-05-10,333.0,16167,6.41,,,0,0,11,22,0,1521,53.6412,0 days 00:02:06,126.0,2023,5,10,Wednesday,0,0,Low Performance
4k_xaijjm7w,they are a familyüè†‚ù§Ô∏è #moslhong #mosbankworld #mosbank #ƒëamm·ªπ #shortvideo #m√™traiƒë·∫πp #mosbank,2024-03-08,42.0,15922,2.95,,,0,0,220,0,3,2924,19.7093,0 days 00:00:24,24.0,2024,3,8,Friday,0,0,Low Performance
3KAB-etwRf8,"PARUPARO-Sugarcane, Jc Herrero (lyrics)/cover",2023-04-08,54.0,15882,1.1,,,0,0,9,5,1,423,2.9561,0 days 00:00:27,27.0,2023,4,8,Saturday,0,0,Low Performance
0sfAizDnspw,Leonora Lyrics - Sugarcane,2023-09-01,231.0,15686,7.85,,,0,0,14,39,0,1673,57.3169,0 days 00:02:03,123.0,2023,9,1,Friday,0,0,Low Performance
cceBf5h26R8,SUGARCANE - Tanging Ikaw (Lyrics),2025-02-18,183.0,15347,8.0,,,0,0,17,36,1,2153,69.2233,0 days 00:01:55,115.0,2025,2,18,Tuesday,0,0,Low Performance
jwDbiHGH-r0,Leonora - Sugarcane Real drum cover,2023-06-16,58.0,15159,1.42,,,0,0,26,3,0,830,5.9073,0 days 00:00:27,27.0,2023,6,16,Friday,0,0,Low Performance
SMbtwgFtHbA,KUNG MAGING AKIN KA - SUGARCANE || COVER,2022-06-28,252.0,15101,6.9,,,0,0,27,4,4,1324,31.9573,0 days 00:01:26,86.0,2022,6,28,Tuesday,0,0,Low Performance
yzror5KZZ6g,pasilyo #fypmusic #thesugarcaneph #fyp #fyp„Ç∑ #opm,2023-04-06,61.0,15061,2.34,,,4,0,49,2,0,1456,13.7622,0 days 00:00:34,34.0,2023,4,6,Thursday,0,0,Low Performance
KIQThP5VLQQ,MarNella For I LOVE YOU SINCE 1892 #MarNella #AbsCbn #JuanitoAlfonso #CArmelaIsabella #ILYS1892,2024-09-12,46.0,14808,2.46,,,0,0,63,0,0,744,4.6367,0 days 00:00:24,24.0,2024,9,12,Thursday,0,0,Low Performance
qb3QPbqzBDQ,SUGARCANE - Leonora (Lyrics),2023-08-23,235.0,14798,5.36,,,0,0,8,12,2,1124,38.3278,0 days 00:02:02,122.0,2023,8,23,Wednesday,0,0,Low Performance
YyJX1QO_vf8,happy celebration Rochelle #shortvideos #love #teamrochelle,2025-03-14,19.0,14212,5.01,,,0,0,555,5,5,3691,26.0888,0 days 00:00:26,26.0,2025,3,14,Friday,0,0,Low Performance
0pRM_6iD5kw,NIREGALUHAN AKOüòç #viralvideo,2025-03-25,6.0,14103,4.43,,,0,0,924,9,7,5881,19.0991,0 days 00:00:12,12.0,2025,3,25,Tuesday,0,0,Low Performance
kVQbG_MovAk,LEONORA. (typography) (alight motion),2023-07-15,29.0,14009,1.93,,,0,0,52,1,2,827,2.5964,0 days 00:00:12,12.0,2023,7,15,Saturday,0,0,Low Performance
IGSNkDOQOEs,Leonora - Sugarcane #bassguitar #bassguitarcover #bassmusic #,2023-07-29,58.0,13983,1.71,,,0,0,13,1,0,592,2.8809,0 days 00:00:18,18.0,2023,7,29,Saturday,0,0,Low Performance
sI7-GRFMqpg,Leonora - Sugarcane (lyrics),2023-10-27,231.0,13878,5.77,,,0,0,12,20,0,1171,42.1586,0 days 00:02:09,129.0,2023,10,27,Friday,0,0,Low Performance
hi0czWpgoY4,(SugarCane) Leonora Backing track Guitar extracted,2023-08-06,235.0,13426,24.97,,,0,0,42,94,2,4145,200.7359,0 days 00:02:54,174.0,2023,8,6,Sunday,0,0,Low Performance
nIblf4QcWYM,SUGARCANE - Tanging Ikaw (Lyrics),2025-02-24,184.0,13360,7.66,,,0,0,11,34,0,1696,57.7051,0 days 00:02:02,122.0,2025,2,24,Monday,0,0,Low Performance
1TtU_hnJaFI,leonora - sugarcane (sped up),2023-04-30,193.0,13061,7.12,,,0,0,18,14,0,1606,64.0208,0 days 00:02:23,143.0,2023,4,30,Sunday,0,0,Low Performance
FDXlrBMj6Ko,I can't handle this Sweetness ‚ô•Ô∏èüò≠ | The Fragrant Flower Blooms With Dignity | #wagurikaoruko #waguri,2025-02-20,18.0,13018,2.6,,,0,0,120,3,2,2038,5.7816,0 days 00:00:11,11.0,2025,2,20,Thursday,0,0,Low Performance
Ej98wrvtGIs,üî•üî• #milmi,2024-05-25,10.0,12565,2.76,,,0,0,745,2,22,8997,27.3598,0 days 00:00:12,12.0,2024,5,25,Saturday,0,0,Low Performance
SaV4P0OP1H4,Pinaguusapan na namin ilan magiging anak namin ü§≠ #TangingIkaw out now on all platforms,2025-02-21,42.0,12475,2.85,,,4,0,55,6,3,1118,5.3866,0 days 00:00:18,18.0,2025,2,21,Friday,0,0,Low Performance
pN0Po-88qIw,LEONORA by:SUGARCANE (Music Video),2023-05-04,234.0,12448,15.83,,,0,0,15,34,0,2347,34.6407,0 days 00:00:53,53.0,2023,5,4,Thursday,0,0,Low Performance
3LbCkBrnxBI,Leonora // Sugarcane #electricguitar #electricguitarist #guitar #music #leonora #sugarcane #viral,2023-08-15,46.0,12280,1.6,,,0,0,19,1,0,532,4.1837,0 days 00:00:28,28.0,2023,8,15,Tuesday,0,0,Low Performance
ur9Yp-Q3Ltk,Tindera Serye| Mga tindera nyong walang pakialam sa mundo üòÖ #dramaseries,2024-02-10,39.0,12250,1.31,,,0,0,37,1,0,2131,11.7017,0 days 00:00:19,19.0,2024,2,10,Saturday,0,0,Low Performance
fh0hwSNbNFc,Beautiful couple #DonBelle #starmagicalprom2024  #DonnyPangilinan  #BelleMariano,2024-03-16,17.0,12233,1.13,,,0,0,114,3,2,2065,9.9927,0 days 00:00:18,18.0,2024,3,16,Saturday,0,0,Low Performance
ZTLEykZ6PeU,leonora - sugarcane (electric guitar cover),2023-10-25,55.0,11968,1.21,,,0,0,33,1,2,503,2.9114,0 days 00:00:22,22.0,2023,10,25,Wednesday,0,0,Low Performance
i-cNT3faArE,Aking Maria Clara (feat. jikamarie),2024-05-23,255.0,11926,3.97,,,0,0,756,108,9,141265,6653.2055,0 days 00:02:49,169.0,2024,5,23,Thursday,0,0,Low Performance
TfDP3NngQgQ,SUGARCANE - Maria Clara Lyrics @thesugarcaneph,2024-03-09,274.0,11817,3.59,,,0,0,2,5,0,623,17.4345,0 days 00:01:40,100.0,2024,3,9,Saturday,0,0,Low Performance
l55cSVKKPfs,LEONORA - Sugarcane ( Lyrics ),2023-08-19,235.0,11527,4.48,,,0,0,7,6,2,793,31.6142,0 days 00:02:23,143.0,2023,8,19,Saturday,0,0,Low Performance
GxcI0T4-hi8,Lagi Na Lang,2024-11-07,250.0,11508,4.14,,,0,0,1229,195,16,186982,9006.9358,0 days 00:02:53,173.0,2024,11,7,Thursday,0,0,Low Performance
EnlJ4hSFn3w,Leonora by: Sugarcane // Aniel Atenciana (cover),2023-06-19,211.0,11000,18.88,,,0,0,74,31,5,2389,59.8077,0 days 00:01:30,90.0,2023,6,19,Monday,0,0,Low Performance
-8ny-Qnc0E8,Leonora - Sugarcane (Lyric Video),2023-08-30,235.0,10979,6.71,,,0,0,8,10,0,1393,65.2712,0 days 00:02:48,168.0,2023,8,30,Wednesday,0,0,Low Performance
rAfTnlQQojY,Tamang gaming lang sa gedli,2023-04-19,18.0,10730,1.01,,,1,0,30,0,1,794,3.1819,0 days 00:00:14,14.0,2023,4,19,Wednesday,0,0,Low Performance
o02TdaKDfFg,LEONORA BY SUGARCANE,2025-03-19,46.0,10688,1.23,,,0,0,12,0,0,909,3.3334,0 days 00:00:25,25.0,2025,3,19,Wednesday,0,0,Low Performance
3cPdtYf4_Z4,SUGARCANE - Kung Maging Akin Ka (Lyric Video),2022-11-10,255.0,10537,4.93,,,0,0,8,9,0,776,25.172,0 days 00:01:56,116.0,2022,11,10,Thursday,0,0,Low Performance
erIkO1RSn14,august cover page üíñ #bujo #bulletjournal #planwithme,2023-08-10,15.0,10522,0.61,,,0,0,50,1,1,2354,10.4968,0 days 00:00:16,16.0,2023,8,10,Thursday,0,0,Low Performance
5E65rwPLFIE,LEONORA (Official Lyrics) Sugarcane,2023-10-04,61.0,10441,0.49,,,0,0,4,2,0,314,0.8694,0 days 00:00:14,14.0,2023,10,4,Wednesday,0,0,Low Performance
7XYLV0-E4Ws,Tayo magpahabol sa Alon #filipina #philippines #qatar,2024-04-06,7.0,10382,0.39,,,0,0,15,1,0,855,2.1141,0 days 00:00:09,9.0,2024,4,6,Saturday,0,0,Low Performance
h3rknlywKP4,"Pakinggan nyo na rin ""Leonora"" maganda promise :))",2023-04-18,28.0,10347,1.01,,,1,0,25,0,0,512,2.7833,0 days 00:00:19,19.0,2023,4,18,Tuesday,0,0,Low Performance
PHzXELRKJoU,leonara- hirano to kagiura,2023-11-02,19.0,10211,3.37,,,0,0,104,10,5,1146,4.3603,0 days 00:00:15,15.0,2023,11,2,Thursday,0,0,Low Performance
PSe9lmaaT5I,SUGARCANE is live!,2024-03-07,16.0,10141,1.81,,,0,0,23,0,6,394,1.0455,0 days 00:00:09,9.0,2024,3,7,Thursday,0,0,Low Performance
pZ41kUoDbLU,Leonora - Sugarcane Real drum cover,2023-06-16,59.0,10115,1.43,,,0,0,16,2,0,481,2.6871,0 days 00:00:21,21.0,2023,6,16,Friday,0,0,Low Performance
h_6asL5GQo4,Comfort?...#Leonora#animation#animationmeme#,2025-03-25,23.0,10023,1.9,,,0,0,20,0,1,743,2.8583,0 days 00:00:23,23.0,2025,3,25,Tuesday,0,0,Low Performance
cvYuGRhUkRI,"Leonora - SUGARCANE | Cover by Alan Placina (Music ""COVER"" Video)",2023-11-18,254.0,9977,5.7,,,0,0,27,24,5,703,17.3509,0 days 00:01:28,88.0,2023,11,18,Saturday,0,0,Low Performance
5reRKnU38TI,Sugarcane - Leonora üíî // #lyrics #musiclover #aesthetic #music #shortsviral  #shorts #leonora,2024-02-17,32.0,9859,1.07,,,0,0,14,0,0,502,1.6491,0 days 00:00:17,17.0,2024,2,17,Saturday,0,0,Low Performance
Lo2cCPQMwWY,Wait til end para sa pasabog üí®,2023-04-19,30.0,9761,0.78,,,0,0,27,2,3,403,2.7372,0 days 00:00:24,24.0,2023,4,19,Wednesday,0,0,Low Performance
alPDhb6dwUY,leonora by sugarcane but it's slightly sped up,2023-05-12,210.0,9545,5.75,,,0,0,10,16,0,887,31.1542,0 days 00:02:06,126.0,2023,5,12,Friday,0,0,Low Performance
bndccgT5sJ8,KUNG MAGING AKIN KA - Sugarcane (Lyrics),2022-12-15,254.0,9327,7.71,,,0,0,8,9,2,946,29.7214,0 days 00:01:53,113.0,2022,12,15,Thursday,0,0,Low Performance
bu6ZF-FdCHs,Leonora - Sugarcane (Lyrics)      #trending,2024-07-28,61.0,9317,0.76,,,0,0,8,5,0,313,1.3625,0 days 00:00:19,19.0,2024,7,28,Sunday,0,0,Low Performance
9httTaEVL08,paru-paro #butterfly #paruparo #probinsya #probinsyalife #naturelovers,2023-08-26,22.0,9314,0.78,,,0,0,5,1,0,258,0.8003,0 days 00:00:14,14.0,2023,8,26,Saturday,0,0,Low Performance
aqUigKIAMyU,#tagalog#fillings #sad #music #lovesong #lyrics,2024-02-19,19.0,9300,0.24,,,0,0,6,0,0,127,0.3486,0 days 00:00:11,11.0,2024,2,19,Monday,0,0,Low Performance
_i92nKCyA0U,How to have iOS 16.4 Emojis on Higher Android Version,2023-08-03,61.0,9245,2.18,,,0,0,26,0,3,623,4.0714,0 days 00:00:23,23.0,2023,8,3,Thursday,0,0,Low Performance
6q3Y58Di7Dk,I-flex mo na yan! #fypmusic #leonora #opm #fyp„Ç∑ #sugarcane,2023-04-08,56.0,9202,1.1,,,1,0,23,0,2,369,2.3754,0 days 00:00:23,23.0,2023,4,8,Saturday,0,0,Low Performance
hB7q5o_F_xA,LEONORA_Sweetmix DjDarwin,2023-07-13,230.0,9175,7.0,,,0,0,20,11,0,873,19.8508,0 days 00:01:21,81.0,2023,7,13,Thursday,0,0,Low Performance
ssrlBBdi8P0,Sugarcane - Leonora (Slowed + Reverb),2023-08-05,282.0,9166,13.23,,,0,0,25,22,2,1865,70.776,0 days 00:02:16,136.0,2023,8,5,Saturday,0,0,Low Performance
9NTi_6Tl3Fg,‚ú®Ô∏è|| Jose rizal Part || Part of our Noli Me Tangere Trailer Film ||‚ú®Ô∏è,2024-05-15,58.0,9155,0.44,,,0,0,13,0,0,233,1.3515,0 days 00:00:22,22.0,2024,5,15,Wednesday,0,0,Low Performance
Bm0YvaU3Fb0,Leonora (Sugarcane),2024-05-27,31.0,9118,3.69,,,0,0,25,2,2,757,2.9468,0 days 00:00:18,18.0,2024,5,27,Monday,0,0,Low Performance
qLM-uTAi5kM,Reside (feat. angel),2020-12-18,279.0,9102,7.77,,,0,0,159,83,0,1509,67.7308,0 days 00:02:41,161.0,2020,12,18,Friday,0,0,Low Performance
bMC0wQFJ-ic,"GMA Anchor Mike Enriquez Pumanaw sa edad na 71 Ngayong August 29,2023",2023-08-30,16.0,8927,0.91,,,0,0,12,1,0,574,2.2387,0 days 00:00:14,14.0,2023,8,30,Wednesday,0,0,Low Performance
_J2IE-zobg4,Begitu imut yang kamu Leonor senang kali Amran memiliki kamu,2024-12-02,15.0,8919,1.15,,,0,0,165,9,14,2661,15.1551,0 days 00:00:21,21.0,2024,12,2,Monday,0,0,Low Performance
o3tnIxLfONU,SUGARCANE - Paruparo (Teaser),2022-07-01,36.0,8761,7.88,,,10,1,175,21,38,1009,6.849,0 days 00:00:24,24.0,2022,7,1,Friday,0,0,Low Performance
5EzX3Cx_kH0,"LEONORA #Credit to music Creator ""SUGARCANE""",2023-05-07,27.0,8446,0.47,,,0,0,8,0,0,324,1.364,0 days 00:00:17,17.0,2023,5,7,Sunday,0,0,Low Performance
LAHHj-sAFQY,Mekalem being Cute and Adorable at the same timeü§èü•π #binimikha,2025-03-21,34.0,8433,11.36,,,0,0,668,7,7,3524,20.849,0 days 00:00:22,22.0,2025,3,21,Friday,0,0,Low Performance
06uXoqP9ZvI,"SUGARCANE, angelica Gantang - sinehan (lyrics video)",2023-09-24,195.0,8423,11.15,,,0,0,10,15,0,1583,62.9679,0 days 00:02:23,143.0,2023,9,24,Sunday,0,0,Low Performance
Mt13q1wA8fo,Leonora Lyrics,2023-12-21,16.0,8415,1.27,,,0,0,5,0,0,309,0.6454,0 days 00:00:11,11.0,2023,12,21,Thursday,0,0,Low Performance
JGSVEw1XnXA,Kung Maging Akin Ka- Sugarcane (Digital Drums Cover),2023-07-25,247.0,8411,7.15,,,0,0,12,5,4,749,23.6845,0 days 00:01:53,113.0,2023,7,25,Tuesday,0,0,Low Performance
Tcr5y7TfeSI,Leonora by Sugarcane (Lyrics),2023-08-04,214.0,8367,5.47,,,0,0,8,8,1,691,19.5022,0 days 00:01:41,101.0,2023,8,4,Friday,0,0,Low Performance
zvfZF0YLObg,First ever #dustbia moment(Relapse)#pbbcollab #youtubeshorts #trending #shortvideo #video#viralvideo,2025-05-24,13.0,8309,7.25,,,0,0,379,6,7,12526,28.6748,0 days 00:00:18,18.0,2025,5,24,Saturday,0,0,Low Performance
SLMI95e-B6E,"Paalam, Leonora ‚Ä¢ Sugarcane  #sunset",2024-04-23,44.0,8236,1.01,,,0,0,11,1,0,296,1.6398,0 days 00:00:22,22.0,2024,4,23,Tuesday,0,0,Low Performance
GMdKTdK2EgU,Kung Maging Akin Ka - Sugarcane ( Lyrics),2022-10-30,250.0,8209,5.59,,,0,0,15,12,0,712,25.1941,0 days 00:02:07,127.0,2022,10,30,Sunday,0,0,Low Performance
YlejK0U9OXU,Sugarcane - Leonora (Lyrics),2023-11-14,235.0,8164,7.58,,,0,0,9,11,1,919,32.2189,0 days 00:02:06,126.0,2023,11,14,Tuesday,0,0,Low Performance
_QP7SO1JczU,Gunita/Sugarcane,2023-06-22,33.0,8041,1.06,,,0,0,1,0,0,146,0.6154,0 days 00:00:16,16.0,2023,6,22,Thursday,0,0,Low Performance
XqCXZYtbesg,Sugarcane - Leonora (8D Audio)üéß,2023-07-20,235.0,7923,13.24,,,0,0,28,49,0,1505,63.689,0 days 00:02:32,152.0,2023,7,20,Thursday,0,0,Low Performance
cRmnbMYsM48,SUGARCANE|GUNITA|LYRICS,2023-04-15,326.0,7878,8.71,,,0,0,5,23,0,1106,42.1956,0 days 00:02:17,137.0,2023,4,15,Saturday,0,0,Low Performance
i2przTopj-o,Bituin,2019-07-23,200.0,7851,10.14,,,0,0,43,10,1,2777,116.6777,0 days 00:02:31,151.0,2019,7,23,Tuesday,0,0,Low Performance
Tpnk2F1-VfQ,Leonora by @thesugarcaneph,2023-04-28,32.0,7754,0.59,,,0,0,7,2,0,192,0.8072,0 days 00:00:17,17.0,2023,4,28,Friday,0,0,Low Performance
MTGfWan8rb4,SUGARCANE- Dalangin (sped up),2023-05-04,42.0,7623,0.75,,,0,0,2,3,0,170,0.935,0 days 00:00:21,21.0,2023,5,4,Thursday,0,0,Low Performance
n9IAmwUkeuc,ITO ANG KATAS NG AKING TANIMANüòç #VIRALVIDEO #viralshort #viralreels,2025-03-08,6.0,7620,2.55,,,0,0,509,5,5,4886,16.4908,0 days 00:00:12,12.0,2025,3,8,Saturday,0,0,Low Performance
eMH9rjI1U6c,Leonora - SUGARCANE (Cover By: Jay Halasan),2023-05-20,231.0,7583,6.12,,,0,0,21,6,3,575,8.7498,0 days 00:00:54,54.0,2023,5,20,Saturday,0,0,Low Performance
iCHON2j4RV8,Nightcore-Gunita by SUGARCANE #nightcore #sugarcane #gunita,2022-10-24,274.0,7543,6.63,,,0,0,17,12,2,961,33.834,0 days 00:02:06,126.0,2022,10,24,Monday,0,0,Low Performance
jhwhcXiS5ao,leonora remix,2023-08-02,233.0,7427,14.06,,,0,0,17,24,0,1524,38.2573,0 days 00:01:30,90.0,2023,8,2,Wednesday,0,0,Low Performance
gUuZ_Asu5Ig,Bituin (Live) | from Puhon by Ben&Ben: An FB Live Event For The COVID-19 Efforts,2020-04-04,197.0,7348,5.14,,,8,0,33,3,6,540,18.4927,0 days 00:02:03,123.0,2020,4,4,Saturday,0,0,Low Performance
S1J_bLWU_4w,KUNG MAGING AKIN KA - SUGARCANE (LYRICS) Gino.Lyrics,2021-10-23,252.0,7210,6.32,,,0,0,13,19,0,1023,44.9121,0 days 00:02:38,158.0,2021,10,23,Saturday,0,0,Low Performance
qs3XNrNZp3g,"SUGARCANE ‚Äî Paruparo, (sped up)",2022-11-19,269.0,6969,6.21,,,0,0,12,16,2,688,28.608,0 days 00:02:29,149.0,2022,11,19,Saturday,0,0,Low Performance
cttHl_y5_f0,Rochelle first anniversary nila #shortvideos #love #teamrochelle,2025-03-27,7.0,6775,4.56,,,0,0,724,8,4,8418,28.1622,0 days 00:00:13,13.0,2025,3,27,Thursday,0,0,Low Performance
kO9pyrJJjbM,Leonora - Sugarcane #lyrics #filipinosinger #songs #music #tagalogsong #sugarcane,2024-06-06,38.0,6678,0.54,,,0,0,3,0,0,229,1.1995,0 days 00:00:26,26.0,2024,6,6,Thursday,0,0,Low Performance
BUQ-8QlAdU4,Sugarcane - Gabi (Karaoke),2022-03-02,228.0,6613,13.73,,,0,0,7,5,0,1100,44.899,0 days 00:02:26,146.0,2022,3,2,Wednesday,0,0,Low Performance
jEYF9mHz3IQ,Malay Dyosa Nga Yung Ganda Ni Mikha ....,2025-03-10,38.0,6490,2.39,,,0,0,43,0,0,640,2.7589,0 days 00:00:15,15.0,2025,3,10,Monday,0,0,Low Performance
Y_uu78IA5Jw,"Communal Ranch, Impasug-ong Bukidnon, Philippines #bukidnon #communalranch #philippines #travel",2024-01-11,16.0,6372,2.61,,,0,0,9,6,0,432,1.4915,0 days 00:00:14,14.0,2024,1,11,Thursday,0,0,Low Performance
QkUWqoJ4Hvc,"BUKAS NA, 8PM!",2021-07-30,27.0,6341,1.07,,,0,0,16,1,3,136,0.6342,0 days 00:00:16,16.0,2021,7,30,Friday,0,0,Low Performance
d7tgBM4bbAc,Kung Maging Akin Ka- SUGARCANE (lyric Video),2022-08-31,255.0,6287,3.82,,,0,0,3,5,0,514,20.0512,0 days 00:02:20,140.0,2022,8,31,Wednesday,0,0,Low Performance
4IuUQQH0uek,Marlo Mortel and Janella Salvador aka MarNella #abscbn #marnella #marlomortel #janellasalvador #fyp,2024-10-05,12.0,6236,2.6,,,0,0,48,2,0,371,1.3039,0 days 00:00:14,14.0,2024,10,5,Saturday,0,0,Low Performance
zsQw4Q1oShE,Leonora by Sugarcane (Wooden Flute Cover),2025-03-20,231.0,6070,6.0,,,0,0,25,9,4,489,9.7776,0 days 00:01:11,71.0,2025,3,20,Thursday,0,0,Low Performance
kNFTfCZYZ-g,PUHON BY BEN&BEN: SUGARCANE FB LIVE EVENT FOR THE COVID-19 EFFORTS (REPLAY),2020-04-01,2700.0,6008,3.63,,,1,0,13,0,0,252,7.4452,0 days 00:01:46,106.0,2020,4,1,Wednesday,0,0,Low Performance
gPToJDG9nF8,MarNella For I Love You Since 1892 #MarNella #AbsCbn #KapamilyaChannel #KapamilyaOnlineLive,2024-09-12,46.0,5984,2.57,,,0,0,33,0,0,310,2.6024,0 days 00:00:34,34.0,2024,9,12,Thursday,0,0,Low Performance
i5zCOe9TxZ4,MarNella For I Love You Since 1892 #MarNella #AbsCbn #Kapamilya #KapamilyaChannel #Trending,2024-09-12,30.0,5892,2.58,,,0,0,29,0,0,367,2.1994,0 days 00:00:25,25.0,2024,9,12,Thursday,0,0,Low Performance
yk3_cnXl1Wg,My Pretty Ate üëßüèªü•π #babiesofyoutube #myonlybabygirl,2023-06-11,18.0,5766,0.55,,,0,0,50,0,0,3121,13.7431,0 days 00:00:15,15.0,2023,6,11,Sunday,0,0,Low Performance
8yHMfJdvIVk,Leonora - Sugarcane.. Goyo and Remedios love story,2024-01-29,236.0,5714,12.88,,,0,0,11,9,0,1101,43.067,0 days 00:02:20,140.0,2024,1,29,Monday,0,0,Low Performance
D6GLr8oFgPY,LEONORA song by SUGARCANE,2023-12-30,229.0,5708,3.82,,,0,0,5,0,0,563,27.7289,0 days 00:02:57,177.0,2023,12,30,Saturday,0,0,Low Performance
7UtOdceY7lg,"SUGARCANE, JC Herrero - Paruparo | MV Teaser",2022-07-11,16.0,5654,7.15,,,2,1,80,12,18,579,2.4277,0 days 00:00:15,15.0,2022,7,11,Monday,0,0,Low Performance
SAXoYYi2VN0,LEONORA/SUGARCANE...#lyricvideo #lyrics,2023-07-26,235.0,5595,9.51,,,0,0,4,7,1,759,24.659,0 days 00:01:56,116.0,2023,7,26,Wednesday,0,0,Low Performance
lVa9La_j5FI,vday salubong üåπ happy valentines month,2025-03-03,36.0,5535,12.03,,,0,0,116,2,6,1833,13.5544,0 days 00:00:32,32.0,2025,3,3,Monday,0,0,Low Performance
iIFSQ5nG1fk,DjBenjie_Leonora_Swete_mix[PMM],2023-08-17,229.0,5329,11.37,,,0,0,11,8,1,801,7.1364,0 days 00:00:32,32.0,2023,8,17,Thursday,0,0,Low Performance
kBFtBxkhr8s,Leonora by Sugarcane (Banduria Cover by Ma'am Danna),2023-11-12,231.0,5193,8.47,,,0,0,16,1,3,555,14.2066,0 days 00:01:32,92.0,2023,11,12,Sunday,0,0,Low Performance
06vdCw7i458,Unleashing the purr-fect squad flex! #shorts,2023-12-04,23.0,5125,0.88,,,0,0,36,7,35,308,1.7741,0 days 00:00:21,21.0,2023,12,4,Monday,0,0,Low Performance
vnqXkIdmRH0,Leonora Lyrics Sugarcane,2023-08-25,230.0,5029,7.32,,,0,0,5,7,0,757,31.0286,0 days 00:02:27,147.0,2023,8,25,Friday,0,0,Low Performance
AIswb6DWHhw,House of Jose Rizal #philippines #followme #travel #philippines #dapitancity,2024-07-21,19.0,4939,1.15,,,0,0,18,2,1,730,3.8668,0 days 00:00:20,20.0,2024,7,21,Sunday,0,0,Low Performance
6d3MYaltnAM,LEONORA #youtubeshorts  #youtube #subscribe #leonora #sugarcane,2023-10-24,11.0,4669,1.2,,,0,0,6,0,1,263,0.6974,0 days 00:00:11,11.0,2023,10,24,Tuesday,0,0,Low Performance
YTb_A7iiARQ,LEONORA (SHORT LYRICS) - SONG BY SUGARCANE,2023-10-24,61.0,4639,1.08,,,0,0,3,0,0,241,1.371,0 days 00:00:22,22.0,2023,10,24,Tuesday,0,0,Low Performance
Rz2B2YkE-DE,#shorts #songcover #fyp #leonora,2023-06-27,61.0,4626,0.91,,,0,0,5,0,0,195,0.7455,0 days 00:00:17,17.0,2023,6,27,Tuesday,0,0,Low Performance
8JOAHzdi6FE,Leonora - Sugarcane #shorts,2023-06-09,32.0,4387,1.21,,,0,0,5,1,0,367,1.6014,0 days 00:00:18,18.0,2023,6,9,Friday,0,0,Low Performance
TZ_SpZcpD5w,MARNELLA - I Love You Since 1892 Live Adaptation / Serye #MarloMortel #JanellaSalvador #MarNella,2025-06-29,29.0,4364,2.82,,,0,0,15,0,1,574,1.822,0 days 00:00:21,21.0,2025,6,29,Sunday,0,0,Low Performance
5nKwtUvNJQ4,#lascasas #nature,2024-05-02,10.0,4347,0.67,,,0,0,3,0,0,221,0.3943,0 days 00:00:09,9.0,2024,5,2,Thursday,0,0,Low Performance
Om6JXGQNGAw,DJ LEYNARD Leonora sweet,2023-08-19,214.0,4329,12.2,,,0,0,13,9,0,683,6.6189,0 days 00:00:34,34.0,2023,8,19,Saturday,0,0,Low Performance
EwfBEX9HkX0,Maria Clara,2024-05-23,274.0,4226,7.93,,,0,0,24,10,0,2942,166.9841,0 days 00:03:24,204.0,2024,5,23,Thursday,0,0,Low Performance
kE76LnrfDm4,"Paalam, Leonora| 2 #capcut #music #lyrics #azraeltems #shorts @CapCutofficial @CapCutPhilippines",2024-08-26,33.0,4209,0.69,,,0,0,2,0,1,83,0.5269,0 days 00:00:26,26.0,2024,8,26,Monday,0,0,Low Performance
K7NC0nyLZ5I,LEONORA by Sugarcane (Lyrics),2024-01-07,231.0,4150,9.3,,,0,0,9,4,1,862,39.6464,0 days 00:02:45,165.0,2024,1,7,Sunday,0,0,Low Performance
SjhEjKUflOI,BUHAY NG MAGISA! üò¢ #viralvideo #viralshort #virelvideo,2025-02-18,5.0,4082,2.94,,,0,0,794,2,20,8146,28.2382,0 days 00:00:12,12.0,2025,2,18,Tuesday,0,0,Low Performance
-a0y3Js-fFo,si rizal #music,2025-05-21,16.0,4065,0.17,,,0,0,1,0,0,88,0.1075,0 days 00:00:11,11.0,2025,5,21,Wednesday,0,0,Low Performance
1vtC8LkfAWU,Florante At Lauraüíï,2025-03-30,19.0,4062,1.21,,,0,0,4,0,0,167,0.3487,0 days 00:00:11,11.0,2025,3,30,Sunday,0,0,Low Performance
gUv5IJOWUvk,sugarcane - paruparo (slowed & reverb),2023-09-10,330.0,4053,11.37,,,0,0,3,10,1,799,42.1561,0 days 00:03:09,189.0,2023,9,10,Sunday,0,0,Low Performance
PKiflBKx0Pc,Sugarcane - Leonora #tophits #opm #sugarcane #leonora,2023-11-08,59.0,4041,0.59,,,0,0,9,1,0,163,0.7861,0 days 00:00:22,22.0,2023,11,8,Wednesday,0,0,Low Performance
yCfjCscMh60,"PARU - PARO , SUGARCANE ft. Jc Herrero ( kay gandang pagmasdang paru paro )",2022-07-13,347.0,4038,7.26,,,0,0,6,5,6,516,9.5155,0 days 00:01:06,66.0,2022,7,13,Wednesday,0,0,Low Performance
tfTLLzcmC-E,ito po ang manga damit ni jose rizal noon #video #viral #trending #shorts #short #viralvideo #love,2024-07-26,12.0,4019,1.77,,,0,0,9,2,0,414,1.1228,0 days 00:00:10,10.0,2024,7,26,Friday,0,0,Low Performance
QSdwUD4-cC4,Leonora - Sugarcane                          #reels #shorts #sugarcane,2023-12-18,54.0,3923,2.27,,,0,0,13,0,0,394,3.0735,0 days 00:00:28,28.0,2023,12,18,Monday,0,0,Low Performance
D4WRmTJ-qE4,"[Pinoy Harmonica Player] ""Leonora"" by Sugarcane",2024-06-12,234.0,3893,10.84,,,0,0,33,3,12,724,13.6514,0 days 00:01:07,67.0,2024,6,12,Wednesday,0,0,Low Performance
5ApB6Fa3YQU,Tanging Ikaw (Harana Version),2025-07-03,181.0,3884,3.81,,,0,0,120,21,4,10393,355.1239,0 days 00:02:03,123.0,2025,7,3,Thursday,0,0,Low Performance
4S4RDGHaUGs,Leonora by Sugarcane #FranSeth | #FRANSETHCloudies #Francinediaz | #Sethfedelin,2024-01-24,17.0,3791,0.92,,,0,0,15,0,1,364,1.3626,0 days 00:00:14,14.0,2024,1,24,Wednesday,0,0,Low Performance
m3WIb1l_cJA,National teams are not league clubs. I'm not a football fan. This is just the actual protocol.,2024-11-11,3.0,3762,2.07,,,0,0,44,1,5,623,1.0584,0 days 00:00:08,8.0,2024,11,11,Monday,0,0,Low Performance
Y0BX1E8-MC4,ANG AKING MARIA CLARA #BUWANNGWIKAüáµüá≠‚ô•Ô∏èüíôüíõ,2024-09-12,19.0,3721,3.57,,,0,0,12,1,2,1065,2.6165,0 days 00:00:10,10.0,2024,9,12,Thursday,0,0,Low Performance
7Jw1_PLgrkk,#jodistamaria #edit #loveteam #richardyap #becarefulwithmyheart,2024-03-03,20.0,3703,0.59,,,0,0,36,0,1,1198,5.1416,0 days 00:00:15,15.0,2024,3,3,Sunday,0,0,Low Performance
TjhKMECP95E,kung maging akin ka „Éº sugarcane ( sped up ),2022-07-21,194.0,3630,11.57,,,0,0,10,20,2,674,28.8179,0 days 00:02:33,153.0,2022,7,21,Thursday,0,0,Low Performance
5cReInORSIQ,"It was so nice meeting you all! Stream ""Leonora"" by SUGARCANE üåπ #wish1075 #opm #supportlocal",2023-06-21,61.0,3616,2.3,,,0,0,5,0,0,187,1.5922,0 days 00:00:36,36.0,2023,6,21,Wednesday,0,0,Low Performance
ctJaDJZ8jy0,"Just in: Kathryn Bernardo also unfollowed Gillian Vicencio, Julia Barretto, and Liza Soberano",2024-01-11,17.0,3582,2.79,,,0,0,12,0,0,853,3.6777,0 days 00:00:15,15.0,2024,1,11,Thursday,0,0,Low Performance
S7cGi7x4e2g,one direction narry dancing #onedirection #1d #harry #niall #narry #shorts,2023-07-08,19.0,3460,3.47,,,0,0,60,0,1,906,2.8114,0 days 00:00:11,11.0,2023,7,8,Saturday,0,0,Low Performance
xDIAd3A9-Vw,Leonora|Sugar Cane|(Bass Cover),2023-06-12,231.0,3410,11.85,,,0,0,5,5,1,539,7.4018,0 days 00:00:49,49.0,2023,6,12,Monday,0,0,Low Performance
DH0lRae4xS8,STAY STRONG MOMMY SABBBY #yabby #fyp #onlycontent#yabby,2023-07-29,22.0,3388,3.9,,,0,0,44,0,2,608,1.7302,0 days 00:00:10,10.0,2023,7,29,Saturday,0,0,Low Performance
Gtu0p1RY8gk,Leonora by Sugarcane (slowed+reverb) #music #musicvibes #philippines,2024-06-05,36.0,3338,3.62,,,0,0,21,2,0,755,7.6446,0 days 00:00:47,47.0,2024,6,5,Wednesday,0,0,Low Performance
1erZWwtUezY,ANDREA BRILLANTES gorgeously pretty!üíñ#andreabrillantes #andrea #blythe #viral #trending #fyp,2025-05-12,7.0,3303,3.84,,,0,0,37,0,0,4679,6.6711,0 days 00:00:13,13.0,2025,5,12,Monday,0,0,Low Performance
8PB2t5rgu-g,"Bituin ni Justin Gutang sa KBL, Muntik na maabot ng mga Pinoy background actors in Korea! üòÜ #Shorts",2023-04-23,16.0,3273,6.84,,,0,0,20,1,1,1696,5.2758,0 days 00:00:11,11.0,2023,4,23,Sunday,0,0,Low Performance
IaDPlZ0OrNQ,Leonora//Sugarcane,2024-01-04,21.0,3232,1.08,,,0,0,7,3,0,320,2.1344,0 days 00:00:34,34.0,2024,1,4,Thursday,0,0,Low Performance
un7caGj-l0k,AH ok sya pala #shorts #fyang #batangas #triciaslipa,2024-10-18,34.0,3189,0.69,,,0,0,3,1,0,548,2.8274,0 days 00:00:18,18.0,2024,10,18,Friday,0,0,Low Performance
S_L9PIxNeKk,Wild Rift - Leona de Leonora #lol #wildrift #lolmobile #viralvideo #gaming,2023-09-26,17.0,3175,0.47,,,0,0,2,0,0,250,1.2673,0 days 00:00:18,18.0,2023,9,26,Tuesday,0,0,Low Performance
MgdT-ksf8_c,Sundress + cardigan ‚ú®üíú #ootd #outfitideas #sundress,2025-02-04,16.0,3169,1.58,,,0,0,34,0,1,819,2.6412,0 days 00:00:11,11.0,2025,2,4,Tuesday,0,0,Low Performance
237Cz97EKhQ,leonora...~,2023-06-30,61.0,3081,1.79,,,0,0,2,0,0,185,1.3029,0 days 00:00:25,25.0,2023,6,30,Friday,0,0,Low Performance
aE3OohHriYM,leonora // ruinene // pjsk // #projectsekai #projectsekaicolorfulstage #fyp„Ç∑„Çöviral #comment,2024-07-26,41.0,3076,1.79,,,0,0,18,0,1,156,0.5551,0 days 00:00:13,13.0,2024,7,26,Friday,0,0,Low Performance
m9qzgJqoQOE,MIKHAIAH BLOOPERS #mikhaiah #binimikha #biniaiah #bini,2024-06-10,61.0,3039,3.72,,,0,0,591,4,4,6145,49.036,0 days 00:00:29,29.0,2024,6,10,Monday,0,0,Low Performance
gnrJdmfZaT4,Guili - Leonora by Sugarcane || Zhongli and Guizhong Edit,2024-02-19,30.0,3030,1.78,,,0,0,9,1,1,162,0.6501,0 days 00:00:17,17.0,2024,2,19,Monday,0,0,Low Performance
Z40WQbxLhvY,DJü§éTangingIkaw #danjoy @kalingapdan5934 @joyaquino111 #djwalangiwanan #onekalingaponefamily,2025-04-16,60.0,2954,11.58,,,0,0,293,3,4,1301,8.9021,0 days 00:00:34,34.0,2025,4,16,Wednesday,0,0,Low Performance
U3Pg8625zVA,upgraded my blue butterfly,2023-06-18,61.0,2869,2.61,,,0,0,11,4,0,129,0.674,0 days 00:00:21,21.0,2023,6,18,Sunday,0,0,Low Performance
m3tSqpILDFE,Vertex form of Quadratic Equation! #math #maths #mathematics #shorts,2023-05-21,36.0,2817,0.75,,,0,0,12,1,0,134,1.5541,0 days 00:00:42,42.0,2023,5,21,Sunday,0,0,Low Performance
HiDR2UAgk7I,MARNELLA I LOVE YOU SiNCE 1892 #MarNella #MarloMortel #JanellaSalvador #ILoveYouSince1892 #Trending,2025-07-08,13.0,2767,0.94,,,0,0,4,1,0,128,0.1944,0 days 00:00:10,10.0,2025,7,8,Tuesday,0,0,Low Performance
1fZKMm3D_LA,Educational Field Trip at Rizal Shrine #sugarcane,2024-02-24,57.0,2718,0.15,,,0,0,3,0,0,127,0.4484,0 days 00:00:20,20.0,2024,2,24,Saturday,0,0,Low Performance
dH4bsEy4y5w,Leonora - Sugarcane #shorts,2023-06-19,33.0,2718,3.94,,,0,0,6,3,0,172,1.4374,0 days 00:00:31,31.0,2023,6,19,Monday,0,0,Low Performance
TjUT9uL0Ixo,#henryviii #catherineofaragon #thetudors #edit #leonora #sugarcane #tudors #tudoredit #capcut,2025-01-05,61.0,2713,3.5,,,0,0,176,2,4,4190,40.8056,0 days 00:00:36,36.0,2025,1,5,Sunday,0,0,Low Performance
J1kGDlEPFOs,"2nd Verse ""Sinehan || SUGARCANE x Angelica Gantang""",2023-12-19,31.0,2653,0.64,,,0,0,3,0,0,74,0.3041,0 days 00:00:16,16.0,2023,12,19,Tuesday,0,0,Low Performance
fU64-6_oceU,leonora - sugarcane #new #trending #capcut #template #foryou #lyrics,2024-02-04,32.0,2648,0.49,,,0,0,2,0,0,106,1.2556,0 days 00:00:58,58.0,2024,2,4,Sunday,0,0,Low Performance
3JIHGQoFCqo,Marlo Mortel and Janella Salvador / Juanito Alfonso & Carmela Isabella #MarNella #ILYS1892 #Shorts,2025-07-08,16.0,2611,1.49,,,0,0,4,1,0,125,0.2364,0 days 00:00:11,11.0,2025,7,8,Tuesday,0,0,Low Performance
Ywp8M0qOC0g,Leonora - Sugarcane #shorts,2023-06-01,32.0,2528,2.81,,,0,0,4,7,0,144,3.3714,0 days 00:01:24,84.0,2023,6,1,Thursday,0,0,Low Performance
Rn2Pqrddxi8,Leonora//Sugarcane,2023-06-02,32.0,2488,0.92,,,0,0,4,6,0,126,0.5039,0 days 00:00:14,14.0,2023,6,2,Friday,0,0,Low Performance
3ewpNYAbNJk,"""Leonora"" Song by Sugarcane #songlyrics #sugarcane",2024-03-24,24.0,2463,0.97,,,0,0,0,1,0,128,0.5687,0 days 00:00:22,22.0,2024,3,24,Sunday,0,0,Low Performance
CwbT8JPKYcY,Ginoong Juanito Alfonso - Marlo Mortel - I Love You Since 1892 #MarNella #MarloMortel #AbsCbn,2024-04-15,22.0,2453,2.24,,,0,0,7,0,1,139,0.594,0 days 00:00:18,18.0,2024,4,15,Monday,0,0,Low Performance
TA5BtLAWrcU,I Love You Since 1892 feels - MarNella #MarloMortel #JanellaSalvador #MarNella #Shorts #Kapamilya,2024-11-14,29.0,2410,2.78,,,0,0,22,0,0,231,0.8628,0 days 00:00:16,16.0,2024,11,14,Thursday,0,0,Low Performance
YV7YpPDa7oE,leonora ~ sugarcane #sugarcane #leonora #shorts,2024-07-09,60.0,2239,1.07,,,0,0,4,0,0,121,0.7623,0 days 00:00:28,28.0,2024,7,9,Tuesday,0,0,Low Performance
zjIWgqkY3n0,Leonora - SUGARCANE (Mark&Music X Sab Cover),2023-07-02,229.0,2234,9.49,,,0,0,14,21,2,884,10.2745,0 days 00:00:41,41.0,2023,7,2,Sunday,0,0,Low Performance
Wf4jqO8yaxM,"Congratulations in advance, Rainah Jenn #raincelmar #rainah #rain",2025-04-16,21.0,2231,5.78,,,0,0,90,0,1,1517,3.0779,0 days 00:00:14,14.0,2025,4,16,Wednesday,0,0,Low Performance
zjv4TJ1z2aA,nasan na? | leonora by sugarcane #preset #edit #lyrics #leonora,2023-08-24,20.0,2182,2.61,,,0,0,8,1,1,444,1.4704,0 days 00:00:13,13.0,2023,8,24,Thursday,0,0,Low Performance
0HtfHD3pwdY,baka matunaw SI ate Yana nyan kuya miles üòÄüò≠,2025-04-05,12.0,2122,1.04,,,0,0,40,0,0,1540,3.8002,0 days 00:00:17,17.0,2025,4,5,Saturday,0,0,Low Performance
v78h6W_gDqI,Shorekeeper & Rover edit || Leonara || Wuthering Waves,2025-03-21,39.0,2118,0.94,,,0,0,36,1,1,619,2.5667,0 days 00:00:16,16.0,2025,3,21,Friday,0,0,Low Performance
vsJ-TlRbYAM,Gunita (Live) | from UP Fair: Cosmic Clash 2021 (Stand with Farmers),2021-02-12,329.0,2072,2.22,,,1,0,32,5,7,81,4.5498,0 days 00:03:22,202.0,2021,2,12,Friday,0,0,Low Performance
79FDlAPdgvM,"tasty sugarcane juice #sarjapuraroad , #wipro wipro",2023-09-23,16.0,2025,0.25,,,0,0,1,0,0,118,0.2996,0 days 00:00:09,9.0,2023,9,23,Saturday,0,0,Low Performance
u9z3_FgAuU8,NOLI ME TANGHERE (TRAILER),2024-05-08,61.0,2017,0.64,,,0,0,1,0,0,159,0.3338,0 days 00:00:11,11.0,2024,5,8,Wednesday,0,0,Low Performance
awLbbQxed4Q,‚Äú POV: YOU‚ÄôRE A PRINCESS ‚Äú #edit #foryou #views #trending #trendingshorts #lyrics #viral #follow ###,2024-01-03,37.0,2006,0.65,,,0,0,150,8,5,2637,15.5264,0 days 00:00:21,21.0,2024,1,3,Wednesday,0,0,Low Performance
DQ4nulhnUh4,"Bridge ""Sinehan || SUGARCANE x Angelica Gantang""",2023-12-19,38.0,1998,0.8,,,0,0,2,1,0,53,0.261,0 days 00:00:19,19.0,2023,12,19,Tuesday,0,0,Low Performance
VyDVHDFU8U8,Sweet Avocado ü•ë kasi may Gatas na! ü§£,2023-09-07,53.0,1993,1.61,,,0,0,5,2,0,164,0.7866,0 days 00:00:19,19.0,2023,9,7,Thursday,0,0,Low Performance
6DWe03cBwEM,NAKARANAS NADIN BA KAYONG SUMAMA DITO? #MAHALNAARAW #VIRALSHORT,2025-04-18,13.0,1985,2.72,,,0,0,57,0,1,682,2.0718,0 days 00:00:20,20.0,2025,4,18,Friday,0,0,Low Performance
xaj_rrsLwnk,Good morning fredo#cute #cats #catlovers #leonora,2023-10-06,16.0,1983,0.61,,,0,0,1,0,0,35,0.0714,0 days 00:00:07,7.0,2023,10,6,Friday,0,0,Low Performance
Qs5APTrbef4,Filay ‚ú®Ô∏è | Leonora - Sugarcane,2024-04-27,61.0,1941,3.14,,,0,0,16,1,3,622,4.0461,0 days 00:00:24,24.0,2024,4,27,Saturday,0,0,Low Performance
8u2oyQe-J8I,Janella Salvador is Binibining Carmela Isabella #JanellaSalvador #CarmelaIsabella #ILYS1892,2025-06-09,16.0,1920,4.53,,,0,0,43,0,0,2366,5.3983,0 days 00:00:16,16.0,2025,6,9,Monday,0,0,Low Performance
3cQYRWQ5Zw0,deep. #conversation #friendship #youtubeshorts #ytshorts #gunita #sugarcane #fyp,2024-05-24,36.0,1904,0.42,,,0,0,10,0,0,443,2.0156,0 days 00:00:16,16.0,2024,5,24,Friday,0,0,Low Performance
Fu1KY0d_ih8,watching too much basketball shorts #skillstraining #r2ball #ryanrazooky #nba #mpbl #espn #shorts,2022-08-18,15.0,1874,0.32,,,0,0,22,1,0,1306,5.5203,0 days 00:00:15,15.0,2022,8,18,Thursday,0,0,Low Performance
TvulSzUhNEk,Jos√© rizal and Leonor revera √ó leonora by sugarcane #gacha #lunimememes #history,2025-04-19,33.0,1810,3.2,,,0,0,34,0,1,1536,13.114,0 days 00:01:32,92.0,2025,4,19,Saturday,0,0,Low Performance
xA4Bqf3-HJ4,ABSCBN MarNella For I Love You Since 1892 #MarNella #MarloMortel #JanellaSalvador #iloveyousince1892,2024-09-12,61.0,1799,3.5,,,0,0,28,0,0,718,4.2361,0 days 00:00:21,21.0,2024,9,12,Thursday,0,0,Low Performance
Mu-S_pp6o_4,Leonora by: Sugarcane (Instrumental),2023-10-06,235.0,1798,22.3,,,0,0,5,98,1,748,8.836,0 days 00:00:42,42.0,2023,10,6,Friday,0,0,Low Performance
NJ2SSIg1pkc,LEONORA - SUGARCANE (LYRICS) #lyrics #shorts,2025-02-12,61.0,1785,1.23,,,0,0,1,0,0,107,0.4921,0 days 00:00:27,27.0,2025,2,12,Wednesday,0,0,Low Performance
JD6kp_Z4ZuE,DJü§é #danjoy TangingIkaw   @kalingapdan5934 @joyaquino111 #djwalangiwanan #djinspire,2025-05-09,40.0,1752,7.99,,,0,0,145,3,4,1234,5.5656,0 days 00:00:29,29.0,2025,5,9,Friday,0,0,Low Performance
CriyvzVAbHc,"Last Chorus to Outro ""Sinehan || SUGARCANE x Angelica Gantang""",2023-12-19,27.0,1746,0.4,,,0,0,4,0,0,105,0.5118,0 days 00:00:19,19.0,2023,12,19,Tuesday,0,0,Low Performance
FnddGFWgpbo,I Love You Since 1892 #MarNella #MarloMortel #JanellaSalvador #ILoveYouSince1892 #kapamilyachannel,2024-04-02,14.0,1737,1.67,,,0,0,2,0,0,90,0.2916,0 days 00:00:14,14.0,2024,4,2,Tuesday,0,0,Low Performance
IxyyMEhTKWw,pinagtagpo ngunit hindi tinidhana,2023-09-09,35.0,1733,0.63,,,0,0,2,0,0,160,0.5785,0 days 00:00:13,13.0,2023,9,9,Saturday,0,0,Low Performance
3uG1SITPHv4,ANG CUTE NAMAN NG BABY NA ITO AT LAGI PA NAKA UPO SA BAHAY NIYA CUTE NAMAN!!! #comedy,2024-06-24,22.0,1699,0.71,,,0,0,6,0,0,36,0.0787,0 days 00:00:08,8.0,2024,6,24,Monday,0,0,Low Performance
oGGzv3Zlaa0,"Pre to Chorus ""Sinehan || SUGARCANE x Angelica Gantang""",2023-12-19,45.0,1685,0.77,,,0,0,3,2,0,54,0.3938,0 days 00:00:28,28.0,2023,12,19,Tuesday,0,0,Low Performance
xZSTk21Hz4g,"POV: Merong mga lalaki na manghaharana sayo, Leonora by @thesugarcaneph #brpjoserizal",2024-08-31,49.0,1653,0.91,,,0,0,3,0,1,109,0.4439,0 days 00:00:15,15.0,2024,8,31,Saturday,0,0,Low Performance
ga6PGcB_NO8,David Licauco,2025-04-20,25.0,1650,16.06,,,0,0,84,0,1,947,5.8274,0 days 00:00:39,39.0,2025,4,20,Sunday,0,0,Low Performance
xyA-2tXfZNk,Naglandang sad mo?üçåü•• #binignit #landang #filipinofood #cooking #cooking  #2024  #holyweek,2024-03-29,40.0,1641,1.65,,,0,0,12,0,0,541,2.0229,0 days 00:00:13,13.0,2024,3,29,Friday,0,0,Low Performance
IEfTSoCRxM8,leonora-sugarcane/fiona dani'e cover,2024-08-13,59.0,1638,0.37,,,0,0,2,0,1,160,0.6052,0 days 00:00:20,20.0,2024,8,13,Tuesday,0,0,Low Performance
-LY6fpUs2w0,quadro is backkk,2025-06-08,11.0,1616,2.78,,,0,0,49,0,0,1291,2.0644,0 days 00:00:10,10.0,2025,6,8,Sunday,0,0,Low Performance
hyXBxQpEvoI,Attack ! always attack!,2024-03-17,60.0,1614,0.56,,,0,0,2,0,0,43,0.2926,0 days 00:00:24,24.0,2024,3,17,Sunday,0,0,Low Performance
VmVLMzP9fxA,"mamahalin parin kita, sigaw ng puso ko",2023-04-29,36.0,1610,0.31,,,0,0,1,0,0,94,0.3088,0 days 00:00:11,11.0,2023,4,29,Saturday,0,0,Low Performance
oa5ZANP4Vi4,TANGGOL & BUBBLES X LEONORA #tanggol #batangquiapo,2024-11-15,23.0,1548,1.23,,,0,0,25,0,0,611,1.3688,0 days 00:00:08,8.0,2024,11,15,Friday,0,0,Low Performance
ClexWZ7pz8Q,Explore the ocean with me! 15 #bikini #coral #freediving #island #ocean #sea #shark,2025-06-26,30.0,1456,0.0,,,0,0,0,0,0,18,0.0182,0 days 00:00:09,9.0,2025,6,26,Thursday,0,0,Low Performance
IXOhL0SinF8,this quick escape leaves a remarkable moment.,2025-06-09,18.0,1440,1.04,,,0,0,16,1,0,1375,2.3251,0 days 00:00:11,11.0,2025,6,9,Monday,0,0,Low Performance
T4G40FlEJCQ,"Paalam, Leonora #capcut #music #lyrics #azraeltems #shorts  @CapCutofficial @CapCutPhilippines",2024-08-26,33.0,1431,0.91,,,0,0,1,0,1,37,0.1331,0 days 00:00:17,17.0,2024,8,26,Monday,0,0,Low Performance
5tlDF21Mttc,Almost. A video activity commission. #mv #leonora #videography #editing #cinematic,2024-11-30,33.0,1366,0.59,,,0,0,2,1,0,31,0.0899,0 days 00:00:14,14.0,2024,11,30,Saturday,0,0,Low Performance
lrVTJtFWP2g,#fyshorts #fytiktok sugarcane- leonora sped up lyrics Short,2024-06-16,15.0,1322,1.13,,,0,0,5,0,0,106,0.2928,0 days 00:00:10,10.0,2024,6,16,Sunday,0,0,Low Performance
Dl_Hv5VGCWg,CAELUS EDIT :33 #honkaistarrail,2024-08-14,22.0,1300,1.38,,,0,0,5,0,1,103,0.1978,0 days 00:00:08,8.0,2024,8,14,Wednesday,0,0,Low Performance
MZxbeYbz2ek,Paru paro by Sugarcane | aerial hammock series | unicorn | aerial split #shorts,2024-01-29,58.0,1288,1.24,,,0,0,5,0,0,66,0.3878,0 days 00:00:21,21.0,2024,1,29,Monday,0,0,Low Performance
fmQQdTWtRV4,Leonora - Sugarcane,2023-07-02,32.0,1288,0.85,,,0,0,0,0,0,29,0.1219,0 days 00:00:15,15.0,2023,7,2,Sunday,0,0,Low Performance
IgQhxDSmI2I,Match made in HEAVEN ü•∞ü•∞ü•∞ #sarahgeronimo #matteoguidicelli #soinlove #perfectmatch,2024-09-12,47.0,1251,3.68,,,0,0,15,0,2,203,1.577,0 days 00:00:28,28.0,2024,9,12,Thursday,0,0,Low Performance
xvfivbHmG5E,Infinix Hot 50 Pro+ look and design,2025-01-29,13.0,1235,2.35,,,0,0,16,2,4,591,2.0264,0 days 00:00:12,12.0,2025,1,29,Wednesday,0,0,Low Performance
xm2b17X6zVw,#trending #viral #viralvideo #shortvideo Sugarcane,2024-04-17,9.0,1225,0.57,,,0,0,5,0,2,503,1.4767,0 days 00:00:10,10.0,2024,4,17,Wednesday,0,0,Low Performance
ZsIywZOl9gA,Follow the flow and discover hidden paths. #River #KDRAdventureCamp #KDRAC #OraniBataan #Bataan,2025-01-08,15.0,1209,2.81,,,0,0,8,2,0,624,2.2422,0 days 00:00:13,13.0,2025,1,8,Wednesday,0,0,Low Performance
Zr54VrNlUC4,Alberto's Pizza üçï‚ù§Ô∏è / @JesMark14 üíû,2023-06-07,23.0,1174,3.49,,,0,0,6,1,4,82,0.2578,0 days 00:00:11,11.0,2023,6,7,Wednesday,0,0,Low Performance
4RyzWyy1t-I,Ty sa pic ate lyka,2024-02-15,21.0,1168,1.2,,,0,0,13,0,0,151,0.486,0 days 00:00:12,12.0,2024,2,15,Thursday,0,0,Low Performance
7vSFJK1R-4c,"KBL ( Kadyos, Baboy, Langka) Kaon ta ninyo üçΩÔ∏è #mukbang #food #foodie",2023-08-13,61.0,1158,2.85,,,0,0,1,1,0,126,0.6447,0 days 00:00:19,19.0,2023,8,13,Sunday,0,0,Low Performance
vTcte3NtBwc,I LOVE YOU SINCE 1892 MARNELLA #MarNella #MarloMortel #JanellaSalvador #ILoveYouSince1892 #Trending,2025-07-08,16.0,1158,1.64,,,0,0,1,0,0,76,0.1149,0 days 00:00:09,9.0,2025,7,8,Tuesday,0,0,Low Performance
AJNG-8_yafM,Leonora another remake?!,2024-02-12,29.0,1156,1.47,,,0,0,9,0,1,124,0.5397,0 days 00:00:16,16.0,2024,2,12,Monday,0,0,Low Performance
_utyYe4SdjA,15 November 2023,2023-11-15,18.0,1152,0.43,,,0,0,1,0,0,18,0.1648,0 days 00:00:32,32.0,2023,11,15,Wednesday,0,0,Low Performance
7ZCSZCIjSVU,Full list of all the songs is on my TikTok #18rosessongs #18debutsongs #filipinodebut #18roses,2024-11-26,61.0,1122,1.52,,,0,0,11,1,1,620,2.3622,0 days 00:00:14,14.0,2024,11,26,Tuesday,0,0,Low Performance
wTYDU_lu52I,#Paruparo#shortvideo,2023-03-22,13.0,1068,1.5,,,0,0,9,1,1,149,0.4611,0 days 00:00:11,11.0,2023,3,22,Wednesday,0,0,Low Performance
eY6RJl1yHOc,Leonora - Sugarcane #shorts,2023-06-15,34.0,1060,1.23,,,0,0,0,0,0,40,0.1808,0 days 00:00:16,16.0,2023,6,15,Thursday,0,0,Low Performance
dwKAPcFkN5c,Preview ‚Ä¢ First ever Radio Drama ‚Ä¢ It's Always You ‚Ä¢ by Mass Comm students ‚Ä¢ Full video in YT,2024-06-27,44.0,1034,1.16,,,0,0,3,0,0,14,3.6978,0 days 00:18:29,1109.0,2024,6,27,Thursday,0,0,Low Performance
lgTN2ibXu3s,1k likes if you know filandre YT,2024-09-06,16.0,1033,5.23,,,0,0,4,0,0,89,0.5298,0 days 00:00:21,21.0,2024,9,6,Friday,0,0,Low Performance
LS9i_egvi14,hak and dhak,2023-05-20,15.0,1020,1.18,,,0,0,20,0,0,1716,6.7242,0 days 00:00:14,14.0,2023,5,20,Saturday,0,0,Low Performance
Nk48SeUnn9g,#photo #gunita #sugarcane #song,2024-10-08,61.0,1020,1.08,,,0,0,0,0,0,44,0.2448,0 days 00:00:21,21.0,2024,10,8,Tuesday,0,0,Low Performance
5AtW4tPb-S8,Under the oak tree #edit,2023-09-24,23.0,1015,1.58,,,0,0,4,0,0,35,0.0862,0 days 00:00:09,9.0,2023,9,24,Sunday,0,0,Low Performance
xSCxyQ2E1xE,#music #sugarcane #video #vintage,2024-04-02,19.0,1002,1.2,,,0,0,1,1,0,68,0.2542,0 days 00:00:14,14.0,2024,4,2,Tuesday,0,0,Low Performance
GhiXnePUIec,Mountea bantu PDKT kamu makin lancar!üòçüíö,2023-02-27,21.0,978,0.0,,,0,0,23,0,0,2015,9.0145,0 days 00:00:16,16.0,2023,2,27,Monday,0,0,Low Performance
yvZxPzQqmVI,jhoanna edit - leonora #jhoanna #bini #edit #shorts,2024-08-24,21.0,977,5.12,,,0,0,7,2,0,82,0.4594,0 days 00:00:20,20.0,2024,8,24,Saturday,0,0,Low Performance
m6x1QmshAss,Phillipine Sugarcane Industry,2024-07-22,61.0,943,1.7,,,0,0,9,0,4,453,1.8091,0 days 00:00:14,14.0,2024,7,22,Monday,0,0,Low Performance
gQ59ianI7Lk,19 June 2025,2025-06-19,16.0,914,0.22,,,0,0,0,0,0,67,0.0893,0 days 00:00:10,10.0,2025,6,19,Thursday,0,0,Low Performance
aW8Bg1SsBgc,Bo‚Äôs Coffee Dumaguete Boulevard,2024-01-16,7.0,913,1.75,,,0,0,1,1,0,74,0.3172,0 days 00:00:16,16.0,2024,1,16,Tuesday,0,0,Low Performance
KojDr8gRxPY,"""Nobody's Portrait  "" music by Sugarcane -Leonora",2023-12-25,60.0,910,0.22,,,0,0,0,0,0,45,0.0719,0 days 00:00:08,8.0,2023,12,25,Monday,0,0,Low Performance
1InUaDEUPws,angelic goddessüòçü´†ü™Ωü§çüèÜü´∂ #beckyarmstrong #beckysangel #freenbecky #9entertainawards2025 #freenbeck,2025-05-25,60.0,903,5.98,,,0,0,64,1,1,962,2.1112,0 days 00:00:19,19.0,2025,5,25,Sunday,0,0,Low Performance
aSBuNikqC6w,#leonora #fyp #fypyoutube #ibongadarna,2025-04-04,34.0,892,3.03,,,0,0,5,0,0,397,0.5654,0 days 00:00:19,19.0,2025,4,4,Friday,0,0,Low Performance
HRiHvhhCP0w,Cara kerja paru2,2022-09-29,21.0,890,3.03,,,0,0,3,1,0,230,0.7901,0 days 00:00:12,12.0,2022,9,29,Thursday,0,0,Low Performance
CBNL5o_mpWY,LEONORA BY SUGARCANE (PLANETSHAKERS EDIT!) #planetshakers #edits #shorts,2023-10-09,19.0,873,0.34,,,0,0,1,0,0,123,0.3352,0 days 00:00:13,13.0,2023,10,9,Monday,0,0,Low Performance
S8IwHxtR96s,Leonora with Ashdres muhlach fam,2025-04-04,29.0,845,2.13,,,0,0,7,0,0,581,0.7276,0 days 00:00:13,13.0,2025,4,4,Friday,0,0,Low Performance
TK1ip7EZ_OU,#butterfly,2023-04-15,28.0,843,1.07,,,0,0,4,0,1,22,0.0946,0 days 00:00:15,15.0,2023,4,15,Saturday,0,0,Low Performance
l1RvadjgUnE,guys kahit Anong mang yari milmi parin Tayo guys stay strong #runcavmanagement #milmi,2025-06-22,15.0,838,3.94,,,0,0,74,0,1,1339,1.9824,0 days 00:00:09,9.0,2025,6,22,Sunday,0,0,Low Performance
CDWUscZVHFs,Leonora - Sugarcane #shorts,2023-06-13,32.0,801,1.87,,,0,0,1,1,0,37,0.2826,0 days 00:00:28,28.0,2023,6,13,Tuesday,0,0,Low Performance
mn3SS2tDQlQ,"tulad nga ng kanta, dumating na daw ang tinadhana kaso paano may Jackie si Roberto? #albertmartinez",2025-06-19,27.0,800,3.88,,,0,0,17,0,0,948,3.0087,0 days 00:00:19,19.0,2025,6,19,Thursday,0,0,Low Performance
PcA6Ih63Hbs,Sugarcane,2025-01-12,7.0,797,0.75,,,0,0,13,2,0,806,1.805,0 days 00:00:09,9.0,2025,1,12,Sunday,0,0,Low Performance
F6wKLx75aOQ,Who remembers South Park In San Severo? #shorts #southpark #southparkinsansevero #sansevero,2025-05-02,19.0,779,2.7,,,0,0,4,0,0,788,0.5416,0 days 00:00:12,12.0,2025,5,2,Friday,0,0,Low Performance
J1ZglGuXa4k,beautiful night lamp #3dnightlamp #ledlamp #buynow #buyhere ‚û°Ô∏è #tiktokshop (nila.recos) #shorts #fyp,2024-03-23,24.0,770,0.13,,,0,0,1,0,0,59,0.2009,0 days 00:00:12,12.0,2024,3,23,Saturday,0,0,Low Performance
gPs-S4qrI7k,Tanging Ikaw,2025-07-03,177.0,768,3.52,,,0,0,22,1,2,667,23.4669,0 days 00:02:06,126.0,2025,7,3,Thursday,0,0,Low Performance
V65MImnQ3Rs,Kiana x Jyahnar edit [GGZ] {Leonora by Sugarcane},2025-05-01,21.0,754,3.85,,,0,0,3,0,0,94,0.2239,0 days 00:00:15,15.0,2025,5,1,Thursday,0,0,Low Performance
JC6h1k0DBnI,"December 18, 2023",2023-12-18,16.0,751,5.59,,,0,0,15,1,1,166,0.3984,0 days 00:00:09,9.0,2023,12,18,Monday,0,0,Low Performance
v7d5ix86F1I,Quick ride before the sun goes down. #KawasakiW175 #Wasak,2023-04-20,60.0,747,0.0,,,0,0,1,0,0,2,0.0085,0 days 00:00:15,15.0,2023,4,20,Thursday,0,0,Low Performance
11EO08Sy5EY,Trucking's Life üòç #truck #sugarcane #travel #natureslover #,2024-11-22,50.0,734,3.13,,,0,0,17,0,13,210,1.0261,0 days 00:00:17,17.0,2024,11,22,Friday,0,0,Low Performance
HXy8WnUZ2wI,REYNA ELENA 2024 #floresdemayo,2024-05-30,53.0,728,0.82,,,0,0,8,0,0,440,1.4658,0 days 00:00:12,12.0,2024,5,30,Thursday,0,0,Low Performance
_JpijyqmPsE,saming bakuran #haranaü•∞,2024-10-13,61.0,728,0.27,,,0,0,11,0,2,442,3.6796,0 days 00:00:30,30.0,2024,10,13,Sunday,0,0,Low Performance
oSyM0N4qNt4,up till sunrise. #minecraft,2024-06-10,41.0,719,0.56,,,0,0,20,0,1,648,3.4004,0 days 00:00:19,19.0,2024,6,10,Monday,0,0,Low Performance
YcEjenJGEJU,"Leonora, Wooden flute",2025-05-28,49.0,710,2.68,,,0,0,3,0,0,165,0.3285,0 days 00:00:19,19.0,2025,5,28,Wednesday,0,0,Low Performance
Gk5WAdhXbZI,Ang e-jeep ng mga pampublikong paaralan sa #Imus #Cavite #Deped #GEANHS #public #school #philippines,2025-07-12,13.0,701,5.56,,,0,0,9,1,0,1804,2.1212,0 days 00:00:11,11.0,2025,7,12,Saturday,0,0,Low Performance
Asnm-51CDm8,ILYS1892 Vibes,2025-04-03,23.0,693,0.87,,,0,0,2,0,0,384,0.3367,0 days 00:00:14,14.0,2025,4,3,Thursday,0,0,Low Performance
be1gQlmd_5c,#sugarcane_gabi,2023-02-27,59.0,685,1.9,,,0,0,15,0,1,46,0.4076,0 days 00:00:32,32.0,2023,2,27,Monday,0,0,Low Performance
7VqbeUcAw8E,Paro paro lilipad lipad #shortvideo,2023-08-08,16.0,679,1.47,,,0,0,3,0,2,41,0.1617,0 days 00:00:14,14.0,2023,8,8,Tuesday,0,0,Low Performance
k2fPjWkV5Ts,Rizal Monument through the Years,2023-09-27,22.0,677,1.62,,,0,0,9,0,1,835,2.5532,0 days 00:00:11,11.0,2023,9,27,Wednesday,0,0,Low Performance
KvahidxwmT4,‡¶â‡¶§‡ßç‡¶§‡¶∞‡¶™‡ßç‡¶∞‡¶¶‡ßá‡¶∂‡ßá‡¶∞ ‡¶Ü‡¶ñ‡ßá‡¶∞ ‡¶ï‡ßç‡¶∑‡ßá‡¶§ # Sugarcane Field # UP,2024-06-13,16.0,659,1.21,,,0,0,1,0,0,93,0.2324,0 days 00:00:09,9.0,2024,6,13,Thursday,0,0,Low Performance
aw5q19vxEHA,So. Sweeeettttt #fayeyoko #blanket #blanktheseries #top,2024-08-31,40.0,655,1.68,,,0,0,16,0,0,223,1.1045,0 days 00:00:19,19.0,2024,8,31,Saturday,0,0,Low Performance
DZTYvIkoFh0,Leonora #sugarcane #music #youtubeshorts,2025-04-13,61.0,649,2.31,,,0,0,11,9,0,940,2.3272,0 days 00:00:25,25.0,2025,4,13,Sunday,0,0,Low Performance
jGCrlJH9ho8,‡¥ö‡µÇ‡¥ü‡¥æ‡¥Ø‡¥æ‡¥≤‡µç‚Äç ‡¥®‡¥ø‡¥±‡¥Ç ‡¥Æ‡¥æ‡¥±‡µÅ‡¥®‡µç‡¥® ‡¥∏‡¥ø‡¥≤‡¥ø‡¥ï‡µç‡¥ï ‡¥ï‡µç‡¥∞‡¥ø‡¥∏‡µç‡¥±‡µç‡¥±‡µΩ. ‡¥à‡µº‡¥™‡µç‡¥™‡¥Ç ‡¥µ‡¥≤‡¥ø‡¥ö‡µç‡¥ö‡µÜ‡¥ü‡µÅ‡¥§‡µç‡¥§‡¥æ‡µΩ ‡¥µ‡µÄ‡¥£‡µç‡¥ü‡µÅ‡¥Ç ‡¥á‡¥µ ‡¥™‡¥¥‡¥Ø ‡¥®‡¥ø‡¥±‡¥Æ‡¥æ‡¥ï‡µÅ‡¥Ç.,2023-02-06,17.0,649,0.92,,,0,0,5,0,0,238,0.6541,0 days 00:00:09,9.0,2023,2,6,Monday,0,0,Low Performance
AceSgXBjiDg,#franseth lagi nila suot Ang couple necklace nilasan man Sila mag puntah#sethfedelin@FrancineCDiaz,2023-07-03,23.0,648,4.17,,,0,0,12,0,0,243,1.0947,0 days 00:00:18,18.0,2023,7,3,Monday,0,0,Low Performance
nEyxh-8VCTw,GEC_ART #leonora,2024-04-21,25.0,647,0.46,,,0,0,1,1,0,18,0.0245,0 days 00:00:15,15.0,2024,4,21,Sunday,0,0,Low Performance
rnqCSW2-49c,Ang ganda ganda ni colet #binicolet,2025-03-04,21.0,646,6.66,,,0,0,42,0,1,617,2.3885,0 days 00:00:14,14.0,2025,3,4,Tuesday,0,0,Low Performance
y9HpTPOSKmM,"Oh, ikaw ang pinakamagandang dalaga! | STREAM MARIA CLARA by SUGARCANE",2024-03-18,40.0,646,2.17,,,0,0,3,0,0,32,0.1322,0 days 00:00:15,15.0,2024,3,18,Monday,0,0,Low Performance
ZBo3UTX-E0Y,#pov : eme na sa MV ka ng Leonora #sugarcane #leonora,2024-12-15,48.0,641,0.62,,,0,0,11,0,1,516,2.6044,0 days 00:00:18,18.0,2024,12,15,Sunday,0,0,Low Performance
tQNRlb-su1k,Maria Clara monologue,2024-05-02,60.0,639,2.66,,,0,0,1,0,0,25,0.1582,0 days 00:00:22,22.0,2024,5,2,Thursday,0,0,Low Performance
f8j021aUTTk,Paalam Leonora - Sugarcane #dreamerlyricofficial #overlay #fyp„Ç∑„Çöviral #sugarcane #songlyrics,2025-06-19,33.0,622,0.32,,,0,0,0,0,0,33,0.085,0 days 00:00:28,28.0,2025,6,19,Thursday,0,0,Low Performance
p3w1NNqyjHI,thailand sir,2023-04-01,12.0,602,0.66,,,0,0,3,0,0,13,0.0275,0 days 00:00:07,7.0,2023,4,1,Saturday,0,0,Low Performance
